2026-06-08 12:46:31 DEBUG SQL:135 - 
    select
        we1_0.id,
        we1_0.address,
        we1_0.code,
        we1_0.created_at,
        we1_0.name,
        we1_0.status,
        we1_0.updated_at 
    from
        warehouses we1_0 
    where
        we1_0.id=?
2026-06-08 12:46:31 DEBUG SQL:135 - 
    select
        we1_0.id,
        we1_0.address,
        we1_0.code,
        we1_0.created_at,
        we1_0.name,
        we1_0.status,
        we1_0.updated_at 
    from
        warehouses we1_0 
    where
        we1_0.status=?
2026-06-08 12:46:31 DEBUG SQL:135 - 
    select
        mie1_0.id,
        mie1_0.cost_price,
        mie1_0.created_at,
        mie1_0.material_id,
        m1_0.id,
        m1_0.category_id,
        m1_0.code,
        m1_0.created_at,
        m1_0.low_stock_threshold,
        m1_0.name,
        m1_0.status,
        m1_0.thumbnail,
        m1_0.thumbnail_public_id,
        m1_0.unit,
        m1_0.updated_at,
        mie1_0.on_hand,
        mie1_0.reserved,
        mie1_0.updated_at,
        mie1_0.version,
        mie1_0.warehouse_id 
    from
        material_inventories mie1_0 
    join
        materials m1_0 
            on m1_0.id=mie1_0.material_id 
    where
        mie1_0.warehouse_id=? 
        and m1_0.status<>? 
        and mie1_0.on_hand>0
2026-06-08 12:46:31 INFO  JwtAuthenticationFilter:79 - ⬅️ Response: GET /api/admin/warehouses/dropdown - 200
2026-06-08 12:46:31 INFO  JwtAuthenticationFilter:79 - ⬅️ Response: GET /api/admin/stocktakes/warehouses/1/materials - 200
2026-06-08 12:46:45 INFO  JwtAuthenticationFilter:37 - ➡️ Request: GET /api/admin/warehouses/dropdown
2026-06-08 12:46:45 INFO  JwtAuthenticationFilter:37 - ➡️ Request: GET /api/admin/stocktakes/warehouses/1/materials
2026-06-08 12:46:45 DEBUG SQL:135 - 
    select
        ue1_0.id,
        ue1_0.activation_token,
        ue1_0.code,
        ue1_0.created_at,
        ue1_0.email,
        ue1_0.full_name,
        ue1_0.password,
        ue1_0.phone,
        ue1_0.provider,
        ue1_0.status,
        ue1_0.updated_at,
        ue1_0.user_image_url 
    from
        users ue1_0 
    where
        ue1_0.email=?
2026-06-08 12:46:45 DEBUG SQL:135 - 
    select
        ue1_0.id,
        ue1_0.activation_token,
        ue1_0.code,
        ue1_0.created_at,
        ue1_0.email,
        ue1_0.full_name,
        ue1_0.password,
        ue1_0.phone,
        ue1_0.provider,
        ue1_0.status,
        ue1_0.updated_at,
        ue1_0.user_image_url 
    from
        users ue1_0 
    where
        ue1_0.email=?
2026-06-08 12:46:45 DEBUG SQL:135 - 
    select
        r1_0.user_id,
        r1_1.id,
        r1_1.name,
        p1_0.role_id,
        p1_1.id,
        p1_1.description,
        p1_1.name 
    from
        users_roles r1_0 
    join
        roles r1_1 
            on r1_1.id=r1_0.role_id 
    left join
        roles_permissions p1_0 
            on r1_1.id=p1_0.role_id 
    left join
        permissions p1_1 
            on p1_1.id=p1_0.permission_id 
    where
        r1_0.user_id=?
2026-06-08 12:46:45 DEBUG SQL:135 - 
    select
        r1_0.user_id,
        r1_1.id,
        r1_1.name,
        p1_0.role_id,
        p1_1.id,
        p1_1.description,
        p1_1.name 
    from
        users_roles r1_0 
    join
        roles r1_1 
            on r1_1.id=r1_0.role_id 
    left join
        roles_permissions p1_0 
            on r1_1.id=p1_0.role_id 
    left join
        permissions p1_1 
            on p1_1.id=p1_0.permission_id 
    where
        r1_0.user_id=?
2026-06-08 12:46:45 DEBUG SQL:135 - 
    select
        we1_0.id,
        we1_0.address,
        we1_0.code,
        we1_0.created_at,
        we1_0.name,
        we1_0.status,
        we1_0.updated_at 
    from
        warehouses we1_0 
    where
        we1_0.id=?
2026-06-08 12:46:45 DEBUG SQL:135 - 
    select
        we1_0.id,
        we1_0.address,
        we1_0.code,
        we1_0.created_at,
        we1_0.name,
        we1_0.status,
        we1_0.updated_at 
    from
        warehouses we1_0 
    where
        we1_0.status=?
2026-06-08 12:46:45 DEBUG SQL:135 - 
    select
        mie1_0.id,
        mie1_0.cost_price,
        mie1_0.created_at,
        mie1_0.material_id,
        m1_0.id,
        m1_0.category_id,
        m1_0.code,
        m1_0.created_at,
        m1_0.low_stock_threshold,
        m1_0.name,
        m1_0.status,
        m1_0.thumbnail,
        m1_0.thumbnail_public_id,
        m1_0.unit,
        m1_0.updated_at,
        mie1_0.on_hand,
        mie1_0.reserved,
        mie1_0.updated_at,
        mie1_0.version,
        mie1_0.warehouse_id 
    from
        material_inventories mie1_0 
    join
        materials m1_0 
            on m1_0.id=mie1_0.material_id 
    where
        mie1_0.warehouse_id=? 
        and m1_0.status<>? 
        and mie1_0.on_hand>0
2026-06-08 12:46:45 INFO  JwtAuthenticationFilter:79 - ⬅️ Response: GET /api/admin/warehouses/dropdown - 200
2026-06-08 12:46:45 INFO  JwtAuthenticationFilter:79 - ⬅️ Response: GET /api/admin/stocktakes/warehouses/1/materials - 200
2026-06-08 12:47:17 INFO  JwtAuthenticationFilter:37 - ➡️ Request: GET /api/admin/warehouses/dropdown
2026-06-08 12:47:17 DEBUG SQL:135 - 
    select
        ue1_0.id,
        ue1_0.activation_token,
        ue1_0.code,
        ue1_0.created_at,
        ue1_0.email,
        ue1_0.full_name,
        ue1_0.password,
        ue1_0.phone,
        ue1_0.provider,
        ue1_0.status,
        ue1_0.updated_at,
        ue1_0.user_image_url 
    from
        users ue1_0 
    where
        ue1_0.email=?
2026-06-08 12:47:17 DEBUG SQL:135 - 
    select
        r1_0.user_id,
        r1_1.id,
        r1_1.name,
        p1_0.role_id,
        p1_1.id,
        p1_1.description,
        p1_1.name 
    from
        users_roles r1_0 
    join
        roles r1_1 
            on r1_1.id=r1_0.role_id 
    left join
        roles_permissions p1_0 
            on r1_1.id=p1_0.role_id 
    left join
        permissions p1_1 
            on p1_1.id=p1_0.permission_id 
    where
        r1_0.user_id=?
2026-06-08 12:47:17 DEBUG SQL:135 - 
    select
        we1_0.id,
        we1_0.address,
        we1_0.code,
        we1_0.created_at,
        we1_0.name,
        we1_0.status,
        we1_0.updated_at 
    from
        warehouses we1_0 
    where
        we1_0.status=?
2026-06-08 12:47:17 INFO  JwtAuthenticationFilter:79 - ⬅️ Response: GET /api/admin/warehouses/dropdown - 200
2026-06-08 12:47:17 INFO  JwtAuthenticationFilter:37 - ➡️ Request: GET /api/admin/warehouses/dropdown
2026-06-08 12:47:17 INFO  JwtAuthenticationFilter:37 - ➡️ Request: GET /api/admin/stocktakes/warehouses/1/materials
2026-06-08 12:47:17 DEBUG SQL:135 - 
    select
        ue1_0.id,
        ue1_0.activation_token,
        ue1_0.code,
        ue1_0.created_at,
        ue1_0.email,
        ue1_0.full_name,
        ue1_0.password,
        ue1_0.phone,
        ue1_0.provider,
        ue1_0.status,
        ue1_0.updated_at,
        ue1_0.user_image_url 
    from
        users ue1_0 
    where
        ue1_0.email=?
2026-06-08 12:47:17 DEBUG SQL:135 - 
    select
        ue1_0.id,
        ue1_0.activation_token,
        ue1_0.code,
        ue1_0.created_at,
        ue1_0.email,
        ue1_0.full_name,
        ue1_0.password,
        ue1_0.phone,
        ue1_0.provider,
        ue1_0.status,
        ue1_0.updated_at,
        ue1_0.user_image_url 
    from
        users ue1_0 
    where
        ue1_0.email=?
2026-06-08 12:47:17 DEBUG SQL:135 - 
    select
        r1_0.user_id,
        r1_1.id,
        r1_1.name,
        p1_0.role_id,
        p1_1.id,
        p1_1.description,
        p1_1.name 
    from
        users_roles r1_0 
    join
        roles r1_1 
            on r1_1.id=r1_0.role_id 
    left join
        roles_permissions p1_0 
            on r1_1.id=p1_0.role_id 
    left join
        permissions p1_1 
            on p1_1.id=p1_0.permission_id 
    where
        r1_0.user_id=?
2026-06-08 12:47:17 DEBUG SQL:135 - 
    select
        r1_0.user_id,
        r1_1.id,
        r1_1.name,
        p1_0.role_id,
        p1_1.id,
        p1_1.description,
        p1_1.name 
    from
        users_roles r1_0 
    join
        roles r1_1 
            on r1_1.id=r1_0.role_id 
    left join
        roles_permissions p1_0 
            on r1_1.id=p1_0.role_id 
    left join
        permissions p1_1 
            on p1_1.id=p1_0.permission_id 
    where
        r1_0.user_id=?
2026-06-08 12:47:17 DEBUG SQL:135 - 
    select
        we1_0.id,
        we1_0.address,
        we1_0.code,
        we1_0.created_at,
        we1_0.name,
        we1_0.status,
        we1_0.updated_at 
    from
        warehouses we1_0 
    where
        we1_0.id=?
2026-06-08 12:47:17 DEBUG SQL:135 - 
    select
        we1_0.id,
        we1_0.address,
        we1_0.code,
        we1_0.created_at,
        we1_0.name,
        we1_0.status,
        we1_0.updated_at 
    from
        warehouses we1_0 
    where
        we1_0.status=?
2026-06-08 12:47:17 DEBUG SQL:135 - 
    select
        mie1_0.id,
        mie1_0.cost_price,
        mie1_0.created_at,
        mie1_0.material_id,
        m1_0.id,
        m1_0.category_id,
        m1_0.code,
        m1_0.created_at,
        m1_0.low_stock_threshold,
        m1_0.name,
        m1_0.status,
        m1_0.thumbnail,
        m1_0.thumbnail_public_id,
        m1_0.unit,
        m1_0.updated_at,
        mie1_0.on_hand,
        mie1_0.reserved,
        mie1_0.updated_at,
        mie1_0.version,
        mie1_0.warehouse_id 
    from
        material_inventories mie1_0 
    join
        materials m1_0 
            on m1_0.id=mie1_0.material_id 
    where
        mie1_0.warehouse_id=? 
        and m1_0.status<>? 
        and mie1_0.on_hand>0
2026-06-08 12:47:17 INFO  JwtAuthenticationFilter:79 - ⬅️ Response: GET /api/admin/warehouses/dropdown - 200
2026-06-08 12:47:17 INFO  JwtAuthenticationFilter:79 - ⬅️ Response: GET /api/admin/stocktakes/warehouses/1/materials - 200
2026-06-08 12:47:36 INFO  JwtAuthenticationFilter:37 - ➡️ Request: GET /api/admin/warehouses/dropdown
2026-06-08 12:47:36 DEBUG SQL:135 - 
    select
        ue1_0.id,
        ue1_0.activation_token,
        ue1_0.code,
        ue1_0.created_at,
        ue1_0.email,
        ue1_0.full_name,
        ue1_0.password,
        ue1_0.phone,
        ue1_0.provider,
        ue1_0.status,
        ue1_0.updated_at,
        ue1_0.user_image_url 
    from
        users ue1_0 
    where
        ue1_0.email=?
2026-06-08 12:47:36 DEBUG SQL:135 - 
    select
        r1_0.user_id,
        r1_1.id,
        r1_1.name,
        p1_0.role_id,
        p1_1.id,
        p1_1.description,
        p1_1.name 
    from
        users_roles r1_0 
    join
        roles r1_1 
            on r1_1.id=r1_0.role_id 
    left join
        roles_permissions p1_0 
            on r1_1.id=p1_0.role_id 
    left join
        permissions p1_1 
            on p1_1.id=p1_0.permission_id 
    where
        r1_0.user_id=?
2026-06-08 12:47:36 DEBUG SQL:135 - 
    select
        we1_0.id,
        we1_0.address,
        we1_0.code,
        we1_0.created_at,
        we1_0.name,
        we1_0.status,
        we1_0.updated_at 
    from
        warehouses we1_0 
    where
        we1_0.status=?
2026-06-08 12:47:36 INFO  JwtAuthenticationFilter:79 - ⬅️ Response: GET /api/admin/warehouses/dropdown - 200
2026-06-08 12:48:00 INFO  JwtAuthenticationFilter:37 - ➡️ Request: GET /api/admin/warehouses/dropdown
2026-06-08 12:48:00 DEBUG SQL:135 - 
    select
        ue1_0.id,
        ue1_0.activation_token,
        ue1_0.code,
        ue1_0.created_at,
        ue1_0.email,
        ue1_0.full_name,
        ue1_0.password,
        ue1_0.phone,
        ue1_0.provider,
        ue1_0.status,
        ue1_0.updated_at,
        ue1_0.user_image_url 
    from
        users ue1_0 
    where
        ue1_0.email=?
2026-06-08 12:48:00 DEBUG SQL:135 - 
    select
        r1_0.user_id,
        r1_1.id,
        r1_1.name,
        p1_0.role_id,
        p1_1.id,
        p1_1.description,
        p1_1.name 
    from
        users_roles r1_0 
    join
        roles r1_1 
            on r1_1.id=r1_0.role_id 
    left join
        roles_permissions p1_0 
            on r1_1.id=p1_0.role_id 
    left join
        permissions p1_1 
            on p1_1.id=p1_0.permission_id 
    where
        r1_0.user_id=?
2026-06-08 12:48:00 DEBUG SQL:135 - 
    select
        we1_0.id,
        we1_0.address,
        we1_0.code,
        we1_0.created_at,
        we1_0.name,
        we1_0.status,
        we1_0.updated_at 
    from
        warehouses we1_0 
    where
        we1_0.status=?
2026-06-08 12:48:00 INFO  JwtAuthenticationFilter:79 - ⬅️ Response: GET /api/admin/warehouses/dropdown - 200
2026-06-08 12:48:01 INFO  JwtAuthenticationFilter:37 - ➡️ Request: GET /api/admin/warehouses/dropdown
2026-06-08 12:48:01 INFO  JwtAuthenticationFilter:37 - ➡️ Request: GET /api/admin/stocktakes/warehouses/1/materials
2026-06-08 12:48:01 DEBUG SQL:135 - 
    select
        ue1_0.id,
        ue1_0.activation_token,
        ue1_0.code,
        ue1_0.created_at,
        ue1_0.email,
        ue1_0.full_name,
        ue1_0.password,
        ue1_0.phone,
        ue1_0.provider,
        ue1_0.status,
        ue1_0.updated_at,
        ue1_0.user_image_url 
    from
        users ue1_0 
    where
        ue1_0.email=?
2026-06-08 12:48:01 DEBUG SQL:135 - 
    select
        ue1_0.id,
        ue1_0.activation_token,
        ue1_0.code,
        ue1_0.created_at,
        ue1_0.email,
        ue1_0.full_name,
        ue1_0.password,
        ue1_0.phone,
        ue1_0.provider,
        ue1_0.status,
        ue1_0.updated_at,
        ue1_0.user_image_url 
    from
        users ue1_0 
    where
        ue1_0.email=?
2026-06-08 12:48:01 DEBUG SQL:135 - 
    select
        r1_0.user_id,
        r1_1.id,
        r1_1.name,
        p1_0.role_id,
        p1_1.id,
        p1_1.description,
        p1_1.name 
    from
        users_roles r1_0 
    join
        roles r1_1 
            on r1_1.id=r1_0.role_id 
    left join
        roles_permissions p1_0 
            on r1_1.id=p1_0.role_id 
    left join
        permissions p1_1 
            on p1_1.id=p1_0.permission_id 
    where
        r1_0.user_id=?
2026-06-08 12:48:01 DEBUG SQL:135 - 
    select
        r1_0.user_id,
        r1_1.id,
        r1_1.name,
        p1_0.role_id,
        p1_1.id,
        p1_1.description,
        p1_1.name 
    from
        users_roles r1_0 
    join
        roles r1_1 
            on r1_1.id=r1_0.role_id 
    left join
        roles_permissions p1_0 
            on r1_1.id=p1_0.role_id 
    left join
        permissions p1_1 
            on p1_1.id=p1_0.permission_id 
    where
        r1_0.user_id=?
2026-06-08 12:48:01 DEBUG SQL:135 - 
    select
        we1_0.id,
        we1_0.address,
        we1_0.code,
        we1_0.created_at,
        we1_0.name,
        we1_0.status,
        we1_0.updated_at 
    from
        warehouses we1_0 
    where
        we1_0.status=?
2026-06-08 12:48:01 DEBUG SQL:135 - 
    select
        we1_0.id,
        we1_0.address,
        we1_0.code,
        we1_0.created_at,
        we1_0.name,
        we1_0.status,
        we1_0.updated_at 
    from
        warehouses we1_0 
    where
        we1_0.id=?
2026-06-08 12:48:01 DEBUG SQL:135 - 
    select
        mie1_0.id,
        mie1_0.cost_price,
        mie1_0.created_at,
        mie1_0.material_id,
        m1_0.id,
        m1_0.category_id,
        m1_0.code,
        m1_0.created_at,
        m1_0.low_stock_threshold,
        m1_0.name,
        m1_0.status,
        m1_0.thumbnail,
        m1_0.thumbnail_public_id,
        m1_0.unit,
        m1_0.updated_at,
        mie1_0.on_hand,
        mie1_0.reserved,
        mie1_0.updated_at,
        mie1_0.version,
        mie1_0.warehouse_id 
    from
        material_inventories mie1_0 
    join
        materials m1_0 
            on m1_0.id=mie1_0.material_id 
    where
        mie1_0.warehouse_id=? 
        and m1_0.status<>? 
        and mie1_0.on_hand>0
2026-06-08 12:48:01 INFO  JwtAuthenticationFilter:79 - ⬅️ Response: GET /api/admin/warehouses/dropdown - 200
2026-06-08 12:48:01 INFO  JwtAuthenticationFilter:79 - ⬅️ Response: GET /api/admin/stocktakes/warehouses/1/materials - 200
2026-06-08 12:50:39 INFO  JwtAuthenticationFilter:37 - ➡️ Request: GET /api/admin/stocktakes/warehouses/1/materials
2026-06-08 12:50:39 DEBUG SQL:135 - 
    select
        ue1_0.id,
        ue1_0.activation_token,
        ue1_0.code,
        ue1_0.created_at,
        ue1_0.email,
        ue1_0.full_name,
        ue1_0.password,
        ue1_0.phone,
        ue1_0.provider,
        ue1_0.status,
        ue1_0.updated_at,
        ue1_0.user_image_url 
    from
        users ue1_0 
    where
        ue1_0.email=?
2026-06-08 12:50:39 DEBUG SQL:135 - 
    select
        r1_0.user_id,
        r1_1.id,
        r1_1.name,
        p1_0.role_id,
        p1_1.id,
        p1_1.description,
        p1_1.name 
    from
        users_roles r1_0 
    join
        roles r1_1 
            on r1_1.id=r1_0.role_id 
    left join
        roles_permissions p1_0 
            on r1_1.id=p1_0.role_id 
    left join
        permissions p1_1 
            on p1_1.id=p1_0.permission_id 
    where
        r1_0.user_id=?
2026-06-08 12:50:39 DEBUG SQL:135 - 
    select
        we1_0.id,
        we1_0.address,
        we1_0.code,
        we1_0.created_at,
        we1_0.name,
        we1_0.status,
        we1_0.updated_at 
    from
        warehouses we1_0 
    where
        we1_0.id=?
2026-06-08 12:50:39 DEBUG SQL:135 - 
    select
        mie1_0.id,
        mie1_0.cost_price,
        mie1_0.created_at,
        mie1_0.material_id,
        m1_0.id,
        m1_0.category_id,
        m1_0.code,
        m1_0.created_at,
        m1_0.low_stock_threshold,
        m1_0.name,
        m1_0.status,
        m1_0.thumbnail,
        m1_0.thumbnail_public_id,
        m1_0.unit,
        m1_0.updated_at,
        mie1_0.on_hand,
        mie1_0.reserved,
        mie1_0.updated_at,
        mie1_0.version,
        mie1_0.warehouse_id 
    from
        material_inventories mie1_0 
    join
        materials m1_0 
            on m1_0.id=mie1_0.material_id 
    where
        mie1_0.warehouse_id=? 
        and m1_0.status<>? 
        and mie1_0.on_hand>0
2026-06-08 12:50:39 INFO  JwtAuthenticationFilter:79 - ⬅️ Response: GET /api/admin/stocktakes/warehouses/1/materials - 200
2026-06-08 12:54:11 INFO  JwtAuthenticationFilter:37 - ➡️ Request: GET /api/admin/stocktakes/warehouses/1/materials
2026-06-08 12:54:11 DEBUG SQL:135 - 
    select
        ue1_0.id,
        ue1_0.activation_token,
        ue1_0.code,
        ue1_0.created_at,
        ue1_0.email,
        ue1_0.full_name,
        ue1_0.password,
        ue1_0.phone,
        ue1_0.provider,
        ue1_0.status,
        ue1_0.updated_at,
        ue1_0.user_image_url 
    from
        users ue1_0 
    where
        ue1_0.email=?
2026-06-08 12:54:11 DEBUG SQL:135 - 
    select
        r1_0.user_id,
        r1_1.id,
        r1_1.name,
        p1_0.role_id,
        p1_1.id,
        p1_1.description,
        p1_1.name 
    from
        users_roles r1_0 
    join
        roles r1_1 
            on r1_1.id=r1_0.role_id 
    left join
        roles_permissions p1_0 
            on r1_1.id=p1_0.role_id 
    left join
        permissions p1_1 
            on p1_1.id=p1_0.permission_id 
    where
        r1_0.user_id=?
2026-06-08 12:54:11 DEBUG SQL:135 - 
    select
        we1_0.id,
        we1_0.address,
        we1_0.code,
        we1_0.created_at,
        we1_0.name,
        we1_0.status,
        we1_0.updated_at 
    from
        warehouses we1_0 
    where
        we1_0.id=?
2026-06-08 12:54:11 DEBUG SQL:135 - 
    select
        mie1_0.id,
        mie1_0.cost_price,
        mie1_0.created_at,
        mie1_0.material_id,
        m1_0.id,
        m1_0.category_id,
        m1_0.code,
        m1_0.created_at,
        m1_0.low_stock_threshold,
        m1_0.name,
        m1_0.status,
        m1_0.thumbnail,
        m1_0.thumbnail_public_id,
        m1_0.unit,
        m1_0.updated_at,
        mie1_0.on_hand,
        mie1_0.reserved,
        mie1_0.updated_at,
        mie1_0.version,
        mie1_0.warehouse_id 
    from
        material_inventories mie1_0 
    join
        materials m1_0 
            on m1_0.id=mie1_0.material_id 
    where
        mie1_0.warehouse_id=? 
        and m1_0.status<>? 
        and mie1_0.on_hand>0
2026-06-08 12:54:11 INFO  JwtAuthenticationFilter:79 - ⬅️ Response: GET /api/admin/stocktakes/warehouses/1/materials - 200
2026-06-08 12:54:17 INFO  JwtAuthenticationFilter:37 - ➡️ Request: GET /api/admin/stocktakes/warehouses/1/materials
2026-06-08 12:54:17 DEBUG SQL:135 - 
    select
        ue1_0.id,
        ue1_0.activation_token,
        ue1_0.code,
        ue1_0.created_at,
        ue1_0.email,
        ue1_0.full_name,
        ue1_0.password,
        ue1_0.phone,
        ue1_0.provider,
        ue1_0.status,
        ue1_0.updated_at,
        ue1_0.user_image_url 
    from
        users ue1_0 
    where
        ue1_0.email=?
2026-06-08 12:54:17 DEBUG SQL:135 - 
    select
        r1_0.user_id,
        r1_1.id,
        r1_1.name,
        p1_0.role_id,
        p1_1.id,
        p1_1.description,
        p1_1.name 
    from
        users_roles r1_0 
    join
        roles r1_1 
            on r1_1.id=r1_0.role_id 
    left join
        roles_permissions p1_0 
            on r1_1.id=p1_0.role_id 
    left join
        permissions p1_1 
            on p1_1.id=p1_0.permission_id 
    where
        r1_0.user_id=?
2026-06-08 12:54:17 DEBUG SQL:135 - 
    select
        we1_0.id,
        we1_0.address,
        we1_0.code,
        we1_0.created_at,
        we1_0.name,
        we1_0.status,
        we1_0.updated_at 
    from
        warehouses we1_0 
    where
        we1_0.id=?
2026-06-08 12:54:17 DEBUG SQL:135 - 
    select
        mie1_0.id,
        mie1_0.cost_price,
        mie1_0.created_at,
        mie1_0.material_id,
        m1_0.id,
        m1_0.category_id,
        m1_0.code,
        m1_0.created_at,
        m1_0.low_stock_threshold,
        m1_0.name,
        m1_0.status,
        m1_0.thumbnail,
        m1_0.thumbnail_public_id,
        m1_0.unit,
        m1_0.updated_at,
        mie1_0.on_hand,
        mie1_0.reserved,
        mie1_0.updated_at,
        mie1_0.version,
        mie1_0.warehouse_id 
    from
        material_inventories mie1_0 
    join
        materials m1_0 
            on m1_0.id=mie1_0.material_id 
    where
        mie1_0.warehouse_id=? 
        and m1_0.status<>? 
        and mie1_0.on_hand>0
2026-06-08 12:54:17 INFO  JwtAuthenticationFilter:79 - ⬅️ Response: GET /api/admin/stocktakes/warehouses/1/materials - 200
2026-06-08 12:54:47 INFO  JwtAuthenticationFilter:37 - ➡️ Request: GET /api/admin/stocktakes/warehouses/1/materials
2026-06-08 12:54:47 DEBUG SQL:135 - 
    select
        ue1_0.id,
        ue1_0.activation_token,
        ue1_0.code,
        ue1_0.created_at,
        ue1_0.email,
        ue1_0.full_name,
        ue1_0.password,
        ue1_0.phone,
        ue1_0.provider,
        ue1_0.status,
        ue1_0.updated_at,
        ue1_0.user_image_url 
    from
        users ue1_0 
    where
        ue1_0.email=?
2026-06-08 12:54:47 DEBUG SQL:135 - 
    select
        r1_0.user_id,
        r1_1.id,
        r1_1.name,
        p1_0.role_id,
        p1_1.id,
        p1_1.description,
        p1_1.name 
    from
        users_roles r1_0 
    join
        roles r1_1 
            on r1_1.id=r1_0.role_id 
    left join
        roles_permissions p1_0 
            on r1_1.id=p1_0.role_id 
    left join
        permissions p1_1 
            on p1_1.id=p1_0.permission_id 
    where
        r1_0.user_id=?
2026-06-08 12:54:47 DEBUG SQL:135 - 
    select
        we1_0.id,
        we1_0.address,
        we1_0.code,
        we1_0.created_at,
        we1_0.name,
        we1_0.status,
        we1_0.updated_at 
    from
        warehouses we1_0 
    where
        we1_0.id=?
2026-06-08 12:54:47 DEBUG SQL:135 - 
    select
        mie1_0.id,
        mie1_0.cost_price,
        mie1_0.created_at,
        mie1_0.material_id,
        m1_0.id,
        m1_0.category_id,
        m1_0.code,
        m1_0.created_at,
        m1_0.low_stock_threshold,
        m1_0.name,
        m1_0.status,
        m1_0.thumbnail,
        m1_0.thumbnail_public_id,
        m1_0.unit,
        m1_0.updated_at,
        mie1_0.on_hand,
        mie1_0.reserved,
        mie1_0.updated_at,
        mie1_0.version,
        mie1_0.warehouse_id 
    from
        material_inventories mie1_0 
    join
        materials m1_0 
            on m1_0.id=mie1_0.material_id 
    where
        mie1_0.warehouse_id=? 
        and m1_0.status<>? 
        and mie1_0.on_hand>0
2026-06-08 12:54:47 INFO  JwtAuthenticationFilter:79 - ⬅️ Response: GET /api/admin/stocktakes/warehouses/1/materials - 200
2026-06-08 12:57:25 INFO  JwtAuthenticationFilter:37 - ➡️ Request: GET /api/admin/stocktakes/warehouses/1/materials
2026-06-08 12:57:25 DEBUG SQL:135 - 
    select
        ue1_0.id,
        ue1_0.activation_token,
        ue1_0.code,
        ue1_0.created_at,
        ue1_0.email,
        ue1_0.full_name,
        ue1_0.password,
        ue1_0.phone,
        ue1_0.provider,
        ue1_0.status,
        ue1_0.updated_at,
        ue1_0.user_image_url 
    from
        users ue1_0 
    where
        ue1_0.email=?
2026-06-08 12:57:25 DEBUG SQL:135 - 
    select
        r1_0.user_id,
        r1_1.id,
        r1_1.name,
        p1_0.role_id,
        p1_1.id,
        p1_1.description,
        p1_1.name 
    from
        users_roles r1_0 
    join
        roles r1_1 
            on r1_1.id=r1_0.role_id 
    left join
        roles_permissions p1_0 
            on r1_1.id=p1_0.role_id 
    left join
        permissions p1_1 
            on p1_1.id=p1_0.permission_id 
    where
        r1_0.user_id=?
2026-06-08 12:57:25 DEBUG SQL:135 - 
    select
        we1_0.id,
        we1_0.address,
        we1_0.code,
        we1_0.created_at,
        we1_0.name,
        we1_0.status,
        we1_0.updated_at 
    from
        warehouses we1_0 
    where
        we1_0.id=?
2026-06-08 12:57:25 DEBUG SQL:135 - 
    select
        mie1_0.id,
        mie1_0.cost_price,
        mie1_0.created_at,
        mie1_0.material_id,
        m1_0.id,
        m1_0.category_id,
        m1_0.code,
        m1_0.created_at,
        m1_0.low_stock_threshold,
        m1_0.name,
        m1_0.status,
        m1_0.thumbnail,
        m1_0.thumbnail_public_id,
        m1_0.unit,
        m1_0.updated_at,
        mie1_0.on_hand,
        mie1_0.reserved,
        mie1_0.updated_at,
        mie1_0.version,
        mie1_0.warehouse_id 
    from
        material_inventories mie1_0 
    join
        materials m1_0 
            on m1_0.id=mie1_0.material_id 
    where
        mie1_0.warehouse_id=? 
        and m1_0.status<>? 
        and mie1_0.on_hand>0
2026-06-08 12:57:25 INFO  JwtAuthenticationFilter:79 - ⬅️ Response: GET /api/admin/stocktakes/warehouses/1/materials - 200
2026-06-08 12:57:38 INFO  JwtAuthenticationFilter:37 - ➡️ Request: GET /api/admin/stocktakes/warehouses/1/materials
2026-06-08 12:57:38 DEBUG SQL:135 - 
    select
        ue1_0.id,
        ue1_0.activation_token,
        ue1_0.code,
        ue1_0.created_at,
        ue1_0.email,
        ue1_0.full_name,
        ue1_0.password,
        ue1_0.phone,
        ue1_0.provider,
        ue1_0.status,
        ue1_0.updated_at,
        ue1_0.user_image_url 
    from
        users ue1_0 
    where
        ue1_0.email=?
2026-06-08 12:57:38 DEBUG SQL:135 - 
    select
        r1_0.user_id,
        r1_1.id,
        r1_1.name,
        p1_0.role_id,
        p1_1.id,
        p1_1.description,
        p1_1.name 
    from
        users_roles r1_0 
    join
        roles r1_1 
            on r1_1.id=r1_0.role_id 
    left join
        roles_permissions p1_0 
            on r1_1.id=p1_0.role_id 
    left join
        permissions p1_1 
            on p1_1.id=p1_0.permission_id 
    where
        r1_0.user_id=?
2026-06-08 12:57:38 DEBUG SQL:135 - 
    select
        we1_0.id,
        we1_0.address,
        we1_0.code,
        we1_0.created_at,
        we1_0.name,
        we1_0.status,
        we1_0.updated_at 
    from
        warehouses we1_0 
    where
        we1_0.id=?
2026-06-08 12:57:38 DEBUG SQL:135 - 
    select
        mie1_0.id,
        mie1_0.cost_price,
        mie1_0.created_at,
        mie1_0.material_id,
        m1_0.id,
        m1_0.category_id,
        m1_0.code,
        m1_0.created_at,
        m1_0.low_stock_threshold,
        m1_0.name,
        m1_0.status,
        m1_0.thumbnail,
        m1_0.thumbnail_public_id,
        m1_0.unit,
        m1_0.updated_at,
        mie1_0.on_hand,
        mie1_0.reserved,
        mie1_0.updated_at,
        mie1_0.version,
        mie1_0.warehouse_id 
    from
        material_inventories mie1_0 
    join
        materials m1_0 
            on m1_0.id=mie1_0.material_id 
    where
        mie1_0.warehouse_id=? 
        and m1_0.status<>? 
        and mie1_0.on_hand>0
2026-06-08 12:57:38 INFO  JwtAuthenticationFilter:79 - ⬅️ Response: GET /api/admin/stocktakes/warehouses/1/materials - 200
2026-06-08 12:57:44 INFO  JwtAuthenticationFilter:37 - ➡️ Request: GET /api/admin/stocktakes/warehouses/1/materials
2026-06-08 12:57:44 DEBUG SQL:135 - 
    select
        ue1_0.id,
        ue1_0.activation_token,
        ue1_0.code,
        ue1_0.created_at,
        ue1_0.email,
        ue1_0.full_name,
        ue1_0.password,
        ue1_0.phone,
        ue1_0.provider,
        ue1_0.status,
        ue1_0.updated_at,
        ue1_0.user_image_url 
    from
        users ue1_0 
    where
        ue1_0.email=?
2026-06-08 12:57:44 DEBUG SQL:135 - 
    select
        r1_0.user_id,
        r1_1.id,
        r1_1.name,
        p1_0.role_id,
        p1_1.id,
        p1_1.description,
        p1_1.name 
    from
        users_roles r1_0 
    join
        roles r1_1 
            on r1_1.id=r1_0.role_id 
    left join
        roles_permissions p1_0 
            on r1_1.id=p1_0.role_id 
    left join
        permissions p1_1 
            on p1_1.id=p1_0.permission_id 
    where
        r1_0.user_id=?
2026-06-08 12:57:44 DEBUG SQL:135 - 
    select
        we1_0.id,
        we1_0.address,
        we1_0.code,
        we1_0.created_at,
        we1_0.name,
        we1_0.status,
        we1_0.updated_at 
    from
        warehouses we1_0 
    where
        we1_0.id=?
2026-06-08 12:57:44 DEBUG SQL:135 - 
    select
        mie1_0.id,
        mie1_0.cost_price,
        mie1_0.created_at,
        mie1_0.material_id,
        m1_0.id,
        m1_0.category_id,
        m1_0.code,
        m1_0.created_at,
        m1_0.low_stock_threshold,
        m1_0.name,
        m1_0.status,
        m1_0.thumbnail,
        m1_0.thumbnail_public_id,
        m1_0.unit,
        m1_0.updated_at,
        mie1_0.on_hand,
        mie1_0.reserved,
        mie1_0.updated_at,
        mie1_0.version,
        mie1_0.warehouse_id 
    from
        material_inventories mie1_0 
    join
        materials m1_0 
            on m1_0.id=mie1_0.material_id 
    where
        mie1_0.warehouse_id=? 
        and m1_0.status<>? 
        and mie1_0.on_hand>0
2026-06-08 12:57:44 INFO  JwtAuthenticationFilter:79 - ⬅️ Response: GET /api/admin/stocktakes/warehouses/1/materials - 200
2026-06-08 12:57:54 INFO  JwtAuthenticationFilter:37 - ➡️ Request: GET /api/admin/stocktakes/warehouses/1/materials
2026-06-08 12:57:54 DEBUG SQL:135 - 
    select
        ue1_0.id,
        ue1_0.activation_token,
        ue1_0.code,
        ue1_0.created_at,
        ue1_0.email,
        ue1_0.full_name,
        ue1_0.password,
        ue1_0.phone,
        ue1_0.provider,
        ue1_0.status,
        ue1_0.updated_at,
        ue1_0.user_image_url 
    from
        users ue1_0 
    where
        ue1_0.email=?
2026-06-08 12:57:54 DEBUG SQL:135 - 
    select
        r1_0.user_id,
        r1_1.id,
        r1_1.name,
        p1_0.role_id,
        p1_1.id,
        p1_1.description,
        p1_1.name 
    from
        users_roles r1_0 
    join
        roles r1_1 
            on r1_1.id=r1_0.role_id 
    left join
        roles_permissions p1_0 
            on r1_1.id=p1_0.role_id 
    left join
        permissions p1_1 
            on p1_1.id=p1_0.permission_id 
    where
        r1_0.user_id=?
2026-06-08 12:57:54 DEBUG SQL:135 - 
    select
        we1_0.id,
        we1_0.address,
        we1_0.code,
        we1_0.created_at,
        we1_0.name,
        we1_0.status,
        we1_0.updated_at 
    from
        warehouses we1_0 
    where
        we1_0.id=?
2026-06-08 12:57:54 DEBUG SQL:135 - 
    select
        mie1_0.id,
        mie1_0.cost_price,
        mie1_0.created_at,
        mie1_0.material_id,
        m1_0.id,
        m1_0.category_id,
        m1_0.code,
        m1_0.created_at,
        m1_0.low_stock_threshold,
        m1_0.name,
        m1_0.status,
        m1_0.thumbnail,
        m1_0.thumbnail_public_id,
        m1_0.unit,
        m1_0.updated_at,
        mie1_0.on_hand,
        mie1_0.reserved,
        mie1_0.updated_at,
        mie1_0.version,
        mie1_0.warehouse_id 
    from
        material_inventories mie1_0 
    join
        materials m1_0 
            on m1_0.id=mie1_0.material_id 
    where
        mie1_0.warehouse_id=? 
        and m1_0.status<>? 
        and mie1_0.on_hand>0
2026-06-08 12:57:54 INFO  JwtAuthenticationFilter:79 - ⬅️ Response: GET /api/admin/stocktakes/warehouses/1/materials - 200
2026-06-08 12:58:10 INFO  JwtAuthenticationFilter:37 - ➡️ Request: GET /api/admin/stocktakes/warehouses/1/materials
2026-06-08 12:58:10 DEBUG SQL:135 - 
    select
        ue1_0.id,
        ue1_0.activation_token,
        ue1_0.code,
        ue1_0.created_at,
        ue1_0.email,
        ue1_0.full_name,
        ue1_0.password,
        ue1_0.phone,
        ue1_0.provider,
        ue1_0.status,
        ue1_0.updated_at,
        ue1_0.user_image_url 
    from
        users ue1_0 
    where
        ue1_0.email=?
2026-06-08 12:58:10 DEBUG SQL:135 - 
    select
        r1_0.user_id,
        r1_1.id,
        r1_1.name,
        p1_0.role_id,
        p1_1.id,
        p1_1.description,
        p1_1.name 
    from
        users_roles r1_0 
    join
        roles r1_1 
            on r1_1.id=r1_0.role_id 
    left join
        roles_permissions p1_0 
            on r1_1.id=p1_0.role_id 
    left join
        permissions p1_1 
            on p1_1.id=p1_0.permission_id 
    where
        r1_0.user_id=?
2026-06-08 12:58:10 DEBUG SQL:135 - 
    select
        we1_0.id,
        we1_0.address,
        we1_0.code,
        we1_0.created_at,
        we1_0.name,
        we1_0.status,
        we1_0.updated_at 
    from
        warehouses we1_0 
    where
        we1_0.id=?
2026-06-08 12:58:10 DEBUG SQL:135 - 
    select
        mie1_0.id,
        mie1_0.cost_price,
        mie1_0.created_at,
        mie1_0.material_id,
        m1_0.id,
        m1_0.category_id,
        m1_0.code,
        m1_0.created_at,
        m1_0.low_stock_threshold,
        m1_0.name,
        m1_0.status,
        m1_0.thumbnail,
        m1_0.thumbnail_public_id,
        m1_0.unit,
        m1_0.updated_at,
        mie1_0.on_hand,
        mie1_0.reserved,
        mie1_0.updated_at,
        mie1_0.version,
        mie1_0.warehouse_id 
    from
        material_inventories mie1_0 
    join
        materials m1_0 
            on m1_0.id=mie1_0.material_id 
    where
        mie1_0.warehouse_id=? 
        and m1_0.status<>? 
        and mie1_0.on_hand>0
2026-06-08 12:58:10 INFO  JwtAuthenticationFilter:79 - ⬅️ Response: GET /api/admin/stocktakes/warehouses/1/materials - 200
2026-06-08 12:58:14 INFO  JwtAuthenticationFilter:37 - ➡️ Request: GET /api/admin/stocktakes/warehouses/1/materials
2026-06-08 12:58:14 INFO  JwtAuthenticationFilter:37 - ➡️ Request: GET /api/admin/warehouses/dropdown
2026-06-08 12:58:14 DEBUG SQL:135 - 
    select
        ue1_0.id,
        ue1_0.activation_token,
        ue1_0.code,
        ue1_0.created_at,
        ue1_0.email,
        ue1_0.full_name,
        ue1_0.password,
        ue1_0.phone,
        ue1_0.provider,
        ue1_0.status,
        ue1_0.updated_at,
        ue1_0.user_image_url 
    from
        users ue1_0 
    where
        ue1_0.email=?
2026-06-08 12:58:14 INFO  JwtAuthenticationFilter:37 - ➡️ Request: GET /api/auth/account-info
2026-06-08 12:58:14 DEBUG SQL:135 - 
    select
        ue1_0.id,
        ue1_0.activation_token,
        ue1_0.code,
        ue1_0.created_at,
        ue1_0.email,
        ue1_0.full_name,
        ue1_0.password,
        ue1_0.phone,
        ue1_0.provider,
        ue1_0.status,
        ue1_0.updated_at,
        ue1_0.user_image_url 
    from
        users ue1_0 
    where
        ue1_0.email=?
2026-06-08 12:58:14 DEBUG SQL:135 - 
    select
        ue1_0.id,
        ue1_0.activation_token,
        ue1_0.code,
        ue1_0.created_at,
        ue1_0.email,
        ue1_0.full_name,
        ue1_0.password,
        ue1_0.phone,
        ue1_0.provider,
        ue1_0.status,
        ue1_0.updated_at,
        ue1_0.user_image_url 
    from
        users ue1_0 
    where
        ue1_0.email=?
2026-06-08 12:58:14 DEBUG SQL:135 - 
    select
        r1_0.user_id,
        r1_1.id,
        r1_1.name,
        p1_0.role_id,
        p1_1.id,
        p1_1.description,
        p1_1.name 
    from
        users_roles r1_0 
    join
        roles r1_1 
            on r1_1.id=r1_0.role_id 
    left join
        roles_permissions p1_0 
            on r1_1.id=p1_0.role_id 
    left join
        permissions p1_1 
            on p1_1.id=p1_0.permission_id 
    where
        r1_0.user_id=?
2026-06-08 12:58:14 DEBUG SQL:135 - 
    select
        r1_0.user_id,
        r1_1.id,
        r1_1.name,
        p1_0.role_id,
        p1_1.id,
        p1_1.description,
        p1_1.name 
    from
        users_roles r1_0 
    join
        roles r1_1 
            on r1_1.id=r1_0.role_id 
    left join
        roles_permissions p1_0 
            on r1_1.id=p1_0.role_id 
    left join
        permissions p1_1 
            on p1_1.id=p1_0.permission_id 
    where
        r1_0.user_id=?
2026-06-08 12:58:14 DEBUG SQL:135 - 
    select
        r1_0.user_id,
        r1_1.id,
        r1_1.name,
        p1_0.role_id,
        p1_1.id,
        p1_1.description,
        p1_1.name 
    from
        users_roles r1_0 
    join
        roles r1_1 
            on r1_1.id=r1_0.role_id 
    left join
        roles_permissions p1_0 
            on r1_1.id=p1_0.role_id 
    left join
        permissions p1_1 
            on p1_1.id=p1_0.permission_id 
    where
        r1_0.user_id=?
2026-06-08 12:58:14 DEBUG SQL:135 - 
    select
        we1_0.id,
        we1_0.address,
        we1_0.code,
        we1_0.created_at,
        we1_0.name,
        we1_0.status,
        we1_0.updated_at 
    from
        warehouses we1_0 
    where
        we1_0.id=?
2026-06-08 12:58:14 INFO  JwtAuthenticationFilter:79 - ⬅️ Response: GET /api/auth/account-info - 200
2026-06-08 12:58:14 DEBUG SQL:135 - 
    select
        we1_0.id,
        we1_0.address,
        we1_0.code,
        we1_0.created_at,
        we1_0.name,
        we1_0.status,
        we1_0.updated_at 
    from
        warehouses we1_0 
    where
        we1_0.status=?
2026-06-08 12:58:14 DEBUG SQL:135 - 
    select
        mie1_0.id,
        mie1_0.cost_price,
        mie1_0.created_at,
        mie1_0.material_id,
        m1_0.id,
        m1_0.category_id,
        m1_0.code,
        m1_0.created_at,
        m1_0.low_stock_threshold,
        m1_0.name,
        m1_0.status,
        m1_0.thumbnail,
        m1_0.thumbnail_public_id,
        m1_0.unit,
        m1_0.updated_at,
        mie1_0.on_hand,
        mie1_0.reserved,
        mie1_0.updated_at,
        mie1_0.version,
        mie1_0.warehouse_id 
    from
        material_inventories mie1_0 
    join
        materials m1_0 
            on m1_0.id=mie1_0.material_id 
    where
        mie1_0.warehouse_id=? 
        and m1_0.status<>? 
        and mie1_0.on_hand>0
2026-06-08 12:58:14 INFO  JwtAuthenticationFilter:79 - ⬅️ Response: GET /api/admin/stocktakes/warehouses/1/materials - 200
2026-06-08 12:58:14 INFO  JwtAuthenticationFilter:79 - ⬅️ Response: GET /api/admin/warehouses/dropdown - 200
2026-06-08 12:58:49 INFO  JwtAuthenticationFilter:37 - ➡️ Request: GET /api/admin/stocktakes/warehouses/1/materials
2026-06-08 12:58:49 DEBUG SQL:135 - 
    select
        ue1_0.id,
        ue1_0.activation_token,
        ue1_0.code,
        ue1_0.created_at,
        ue1_0.email,
        ue1_0.full_name,
        ue1_0.password,
        ue1_0.phone,
        ue1_0.provider,
        ue1_0.status,
        ue1_0.updated_at,
        ue1_0.user_image_url 
    from
        users ue1_0 
    where
        ue1_0.email=?
2026-06-08 12:58:49 DEBUG SQL:135 - 
    select
        r1_0.user_id,
        r1_1.id,
        r1_1.name,
        p1_0.role_id,
        p1_1.id,
        p1_1.description,
        p1_1.name 
    from
        users_roles r1_0 
    join
        roles r1_1 
            on r1_1.id=r1_0.role_id 
    left join
        roles_permissions p1_0 
            on r1_1.id=p1_0.role_id 
    left join
        permissions p1_1 
            on p1_1.id=p1_0.permission_id 
    where
        r1_0.user_id=?
2026-06-08 12:58:49 DEBUG SQL:135 - 
    select
        we1_0.id,
        we1_0.address,
        we1_0.code,
        we1_0.created_at,
        we1_0.name,
        we1_0.status,
        we1_0.updated_at 
    from
        warehouses we1_0 
    where
        we1_0.id=?
2026-06-08 12:58:49 DEBUG SQL:135 - 
    select
        mie1_0.id,
        mie1_0.cost_price,
        mie1_0.created_at,
        mie1_0.material_id,
        m1_0.id,
        m1_0.category_id,
        m1_0.code,
        m1_0.created_at,
        m1_0.low_stock_threshold,
        m1_0.name,
        m1_0.status,
        m1_0.thumbnail,
        m1_0.thumbnail_public_id,
        m1_0.unit,
        m1_0.updated_at,
        mie1_0.on_hand,
        mie1_0.reserved,
        mie1_0.updated_at,
        mie1_0.version,
        mie1_0.warehouse_id 
    from
        material_inventories mie1_0 
    join
        materials m1_0 
            on m1_0.id=mie1_0.material_id 
    where
        mie1_0.warehouse_id=? 
        and m1_0.status<>? 
        and mie1_0.on_hand>0
2026-06-08 12:58:49 INFO  JwtAuthenticationFilter:79 - ⬅️ Response: GET /api/admin/stocktakes/warehouses/1/materials - 200
2026-06-08 12:58:50 INFO  JwtAuthenticationFilter:37 - ➡️ Request: GET /api/admin/stocktakes/warehouses/1/materials
2026-06-08 12:58:50 INFO  JwtAuthenticationFilter:37 - ➡️ Request: GET /api/admin/warehouses/dropdown
2026-06-08 12:58:50 DEBUG SQL:135 - 
    select
        ue1_0.id,
        ue1_0.activation_token,
        ue1_0.code,
        ue1_0.created_at,
        ue1_0.email,
        ue1_0.full_name,
        ue1_0.password,
        ue1_0.phone,
        ue1_0.provider,
        ue1_0.status,
        ue1_0.updated_at,
        ue1_0.user_image_url 
    from
        users ue1_0 
    where
        ue1_0.email=?
2026-06-08 12:58:50 DEBUG SQL:135 - 
    select
        ue1_0.id,
        ue1_0.activation_token,
        ue1_0.code,
        ue1_0.created_at,
        ue1_0.email,
        ue1_0.full_name,
        ue1_0.password,
        ue1_0.phone,
        ue1_0.provider,
        ue1_0.status,
        ue1_0.updated_at,
        ue1_0.user_image_url 
    from
        users ue1_0 
    where
        ue1_0.email=?
2026-06-08 12:58:50 DEBUG SQL:135 - 
    select
        r1_0.user_id,
        r1_1.id,
        r1_1.name,
        p1_0.role_id,
        p1_1.id,
        p1_1.description,
        p1_1.name 
    from
        users_roles r1_0 
    join
        roles r1_1 
            on r1_1.id=r1_0.role_id 
    left join
        roles_permissions p1_0 
            on r1_1.id=p1_0.role_id 
    left join
        permissions p1_1 
            on p1_1.id=p1_0.permission_id 
    where
        r1_0.user_id=?
2026-06-08 12:58:50 DEBUG SQL:135 - 
    select
        r1_0.user_id,
        r1_1.id,
        r1_1.name,
        p1_0.role_id,
        p1_1.id,
        p1_1.description,
        p1_1.name 
    from
        users_roles r1_0 
    join
        roles r1_1 
            on r1_1.id=r1_0.role_id 
    left join
        roles_permissions p1_0 
            on r1_1.id=p1_0.role_id 
    left join
        permissions p1_1 
            on p1_1.id=p1_0.permission_id 
    where
        r1_0.user_id=?
2026-06-08 12:58:50 DEBUG SQL:135 - 
    select
        we1_0.id,
        we1_0.address,
        we1_0.code,
        we1_0.created_at,
        we1_0.name,
        we1_0.status,
        we1_0.updated_at 
    from
        warehouses we1_0 
    where
        we1_0.id=?
2026-06-08 12:58:50 DEBUG SQL:135 - 
    select
        we1_0.id,
        we1_0.address,
        we1_0.code,
        we1_0.created_at,
        we1_0.name,
        we1_0.status,
        we1_0.updated_at 
    from
        warehouses we1_0 
    where
        we1_0.status=?
2026-06-08 12:58:50 DEBUG SQL:135 - 
    select
        mie1_0.id,
        mie1_0.cost_price,
        mie1_0.created_at,
        mie1_0.material_id,
        m1_0.id,
        m1_0.category_id,
        m1_0.code,
        m1_0.created_at,
        m1_0.low_stock_threshold,
        m1_0.name,
        m1_0.status,
        m1_0.thumbnail,
        m1_0.thumbnail_public_id,
        m1_0.unit,
        m1_0.updated_at,
        mie1_0.on_hand,
        mie1_0.reserved,
        mie1_0.updated_at,
        mie1_0.version,
        mie1_0.warehouse_id 
    from
        material_inventories mie1_0 
    join
        materials m1_0 
            on m1_0.id=mie1_0.material_id 
    where
        mie1_0.warehouse_id=? 
        and m1_0.status<>? 
        and mie1_0.on_hand>0
2026-06-08 12:58:50 INFO  JwtAuthenticationFilter:79 - ⬅️ Response: GET /api/admin/warehouses/dropdown - 200
2026-06-08 12:58:50 INFO  JwtAuthenticationFilter:79 - ⬅️ Response: GET /api/admin/stocktakes/warehouses/1/materials - 200
2026-06-08 12:58:52 INFO  JwtAuthenticationFilter:37 - ➡️ Request: GET /api/auth/account-info
2026-06-08 12:58:52 DEBUG SQL:135 - 
    select
        ue1_0.id,
        ue1_0.activation_token,
        ue1_0.code,
        ue1_0.created_at,
        ue1_0.email,
        ue1_0.full_name,
        ue1_0.password,
        ue1_0.phone,
        ue1_0.provider,
        ue1_0.status,
        ue1_0.updated_at,
        ue1_0.user_image_url 
    from
        users ue1_0 
    where
        ue1_0.email=?
2026-06-08 12:58:52 DEBUG SQL:135 - 
    select
        r1_0.user_id,
        r1_1.id,
        r1_1.name,
        p1_0.role_id,
        p1_1.id,
        p1_1.description,
        p1_1.name 
    from
        users_roles r1_0 
    join
        roles r1_1 
            on r1_1.id=r1_0.role_id 
    left join
        roles_permissions p1_0 
            on r1_1.id=p1_0.role_id 
    left join
        permissions p1_1 
            on p1_1.id=p1_0.permission_id 
    where
        r1_0.user_id=?
2026-06-08 12:58:52 INFO  JwtAuthenticationFilter:79 - ⬅️ Response: GET /api/auth/account-info - 200
2026-06-08 12:58:52 INFO  JwtAuthenticationFilter:37 - ➡️ Request: GET /api/admin/warehouses/dropdown
2026-06-08 12:58:52 DEBUG SQL:135 - 
    select
        ue1_0.id,
        ue1_0.activation_token,
        ue1_0.code,
        ue1_0.created_at,
        ue1_0.email,
        ue1_0.full_name,
        ue1_0.password,
        ue1_0.phone,
        ue1_0.provider,
        ue1_0.status,
        ue1_0.updated_at,
        ue1_0.user_image_url 
    from
        users ue1_0 
    where
        ue1_0.email=?
2026-06-08 12:58:52 INFO  JwtAuthenticationFilter:37 - ➡️ Request: GET /api/auth/account-info
2026-06-08 12:58:52 DEBUG SQL:135 - 
    select
        ue1_0.id,
        ue1_0.activation_token,
        ue1_0.code,
        ue1_0.created_at,
        ue1_0.email,
        ue1_0.full_name,
        ue1_0.password,
        ue1_0.phone,
        ue1_0.provider,
        ue1_0.status,
        ue1_0.updated_at,
        ue1_0.user_image_url 
    from
        users ue1_0 
    where
        ue1_0.email=?
2026-06-08 12:58:52 DEBUG SQL:135 - 
    select
        r1_0.user_id,
        r1_1.id,
        r1_1.name,
        p1_0.role_id,
        p1_1.id,
        p1_1.description,
        p1_1.name 
    from
        users_roles r1_0 
    join
        roles r1_1 
            on r1_1.id=r1_0.role_id 
    left join
        roles_permissions p1_0 
            on r1_1.id=p1_0.role_id 
    left join
        permissions p1_1 
            on p1_1.id=p1_0.permission_id 
    where
        r1_0.user_id=?
2026-06-08 12:58:52 DEBUG SQL:135 - 
    select
        r1_0.user_id,
        r1_1.id,
        r1_1.name,
        p1_0.role_id,
        p1_1.id,
        p1_1.description,
        p1_1.name 
    from
        users_roles r1_0 
    join
        roles r1_1 
            on r1_1.id=r1_0.role_id 
    left join
        roles_permissions p1_0 
            on r1_1.id=p1_0.role_id 
    left join
        permissions p1_1 
            on p1_1.id=p1_0.permission_id 
    where
        r1_0.user_id=?
2026-06-08 12:58:52 INFO  JwtAuthenticationFilter:79 - ⬅️ Response: GET /api/auth/account-info - 200
2026-06-08 12:58:52 DEBUG SQL:135 - 
    select
        we1_0.id,
        we1_0.address,
        we1_0.code,
        we1_0.created_at,
        we1_0.name,
        we1_0.status,
        we1_0.updated_at 
    from
        warehouses we1_0 
    where
        we1_0.status=?
2026-06-08 12:58:52 INFO  JwtAuthenticationFilter:79 - ⬅️ Response: GET /api/admin/warehouses/dropdown - 200
2026-06-08 12:59:17 INFO  JwtAuthenticationFilter:37 - ➡️ Request: GET /api/admin/warehouses/dropdown
2026-06-08 12:59:17 DEBUG SQL:135 - 
    select
        ue1_0.id,
        ue1_0.activation_token,
        ue1_0.code,
        ue1_0.created_at,
        ue1_0.email,
        ue1_0.full_name,
        ue1_0.password,
        ue1_0.phone,
        ue1_0.provider,
        ue1_0.status,
        ue1_0.updated_at,
        ue1_0.user_image_url 
    from
        users ue1_0 
    where
        ue1_0.email=?
2026-06-08 12:59:17 DEBUG SQL:135 - 
    select
        r1_0.user_id,
        r1_1.id,
        r1_1.name,
        p1_0.role_id,
        p1_1.id,
        p1_1.description,
        p1_1.name 
    from
        users_roles r1_0 
    join
        roles r1_1 
            on r1_1.id=r1_0.role_id 
    left join
        roles_permissions p1_0 
            on r1_1.id=p1_0.role_id 
    left join
        permissions p1_1 
            on p1_1.id=p1_0.permission_id 
    where
        r1_0.user_id=?
2026-06-08 12:59:17 DEBUG SQL:135 - 
    select
        we1_0.id,
        we1_0.address,
        we1_0.code,
        we1_0.created_at,
        we1_0.name,
        we1_0.status,
        we1_0.updated_at 
    from
        warehouses we1_0 
    where
        we1_0.status=?
2026-06-08 12:59:17 INFO  JwtAuthenticationFilter:79 - ⬅️ Response: GET /api/admin/warehouses/dropdown - 200
2026-06-08 12:59:20 INFO  JwtAuthenticationFilter:37 - ➡️ Request: GET /api/admin/warehouses/dropdown
2026-06-08 12:59:20 DEBUG SQL:135 - 
    select
        ue1_0.id,
        ue1_0.activation_token,
        ue1_0.code,
        ue1_0.created_at,
        ue1_0.email,
        ue1_0.full_name,
        ue1_0.password,
        ue1_0.phone,
        ue1_0.provider,
        ue1_0.status,
        ue1_0.updated_at,
        ue1_0.user_image_url 
    from
        users ue1_0 
    where
        ue1_0.email=?
2026-06-08 12:59:20 DEBUG SQL:135 - 
    select
        r1_0.user_id,
        r1_1.id,
        r1_1.name,
        p1_0.role_id,
        p1_1.id,
        p1_1.description,
        p1_1.name 
    from
        users_roles r1_0 
    join
        roles r1_1 
            on r1_1.id=r1_0.role_id 
    left join
        roles_permissions p1_0 
            on r1_1.id=p1_0.role_id 
    left join
        permissions p1_1 
            on p1_1.id=p1_0.permission_id 
    where
        r1_0.user_id=?
2026-06-08 12:59:20 DEBUG SQL:135 - 
    select
        we1_0.id,
        we1_0.address,
        we1_0.code,
        we1_0.created_at,
        we1_0.name,
        we1_0.status,
        we1_0.updated_at 
    from
        warehouses we1_0 
    where
        we1_0.status=?
2026-06-08 12:59:20 INFO  JwtAuthenticationFilter:79 - ⬅️ Response: GET /api/admin/warehouses/dropdown - 200
2026-06-08 12:59:23 INFO  JwtAuthenticationFilter:37 - ➡️ Request: GET /api/admin/stocktakes/warehouses/1/materials
2026-06-08 12:59:23 DEBUG SQL:135 - 
    select
        ue1_0.id,
        ue1_0.activation_token,
        ue1_0.code,
        ue1_0.created_at,
        ue1_0.email,
        ue1_0.full_name,
        ue1_0.password,
        ue1_0.phone,
        ue1_0.provider,
        ue1_0.status,
        ue1_0.updated_at,
        ue1_0.user_image_url 
    from
        users ue1_0 
    where
        ue1_0.email=?
2026-06-08 12:59:23 DEBUG SQL:135 - 
    select
        r1_0.user_id,
        r1_1.id,
        r1_1.name,
        p1_0.role_id,
        p1_1.id,
        p1_1.description,
        p1_1.name 
    from
        users_roles r1_0 
    join
        roles r1_1 
            on r1_1.id=r1_0.role_id 
    left join
        roles_permissions p1_0 
            on r1_1.id=p1_0.role_id 
    left join
        permissions p1_1 
            on p1_1.id=p1_0.permission_id 
    where
        r1_0.user_id=?
2026-06-08 12:59:23 DEBUG SQL:135 - 
    select
        we1_0.id,
        we1_0.address,
        we1_0.code,
        we1_0.created_at,
        we1_0.name,
        we1_0.status,
        we1_0.updated_at 
    from
        warehouses we1_0 
    where
        we1_0.id=?
2026-06-08 12:59:23 DEBUG SQL:135 - 
    select
        mie1_0.id,
        mie1_0.cost_price,
        mie1_0.created_at,
        mie1_0.material_id,
        m1_0.id,
        m1_0.category_id,
        m1_0.code,
        m1_0.created_at,
        m1_0.low_stock_threshold,
        m1_0.name,
        m1_0.status,
        m1_0.thumbnail,
        m1_0.thumbnail_public_id,
        m1_0.unit,
        m1_0.updated_at,
        mie1_0.on_hand,
        mie1_0.reserved,
        mie1_0.updated_at,
        mie1_0.version,
        mie1_0.warehouse_id 
    from
        material_inventories mie1_0 
    join
        materials m1_0 
            on m1_0.id=mie1_0.material_id 
    where
        mie1_0.warehouse_id=? 
        and m1_0.status<>? 
        and mie1_0.on_hand>0
2026-06-08 12:59:23 INFO  JwtAuthenticationFilter:79 - ⬅️ Response: GET /api/admin/stocktakes/warehouses/1/materials - 200
2026-06-08 13:00:43 INFO  JwtAuthenticationFilter:37 - ➡️ Request: GET /api/admin/stocktakes/warehouses/1/materials
2026-06-08 13:00:43 DEBUG SQL:135 - 
    select
        ue1_0.id,
        ue1_0.activation_token,
        ue1_0.code,
        ue1_0.created_at,
        ue1_0.email,
        ue1_0.full_name,
        ue1_0.password,
        ue1_0.phone,
        ue1_0.provider,
        ue1_0.status,
        ue1_0.updated_at,
        ue1_0.user_image_url 
    from
        users ue1_0 
    where
        ue1_0.email=?
2026-06-08 13:00:43 INFO  JwtAuthenticationFilter:37 - ➡️ Request: GET /api/admin/warehouses/dropdown
2026-06-08 13:00:43 DEBUG SQL:135 - 
    select
        ue1_0.id,
        ue1_0.activation_token,
        ue1_0.code,
        ue1_0.created_at,
        ue1_0.email,
        ue1_0.full_name,
        ue1_0.password,
        ue1_0.phone,
        ue1_0.provider,
        ue1_0.status,
        ue1_0.updated_at,
        ue1_0.user_image_url 
    from
        users ue1_0 
    where
        ue1_0.email=?
2026-06-08 13:00:43 DEBUG SQL:135 - 
    select
        r1_0.user_id,
        r1_1.id,
        r1_1.name,
        p1_0.role_id,
        p1_1.id,
        p1_1.description,
        p1_1.name 
    from
        users_roles r1_0 
    join
        roles r1_1 
            on r1_1.id=r1_0.role_id 
    left join
        roles_permissions p1_0 
            on r1_1.id=p1_0.role_id 
    left join
        permissions p1_1 
            on p1_1.id=p1_0.permission_id 
    where
        r1_0.user_id=?
2026-06-08 13:00:43 DEBUG SQL:135 - 
    select
        r1_0.user_id,
        r1_1.id,
        r1_1.name,
        p1_0.role_id,
        p1_1.id,
        p1_1.description,
        p1_1.name 
    from
        users_roles r1_0 
    join
        roles r1_1 
            on r1_1.id=r1_0.role_id 
    left join
        roles_permissions p1_0 
            on r1_1.id=p1_0.role_id 
    left join
        permissions p1_1 
            on p1_1.id=p1_0.permission_id 
    where
        r1_0.user_id=?
2026-06-08 13:00:43 DEBUG SQL:135 - 
    select
        we1_0.id,
        we1_0.address,
        we1_0.code,
        we1_0.created_at,
        we1_0.name,
        we1_0.status,
        we1_0.updated_at 
    from
        warehouses we1_0 
    where
        we1_0.id=?
2026-06-08 13:00:43 DEBUG SQL:135 - 
    select
        we1_0.id,
        we1_0.address,
        we1_0.code,
        we1_0.created_at,
        we1_0.name,
        we1_0.status,
        we1_0.updated_at 
    from
        warehouses we1_0 
    where
        we1_0.status=?
2026-06-08 13:00:43 DEBUG SQL:135 - 
    select
        mie1_0.id,
        mie1_0.cost_price,
        mie1_0.created_at,
        mie1_0.material_id,
        m1_0.id,
        m1_0.category_id,
        m1_0.code,
        m1_0.created_at,
        m1_0.low_stock_threshold,
        m1_0.name,
        m1_0.status,
        m1_0.thumbnail,
        m1_0.thumbnail_public_id,
        m1_0.unit,
        m1_0.updated_at,
        mie1_0.on_hand,
        mie1_0.reserved,
        mie1_0.updated_at,
        mie1_0.version,
        mie1_0.warehouse_id 
    from
        material_inventories mie1_0 
    join
        materials m1_0 
            on m1_0.id=mie1_0.material_id 
    where
        mie1_0.warehouse_id=? 
        and m1_0.status<>? 
        and mie1_0.on_hand>0
2026-06-08 13:00:43 INFO  JwtAuthenticationFilter:79 - ⬅️ Response: GET /api/admin/warehouses/dropdown - 200
2026-06-08 13:00:43 INFO  JwtAuthenticationFilter:79 - ⬅️ Response: GET /api/admin/stocktakes/warehouses/1/materials - 200
2026-06-08 13:03:44 INFO  JwtAuthenticationFilter:37 - ➡️ Request: GET /api/admin/stocktakes/warehouses/1/materials
2026-06-08 13:03:44 INFO  JwtAuthenticationFilter:37 - ➡️ Request: GET /api/admin/warehouses/dropdown
2026-06-08 13:03:44 DEBUG SQL:135 - 
    select
        ue1_0.id,
        ue1_0.activation_token,
        ue1_0.code,
        ue1_0.created_at,
        ue1_0.email,
        ue1_0.full_name,
        ue1_0.password,
        ue1_0.phone,
        ue1_0.provider,
        ue1_0.status,
        ue1_0.updated_at,
        ue1_0.user_image_url 
    from
        users ue1_0 
    where
        ue1_0.email=?
2026-06-08 13:03:44 DEBUG SQL:135 - 
    select
        ue1_0.id,
        ue1_0.activation_token,
        ue1_0.code,
        ue1_0.created_at,
        ue1_0.email,
        ue1_0.full_name,
        ue1_0.password,
        ue1_0.phone,
        ue1_0.provider,
        ue1_0.status,
        ue1_0.updated_at,
        ue1_0.user_image_url 
    from
        users ue1_0 
    where
        ue1_0.email=?
2026-06-08 13:03:44 DEBUG SQL:135 - 
    select
        r1_0.user_id,
        r1_1.id,
        r1_1.name,
        p1_0.role_id,
        p1_1.id,
        p1_1.description,
        p1_1.name 
    from
        users_roles r1_0 
    join
        roles r1_1 
            on r1_1.id=r1_0.role_id 
    left join
        roles_permissions p1_0 
            on r1_1.id=p1_0.role_id 
    left join
        permissions p1_1 
            on p1_1.id=p1_0.permission_id 
    where
        r1_0.user_id=?
2026-06-08 13:03:44 DEBUG SQL:135 - 
    select
        r1_0.user_id,
        r1_1.id,
        r1_1.name,
        p1_0.role_id,
        p1_1.id,
        p1_1.description,
        p1_1.name 
    from
        users_roles r1_0 
    join
        roles r1_1 
            on r1_1.id=r1_0.role_id 
    left join
        roles_permissions p1_0 
            on r1_1.id=p1_0.role_id 
    left join
        permissions p1_1 
            on p1_1.id=p1_0.permission_id 
    where
        r1_0.user_id=?
2026-06-08 13:03:44 DEBUG SQL:135 - 
    select
        we1_0.id,
        we1_0.address,
        we1_0.code,
        we1_0.created_at,
        we1_0.name,
        we1_0.status,
        we1_0.updated_at 
    from
        warehouses we1_0 
    where
        we1_0.id=?
2026-06-08 13:03:44 DEBUG SQL:135 - 
    select
        we1_0.id,
        we1_0.address,
        we1_0.code,
        we1_0.created_at,
        we1_0.name,
        we1_0.status,
        we1_0.updated_at 
    from
        warehouses we1_0 
    where
        we1_0.status=?
2026-06-08 13:03:44 DEBUG SQL:135 - 
    select
        mie1_0.id,
        mie1_0.cost_price,
        mie1_0.created_at,
        mie1_0.material_id,
        m1_0.id,
        m1_0.category_id,
        m1_0.code,
        m1_0.created_at,
        m1_0.low_stock_threshold,
        m1_0.name,
        m1_0.status,
        m1_0.thumbnail,
        m1_0.thumbnail_public_id,
        m1_0.unit,
        m1_0.updated_at,
        mie1_0.on_hand,
        mie1_0.reserved,
        mie1_0.updated_at,
        mie1_0.version,
        mie1_0.warehouse_id 
    from
        material_inventories mie1_0 
    join
        materials m1_0 
            on m1_0.id=mie1_0.material_id 
    where
        mie1_0.warehouse_id=? 
        and m1_0.status<>? 
        and mie1_0.on_hand>0
2026-06-08 13:03:44 INFO  JwtAuthenticationFilter:79 - ⬅️ Response: GET /api/admin/warehouses/dropdown - 200
2026-06-08 13:03:44 INFO  JwtAuthenticationFilter:79 - ⬅️ Response: GET /api/admin/stocktakes/warehouses/1/materials - 200
2026-06-08 13:04:12 INFO  JwtAuthenticationFilter:37 - ➡️ Request: GET /api/auth/account-info
2026-06-08 13:04:12 DEBUG SQL:135 - 
    select
        ue1_0.id,
        ue1_0.activation_token,
        ue1_0.code,
        ue1_0.created_at,
        ue1_0.email,
        ue1_0.full_name,
        ue1_0.password,
        ue1_0.phone,
        ue1_0.provider,
        ue1_0.status,
        ue1_0.updated_at,
        ue1_0.user_image_url 
    from
        users ue1_0 
    where
        ue1_0.email=?
2026-06-08 13:04:12 DEBUG SQL:135 - 
    select
        r1_0.user_id,
        r1_1.id,
        r1_1.name,
        p1_0.role_id,
        p1_1.id,
        p1_1.description,
        p1_1.name 
    from
        users_roles r1_0 
    join
        roles r1_1 
            on r1_1.id=r1_0.role_id 
    left join
        roles_permissions p1_0 
            on r1_1.id=p1_0.role_id 
    left join
        permissions p1_1 
            on p1_1.id=p1_0.permission_id 
    where
        r1_0.user_id=?
2026-06-08 13:04:12 INFO  JwtAuthenticationFilter:79 - ⬅️ Response: GET /api/auth/account-info - 200
2026-06-08 13:04:13 INFO  JwtAuthenticationFilter:37 - ➡️ Request: GET /api/auth/account-info
2026-06-08 13:04:13 INFO  JwtAuthenticationFilter:37 - ➡️ Request: GET /api/admin/warehouses/dropdown
2026-06-08 13:04:13 DEBUG SQL:135 - 
    select
        ue1_0.id,
        ue1_0.activation_token,
        ue1_0.code,
        ue1_0.created_at,
        ue1_0.email,
        ue1_0.full_name,
        ue1_0.password,
        ue1_0.phone,
        ue1_0.provider,
        ue1_0.status,
        ue1_0.updated_at,
        ue1_0.user_image_url 
    from
        users ue1_0 
    where
        ue1_0.email=?
2026-06-08 13:04:13 DEBUG SQL:135 - 
    select
        ue1_0.id,
        ue1_0.activation_token,
        ue1_0.code,
        ue1_0.created_at,
        ue1_0.email,
        ue1_0.full_name,
        ue1_0.password,
        ue1_0.phone,
        ue1_0.provider,
        ue1_0.status,
        ue1_0.updated_at,
        ue1_0.user_image_url 
    from
        users ue1_0 
    where
        ue1_0.email=?
2026-06-08 13:04:13 DEBUG SQL:135 - 
    select
        r1_0.user_id,
        r1_1.id,
        r1_1.name,
        p1_0.role_id,
        p1_1.id,
        p1_1.description,
        p1_1.name 
    from
        users_roles r1_0 
    join
        roles r1_1 
            on r1_1.id=r1_0.role_id 
    left join
        roles_permissions p1_0 
            on r1_1.id=p1_0.role_id 
    left join
        permissions p1_1 
            on p1_1.id=p1_0.permission_id 
    where
        r1_0.user_id=?
2026-06-08 13:04:13 DEBUG SQL:135 - 
    select
        r1_0.user_id,
        r1_1.id,
        r1_1.name,
        p1_0.role_id,
        p1_1.id,
        p1_1.description,
        p1_1.name 
    from
        users_roles r1_0 
    join
        roles r1_1 
            on r1_1.id=r1_0.role_id 
    left join
        roles_permissions p1_0 
            on r1_1.id=p1_0.role_id 
    left join
        permissions p1_1 
            on p1_1.id=p1_0.permission_id 
    where
        r1_0.user_id=?
2026-06-08 13:04:13 INFO  JwtAuthenticationFilter:79 - ⬅️ Response: GET /api/auth/account-info - 200
2026-06-08 13:04:13 DEBUG SQL:135 - 
    select
        we1_0.id,
        we1_0.address,
        we1_0.code,
        we1_0.created_at,
        we1_0.name,
        we1_0.status,
        we1_0.updated_at 
    from
        warehouses we1_0 
    where
        we1_0.status=?
2026-06-08 13:04:13 INFO  JwtAuthenticationFilter:79 - ⬅️ Response: GET /api/admin/warehouses/dropdown - 200
2026-06-08 13:05:41 INFO  JwtAuthenticationFilter:37 - ➡️ Request: GET /api/admin/warehouses/dropdown
2026-06-08 13:05:41 DEBUG SQL:135 - 
    select
        ue1_0.id,
        ue1_0.activation_token,
        ue1_0.code,
        ue1_0.created_at,
        ue1_0.email,
        ue1_0.full_name,
        ue1_0.password,
        ue1_0.phone,
        ue1_0.provider,
        ue1_0.status,
        ue1_0.updated_at,
        ue1_0.user_image_url 
    from
        users ue1_0 
    where
        ue1_0.email=?
2026-06-08 13:05:41 DEBUG SQL:135 - 
    select
        r1_0.user_id,
        r1_1.id,
        r1_1.name,
        p1_0.role_id,
        p1_1.id,
        p1_1.description,
        p1_1.name 
    from
        users_roles r1_0 
    join
        roles r1_1 
            on r1_1.id=r1_0.role_id 
    left join
        roles_permissions p1_0 
            on r1_1.id=p1_0.role_id 
    left join
        permissions p1_1 
            on p1_1.id=p1_0.permission_id 
    where
        r1_0.user_id=?
2026-06-08 13:05:41 DEBUG SQL:135 - 
    select
        we1_0.id,
        we1_0.address,
        we1_0.code,
        we1_0.created_at,
        we1_0.name,
        we1_0.status,
        we1_0.updated_at 
    from
        warehouses we1_0 
    where
        we1_0.status=?
2026-06-08 13:05:41 INFO  JwtAuthenticationFilter:79 - ⬅️ Response: GET /api/admin/warehouses/dropdown - 200
2026-06-08 13:06:53 INFO  JwtAuthenticationFilter:37 - ➡️ Request: GET /api/admin/warehouses/dropdown
2026-06-08 13:06:53 DEBUG SQL:135 - 
    select
        ue1_0.id,
        ue1_0.activation_token,
        ue1_0.code,
        ue1_0.created_at,
        ue1_0.email,
        ue1_0.full_name,
        ue1_0.password,
        ue1_0.phone,
        ue1_0.provider,
        ue1_0.status,
        ue1_0.updated_at,
        ue1_0.user_image_url 
    from
        users ue1_0 
    where
        ue1_0.email=?
2026-06-08 13:06:53 DEBUG SQL:135 - 
    select
        r1_0.user_id,
        r1_1.id,
        r1_1.name,
        p1_0.role_id,
        p1_1.id,
        p1_1.description,
        p1_1.name 
    from
        users_roles r1_0 
    join
        roles r1_1 
            on r1_1.id=r1_0.role_id 
    left join
        roles_permissions p1_0 
            on r1_1.id=p1_0.role_id 
    left join
        permissions p1_1 
            on p1_1.id=p1_0.permission_id 
    where
        r1_0.user_id=?
2026-06-08 13:06:53 DEBUG SQL:135 - 
    select
        we1_0.id,
        we1_0.address,
        we1_0.code,
        we1_0.created_at,
        we1_0.name,
        we1_0.status,
        we1_0.updated_at 
    from
        warehouses we1_0 
    where
        we1_0.status=?
2026-06-08 13:06:53 INFO  JwtAuthenticationFilter:79 - ⬅️ Response: GET /api/admin/warehouses/dropdown - 200
2026-06-08 13:10:08 INFO  JwtAuthenticationFilter:37 - ➡️ Request: GET /api/auth/account-info
2026-06-08 13:10:08 INFO  JwtAuthenticationFilter:37 - ➡️ Request: GET /api/admin/warehouses/dropdown
2026-06-08 13:10:08 DEBUG SQL:135 - 
    select
        ue1_0.id,
        ue1_0.activation_token,
        ue1_0.code,
        ue1_0.created_at,
        ue1_0.email,
        ue1_0.full_name,
        ue1_0.password,
        ue1_0.phone,
        ue1_0.provider,
        ue1_0.status,
        ue1_0.updated_at,
        ue1_0.user_image_url 
    from
        users ue1_0 
    where
        ue1_0.email=?
2026-06-08 13:10:08 DEBUG SQL:135 - 
    select
        ue1_0.id,
        ue1_0.activation_token,
        ue1_0.code,
        ue1_0.created_at,
        ue1_0.email,
        ue1_0.full_name,
        ue1_0.password,
        ue1_0.phone,
        ue1_0.provider,
        ue1_0.status,
        ue1_0.updated_at,
        ue1_0.user_image_url 
    from
        users ue1_0 
    where
        ue1_0.email=?
2026-06-08 13:10:08 DEBUG SQL:135 - 
    select
        r1_0.user_id,
        r1_1.id,
        r1_1.name,
        p1_0.role_id,
        p1_1.id,
        p1_1.description,
        p1_1.name 
    from
        users_roles r1_0 
    join
        roles r1_1 
            on r1_1.id=r1_0.role_id 
    left join
        roles_permissions p1_0 
            on r1_1.id=p1_0.role_id 
    left join
        permissions p1_1 
            on p1_1.id=p1_0.permission_id 
    where
        r1_0.user_id=?
2026-06-08 13:10:08 DEBUG SQL:135 - 
    select
        r1_0.user_id,
        r1_1.id,
        r1_1.name,
        p1_0.role_id,
        p1_1.id,
        p1_1.description,
        p1_1.name 
    from
        users_roles r1_0 
    join
        roles r1_1 
            on r1_1.id=r1_0.role_id 
    left join
        roles_permissions p1_0 
            on r1_1.id=p1_0.role_id 
    left join
        permissions p1_1 
            on p1_1.id=p1_0.permission_id 
    where
        r1_0.user_id=?
2026-06-08 13:10:08 INFO  JwtAuthenticationFilter:79 - ⬅️ Response: GET /api/auth/account-info - 200
2026-06-08 13:10:08 DEBUG SQL:135 - 
    select
        we1_0.id,
        we1_0.address,
        we1_0.code,
        we1_0.created_at,
        we1_0.name,
        we1_0.status,
        we1_0.updated_at 
    from
        warehouses we1_0 
    where
        we1_0.status=?
2026-06-08 13:10:08 INFO  JwtAuthenticationFilter:79 - ⬅️ Response: GET /api/admin/warehouses/dropdown - 200
2026-06-08 13:10:35 INFO  JwtAuthenticationFilter:37 - ➡️ Request: GET /api/admin/stocktakes/warehouses/1/materials
2026-06-08 13:10:35 DEBUG SQL:135 - 
    select
        ue1_0.id,
        ue1_0.activation_token,
        ue1_0.code,
        ue1_0.created_at,
        ue1_0.email,
        ue1_0.full_name,
        ue1_0.password,
        ue1_0.phone,
        ue1_0.provider,
        ue1_0.status,
        ue1_0.updated_at,
        ue1_0.user_image_url 
    from
        users ue1_0 
    where
        ue1_0.email=?
2026-06-08 13:10:35 DEBUG SQL:135 - 
    select
        r1_0.user_id,
        r1_1.id,
        r1_1.name,
        p1_0.role_id,
        p1_1.id,
        p1_1.description,
        p1_1.name 
    from
        users_roles r1_0 
    join
        roles r1_1 
            on r1_1.id=r1_0.role_id 
    left join
        roles_permissions p1_0 
            on r1_1.id=p1_0.role_id 
    left join
        permissions p1_1 
            on p1_1.id=p1_0.permission_id 
    where
        r1_0.user_id=?
2026-06-08 13:10:35 DEBUG SQL:135 - 
    select
        we1_0.id,
        we1_0.address,
        we1_0.code,
        we1_0.created_at,
        we1_0.name,
        we1_0.status,
        we1_0.updated_at 
    from
        warehouses we1_0 
    where
        we1_0.id=?
2026-06-08 13:10:35 DEBUG SQL:135 - 
    select
        mie1_0.id,
        mie1_0.cost_price,
        mie1_0.created_at,
        mie1_0.material_id,
        m1_0.id,
        m1_0.category_id,
        m1_0.code,
        m1_0.created_at,
        m1_0.low_stock_threshold,
        m1_0.name,
        m1_0.status,
        m1_0.thumbnail,
        m1_0.thumbnail_public_id,
        m1_0.unit,
        m1_0.updated_at,
        mie1_0.on_hand,
        mie1_0.reserved,
        mie1_0.updated_at,
        mie1_0.version,
        mie1_0.warehouse_id 
    from
        material_inventories mie1_0 
    join
        materials m1_0 
            on m1_0.id=mie1_0.material_id 
    where
        mie1_0.warehouse_id=? 
        and m1_0.status<>? 
        and mie1_0.on_hand>0
2026-06-08 13:10:35 INFO  JwtAuthenticationFilter:79 - ⬅️ Response: GET /api/admin/stocktakes/warehouses/1/materials - 200
2026-06-08 13:12:59 INFO  JwtAuthenticationFilter:37 - ➡️ Request: GET /api/admin/stocktakes/warehouses/1/materials
2026-06-08 13:12:59 INFO  JwtAuthenticationFilter:37 - ➡️ Request: GET /api/admin/warehouses/dropdown
2026-06-08 13:12:59 INFO  JwtAuthenticationFilter:79 - ⬅️ Response: GET /api/admin/warehouses/dropdown - 401
2026-06-08 13:12:59 INFO  JwtAuthenticationFilter:79 - ⬅️ Response: GET /api/admin/stocktakes/warehouses/1/materials - 401
2026-06-08 13:12:59 INFO  JwtAuthenticationFilter:37 - ➡️ Request: POST /api/auth/refresh
2026-06-08 13:12:59 DEBUG SQL:135 - 
    select
        rte1_0.id,
        rte1_0.created_at,
        rte1_0.expiry_date,
        rte1_0.token,
        rte1_0.updated_at,
        rte1_0.user_id 
    from
        refresh_token rte1_0 
    where
        rte1_0.token=?
2026-06-08 13:12:59 DEBUG SQL:135 - 
    select
        ue1_0.id,
        ue1_0.activation_token,
        ue1_0.code,
        ue1_0.created_at,
        ue1_0.email,
        ue1_0.full_name,
        ue1_0.password,
        ue1_0.phone,
        ue1_0.provider,
        r1_0.user_id,
        r1_1.id,
        r1_1.name,
        p1_0.role_id,
        p1_1.id,
        p1_1.description,
        p1_1.name,
        ue1_0.status,
        ue1_0.updated_at,
        ue1_0.user_image_url 
    from
        users ue1_0 
    left join
        users_roles r1_0 
            on ue1_0.id=r1_0.user_id 
    left join
        roles r1_1 
            on r1_1.id=r1_0.role_id 
    left join
        roles_permissions p1_0 
            on r1_1.id=p1_0.role_id 
    left join
        permissions p1_1 
            on p1_1.id=p1_0.permission_id 
    where
        ue1_0.id=?
2026-06-08 13:12:59 INFO  JwtAuthenticationFilter:79 - ⬅️ Response: POST /api/auth/refresh - 200
2026-06-08 13:12:59 INFO  JwtAuthenticationFilter:37 - ➡️ Request: GET /api/admin/stocktakes/warehouses/1/materials
2026-06-08 13:12:59 INFO  JwtAuthenticationFilter:37 - ➡️ Request: GET /api/admin/warehouses/dropdown
2026-06-08 13:12:59 DEBUG SQL:135 - 
    select
        ue1_0.id,
        ue1_0.activation_token,
        ue1_0.code,
        ue1_0.created_at,
        ue1_0.email,
        ue1_0.full_name,
        ue1_0.password,
        ue1_0.phone,
        ue1_0.provider,
        ue1_0.status,
        ue1_0.updated_at,
        ue1_0.user_image_url 
    from
        users ue1_0 
    where
        ue1_0.email=?
2026-06-08 13:12:59 DEBUG SQL:135 - 
    select
        ue1_0.id,
        ue1_0.activation_token,
        ue1_0.code,
        ue1_0.created_at,
        ue1_0.email,
        ue1_0.full_name,
        ue1_0.password,
        ue1_0.phone,
        ue1_0.provider,
        ue1_0.status,
        ue1_0.updated_at,
        ue1_0.user_image_url 
    from
        users ue1_0 
    where
        ue1_0.email=?
2026-06-08 13:12:59 DEBUG SQL:135 - 
    select
        r1_0.user_id,
        r1_1.id,
        r1_1.name,
        p1_0.role_id,
        p1_1.id,
        p1_1.description,
        p1_1.name 
    from
        users_roles r1_0 
    join
        roles r1_1 
            on r1_1.id=r1_0.role_id 
    left join
        roles_permissions p1_0 
            on r1_1.id=p1_0.role_id 
    left join
        permissions p1_1 
            on p1_1.id=p1_0.permission_id 
    where
        r1_0.user_id=?
2026-06-08 13:12:59 DEBUG SQL:135 - 
    select
        r1_0.user_id,
        r1_1.id,
        r1_1.name,
        p1_0.role_id,
        p1_1.id,
        p1_1.description,
        p1_1.name 
    from
        users_roles r1_0 
    join
        roles r1_1 
            on r1_1.id=r1_0.role_id 
    left join
        roles_permissions p1_0 
            on r1_1.id=p1_0.role_id 
    left join
        permissions p1_1 
            on p1_1.id=p1_0.permission_id 
    where
        r1_0.user_id=?
2026-06-08 13:12:59 DEBUG SQL:135 - 
    select
        we1_0.id,
        we1_0.address,
        we1_0.code,
        we1_0.created_at,
        we1_0.name,
        we1_0.status,
        we1_0.updated_at 
    from
        warehouses we1_0 
    where
        we1_0.id=?
2026-06-08 13:12:59 DEBUG SQL:135 - 
    select
        we1_0.id,
        we1_0.address,
        we1_0.code,
        we1_0.created_at,
        we1_0.name,
        we1_0.status,
        we1_0.updated_at 
    from
        warehouses we1_0 
    where
        we1_0.status=?
2026-06-08 13:12:59 DEBUG SQL:135 - 
    select
        mie1_0.id,
        mie1_0.cost_price,
        mie1_0.created_at,
        mie1_0.material_id,
        m1_0.id,
        m1_0.category_id,
        m1_0.code,
        m1_0.created_at,
        m1_0.low_stock_threshold,
        m1_0.name,
        m1_0.status,
        m1_0.thumbnail,
        m1_0.thumbnail_public_id,
        m1_0.unit,
        m1_0.updated_at,
        mie1_0.on_hand,
        mie1_0.reserved,
        mie1_0.updated_at,
        mie1_0.version,
        mie1_0.warehouse_id 
    from
        material_inventories mie1_0 
    join
        materials m1_0 
            on m1_0.id=mie1_0.material_id 
    where
        mie1_0.warehouse_id=? 
        and m1_0.status<>? 
        and mie1_0.on_hand>0
2026-06-08 13:12:59 INFO  JwtAuthenticationFilter:79 - ⬅️ Response: GET /api/admin/warehouses/dropdown - 200
2026-06-08 13:12:59 INFO  JwtAuthenticationFilter:79 - ⬅️ Response: GET /api/admin/stocktakes/warehouses/1/materials - 200
2026-06-08 13:13:33 INFO  GracefulShutdown:54 - Commencing graceful shutdown. Waiting for active requests to complete
2026-06-08 13:13:33 INFO  GracefulShutdown:76 - Graceful shutdown complete
2026-06-08 13:13:33 INFO  LocalContainerEntityManagerFactoryBean:660 - Closing JPA EntityManagerFactory for persistence unit 'default'
2026-06-08 13:13:33 INFO  HikariDataSource:349 - HikariPool-1 - Shutdown initiated...
2026-06-08 13:13:33 INFO  HikariDataSource:351 - HikariPool-1 - Shutdown completed.
2026-06-08 13:13:37 INFO  Version:21 - HV000001: Hibernate Validator 8.0.3.Final
2026-06-08 13:13:37 INFO  LahoaBeApplication:53 - Starting LahoaBeApplication using Java 21.0.10 with PID 59995 (/Users/congsang/lahoa_shop/lahoa_website/lahoa-be/target/classes started by congsang in /Users/congsang/lahoa_shop/lahoa_website/lahoa-be)
2026-06-08 13:13:37 INFO  LahoaBeApplication:652 - No active profile set, falling back to 1 default profile: "default"
2026-06-08 13:13:37 INFO  RepositoryConfigurationDelegate:145 - Bootstrapping Spring Data JPA repositories in DEFAULT mode.
2026-06-08 13:13:37 INFO  RepositoryConfigurationDelegate:213 - Finished Spring Data repository scanning in 56 ms. Found 21 JPA repository interfaces.
2026-06-08 13:13:38 INFO  TomcatWebServer:111 - Tomcat initialized with port 8080 (http)
2026-06-08 13:13:38 INFO  Http11NioProtocol:168 - Initializing ProtocolHandler ["http-nio-8080"]
2026-06-08 13:13:38 INFO  StandardService:168 - Starting service [Tomcat]
2026-06-08 13:13:38 INFO  StandardEngine:168 - Starting Servlet engine: [Apache Tomcat/10.1.46]
2026-06-08 13:13:38 INFO  [/api]:168 - Initializing Spring embedded WebApplicationContext
2026-06-08 13:13:38 INFO  ServletWebServerApplicationContext:301 - Root WebApplicationContext: initialization completed in 844 ms
2026-06-08 13:13:38 INFO  LogHelper:31 - HHH000204: Processing PersistenceUnitInfo [name: default]
2026-06-08 13:13:38 INFO  Version:44 - HHH000412: Hibernate ORM core version 6.6.29.Final
2026-06-08 13:13:38 INFO  RegionFactoryInitiator:50 - HHH000026: Second-level cache disabled
2026-06-08 13:13:38 INFO  SpringPersistenceUnitInfo:87 - No LoadTimeWeaver setup: ignoring JPA class transformer
2026-06-08 13:13:38 INFO  HikariDataSource:109 - HikariPool-1 - Starting...
2026-06-08 13:13:38 INFO  HikariPool:580 - HikariPool-1 - Added connection com.mysql.cj.jdbc.ConnectionImpl@784212
2026-06-08 13:13:38 INFO  HikariDataSource:122 - HikariPool-1 - Start completed.
2026-06-08 13:13:38 INFO  pooling:163 - HHH10001005: Database info:
	Database JDBC URL [Connecting through datasource 'HikariDataSource (HikariPool-1)']
	Database driver: undefined/unknown
	Database version: 8.0.45
	Autocommit mode: undefined/unknown
	Isolation level: undefined/unknown
	Minimum pool size: undefined/unknown
	Maximum pool size: undefined/unknown
2026-06-08 13:13:39 INFO  JtaPlatformInitiator:59 - HHH000489: No JTA platform available (set 'hibernate.transaction.jta.platform' to enable JTA platform integration)
2026-06-08 13:13:39 DEBUG SQL:135 - 
    alter table audit_logs 
       modify column action enum ('CREATE','DELETE','LOGIN','LOGOUT','RESTORE','UPDATE') not null
2026-06-08 13:13:39 DEBUG SQL:135 - 
    alter table audit_logs 
       modify column entity_name enum ('CATEGORY','INVENTORY','MATERIAL','MATERIAL_CATEGORY','ORDER','PRODUCT','USER','WAREHOUSE') not null
2026-06-08 13:13:39 INFO  LocalContainerEntityManagerFactoryBean:447 - Initialized JPA EntityManagerFactory for persistence unit 'default'
2026-06-08 13:13:39 INFO  QueryEnhancerFactory:49 - Hibernate is in classpath; If applicable, HQL parser will be used.
2026-06-08 13:13:42 INFO  InitializeUserDetailsBeanManagerConfigurer$InitializeUserDetailsManagerConfigurer:110 - Global AuthenticationManager configured with UserDetailsService bean with name appUserDetailsService
2026-06-08 13:13:42 INFO  Http11NioProtocol:168 - Starting ProtocolHandler ["http-nio-8080"]
2026-06-08 13:13:42 INFO  TomcatWebServer:243 - Tomcat started on port 8080 (http) with context path '/api'
2026-06-08 13:13:42 INFO  LahoaBeApplication:59 - Started LahoaBeApplication in 5.476 seconds (process running for 5.775)
2026-06-08 13:13:46 INFO  [/api]:168 - Initializing Spring DispatcherServlet 'dispatcherServlet'
2026-06-08 13:13:46 INFO  DispatcherServlet:532 - Initializing Servlet 'dispatcherServlet'
2026-06-08 13:13:46 INFO  DispatcherServlet:554 - Completed initialization in 1 ms
2026-06-08 13:13:46 INFO  JwtAuthenticationFilter:37 - ➡️ Request: GET /api/admin/warehouses/dropdown
2026-06-08 13:13:46 INFO  JwtAuthenticationFilter:37 - ➡️ Request: GET /api/admin/stocktakes/warehouses/1/materials
2026-06-08 13:13:46 DEBUG SQL:135 - 
    select
        ue1_0.id,
        ue1_0.activation_token,
        ue1_0.code,
        ue1_0.created_at,
        ue1_0.email,
        ue1_0.full_name,
        ue1_0.password,
        ue1_0.phone,
        ue1_0.provider,
        ue1_0.status,
        ue1_0.updated_at,
        ue1_0.user_image_url 
    from
        users ue1_0 
    where
        ue1_0.email=?
2026-06-08 13:13:46 DEBUG SQL:135 - 
    select
        ue1_0.id,
        ue1_0.activation_token,
        ue1_0.code,
        ue1_0.created_at,
        ue1_0.email,
        ue1_0.full_name,
        ue1_0.password,
        ue1_0.phone,
        ue1_0.provider,
        ue1_0.status,
        ue1_0.updated_at,
        ue1_0.user_image_url 
    from
        users ue1_0 
    where
        ue1_0.email=?
2026-06-08 13:13:47 DEBUG SQL:135 - 
    select
        r1_0.user_id,
        r1_1.id,
        r1_1.name,
        p1_0.role_id,
        p1_1.id,
        p1_1.description,
        p1_1.name 
    from
        users_roles r1_0 
    join
        roles r1_1 
            on r1_1.id=r1_0.role_id 
    left join
        roles_permissions p1_0 
            on r1_1.id=p1_0.role_id 
    left join
        permissions p1_1 
            on p1_1.id=p1_0.permission_id 
    where
        r1_0.user_id=?
2026-06-08 13:13:47 DEBUG SQL:135 - 
    select
        r1_0.user_id,
        r1_1.id,
        r1_1.name,
        p1_0.role_id,
        p1_1.id,
        p1_1.description,
        p1_1.name 
    from
        users_roles r1_0 
    join
        roles r1_1 
            on r1_1.id=r1_0.role_id 
    left join
        roles_permissions p1_0 
            on r1_1.id=p1_0.role_id 
    left join
        permissions p1_1 
            on p1_1.id=p1_0.permission_id 
    where
        r1_0.user_id=?
2026-06-08 13:13:47 DEBUG SQL:135 - 
    select
        we1_0.id,
        we1_0.address,
        we1_0.code,
        we1_0.created_at,
        we1_0.name,
        we1_0.status,
        we1_0.updated_at 
    from
        warehouses we1_0 
    where
        we1_0.status=?
2026-06-08 13:13:47 DEBUG SQL:135 - 
    select
        we1_0.id,
        we1_0.address,
        we1_0.code,
        we1_0.created_at,
        we1_0.name,
        we1_0.status,
        we1_0.updated_at 
    from
        warehouses we1_0 
    where
        we1_0.id=?
2026-06-08 13:13:47 DEBUG SQL:135 - 
    select
        mie1_0.id,
        mie1_0.cost_price,
        mie1_0.created_at,
        mie1_0.material_id,
        m1_0.id,
        m1_0.category_id,
        m1_0.code,
        m1_0.created_at,
        m1_0.low_stock_threshold,
        m1_0.name,
        m1_0.status,
        m1_0.thumbnail,
        m1_0.thumbnail_public_id,
        m1_0.unit,
        m1_0.updated_at,
        mie1_0.on_hand,
        mie1_0.reserved,
        mie1_0.updated_at,
        mie1_0.version,
        mie1_0.warehouse_id 
    from
        material_inventories mie1_0 
    join
        materials m1_0 
            on m1_0.id=mie1_0.material_id 
    where
        mie1_0.warehouse_id=? 
        and m1_0.status<>? 
        and mie1_0.on_hand>0
2026-06-08 13:13:47 INFO  JwtAuthenticationFilter:79 - ⬅️ Response: GET /api/admin/warehouses/dropdown - 200
2026-06-08 13:13:47 INFO  JwtAuthenticationFilter:79 - ⬅️ Response: GET /api/admin/stocktakes/warehouses/1/materials - 200
2026-06-08 13:15:37 INFO  JwtAuthenticationFilter:37 - ➡️ Request: GET /api/admin/warehouses/dropdown
2026-06-08 13:15:37 DEBUG SQL:135 - 
    select
        ue1_0.id,
        ue1_0.activation_token,
        ue1_0.code,
        ue1_0.created_at,
        ue1_0.email,
        ue1_0.full_name,
        ue1_0.password,
        ue1_0.phone,
        ue1_0.provider,
        ue1_0.status,
        ue1_0.updated_at,
        ue1_0.user_image_url 
    from
        users ue1_0 
    where
        ue1_0.email=?
2026-06-08 13:15:37 DEBUG SQL:135 - 
    select
        r1_0.user_id,
        r1_1.id,
        r1_1.name,
        p1_0.role_id,
        p1_1.id,
        p1_1.description,
        p1_1.name 
    from
        users_roles r1_0 
    join
        roles r1_1 
            on r1_1.id=r1_0.role_id 
    left join
        roles_permissions p1_0 
            on r1_1.id=p1_0.role_id 
    left join
        permissions p1_1 
            on p1_1.id=p1_0.permission_id 
    where
        r1_0.user_id=?
2026-06-08 13:15:37 DEBUG SQL:135 - 
    select
        we1_0.id,
        we1_0.address,
        we1_0.code,
        we1_0.created_at,
        we1_0.name,
        we1_0.status,
        we1_0.updated_at 
    from
        warehouses we1_0 
    where
        we1_0.status=?
2026-06-08 13:15:37 INFO  JwtAuthenticationFilter:79 - ⬅️ Response: GET /api/admin/warehouses/dropdown - 200
2026-06-08 13:15:40 INFO  JwtAuthenticationFilter:37 - ➡️ Request: GET /api/admin/warehouses/dropdown
2026-06-08 13:15:40 INFO  JwtAuthenticationFilter:37 - ➡️ Request: GET /api/auth/account-info
2026-06-08 13:15:40 INFO  JwtAuthenticationFilter:37 - ➡️ Request: GET /api/admin/stocktakes/warehouses/1/materials
2026-06-08 13:15:40 DEBUG SQL:135 - 
    select
        ue1_0.id,
        ue1_0.activation_token,
        ue1_0.code,
        ue1_0.created_at,
        ue1_0.email,
        ue1_0.full_name,
        ue1_0.password,
        ue1_0.phone,
        ue1_0.provider,
        ue1_0.status,
        ue1_0.updated_at,
        ue1_0.user_image_url 
    from
        users ue1_0 
    where
        ue1_0.email=?
2026-06-08 13:15:40 DEBUG SQL:135 - 
    select
        ue1_0.id,
        ue1_0.activation_token,
        ue1_0.code,
        ue1_0.created_at,
        ue1_0.email,
        ue1_0.full_name,
        ue1_0.password,
        ue1_0.phone,
        ue1_0.provider,
        ue1_0.status,
        ue1_0.updated_at,
        ue1_0.user_image_url 
    from
        users ue1_0 
    where
        ue1_0.email=?
2026-06-08 13:15:40 DEBUG SQL:135 - 
    select
        ue1_0.id,
        ue1_0.activation_token,
        ue1_0.code,
        ue1_0.created_at,
        ue1_0.email,
        ue1_0.full_name,
        ue1_0.password,
        ue1_0.phone,
        ue1_0.provider,
        ue1_0.status,
        ue1_0.updated_at,
        ue1_0.user_image_url 
    from
        users ue1_0 
    where
        ue1_0.email=?
2026-06-08 13:15:40 DEBUG SQL:135 - 
    select
        r1_0.user_id,
        r1_1.id,
        r1_1.name,
        p1_0.role_id,
        p1_1.id,
        p1_1.description,
        p1_1.name 
    from
        users_roles r1_0 
    join
        roles r1_1 
            on r1_1.id=r1_0.role_id 
    left join
        roles_permissions p1_0 
            on r1_1.id=p1_0.role_id 
    left join
        permissions p1_1 
            on p1_1.id=p1_0.permission_id 
    where
        r1_0.user_id=?
2026-06-08 13:15:40 DEBUG SQL:135 - 
    select
        r1_0.user_id,
        r1_1.id,
        r1_1.name,
        p1_0.role_id,
        p1_1.id,
        p1_1.description,
        p1_1.name 
    from
        users_roles r1_0 
    join
        roles r1_1 
            on r1_1.id=r1_0.role_id 
    left join
        roles_permissions p1_0 
            on r1_1.id=p1_0.role_id 
    left join
        permissions p1_1 
            on p1_1.id=p1_0.permission_id 
    where
        r1_0.user_id=?
2026-06-08 13:15:40 DEBUG SQL:135 - 
    select
        r1_0.user_id,
        r1_1.id,
        r1_1.name,
        p1_0.role_id,
        p1_1.id,
        p1_1.description,
        p1_1.name 
    from
        users_roles r1_0 
    join
        roles r1_1 
            on r1_1.id=r1_0.role_id 
    left join
        roles_permissions p1_0 
            on r1_1.id=p1_0.role_id 
    left join
        permissions p1_1 
            on p1_1.id=p1_0.permission_id 
    where
        r1_0.user_id=?
2026-06-08 13:15:40 DEBUG SQL:135 - 
    select
        we1_0.id,
        we1_0.address,
        we1_0.code,
        we1_0.created_at,
        we1_0.name,
        we1_0.status,
        we1_0.updated_at 
    from
        warehouses we1_0 
    where
        we1_0.status=?
2026-06-08 13:15:40 INFO  JwtAuthenticationFilter:79 - ⬅️ Response: GET /api/admin/warehouses/dropdown - 200
2026-06-08 13:15:40 DEBUG SQL:135 - 
    select
        we1_0.id,
        we1_0.address,
        we1_0.code,
        we1_0.created_at,
        we1_0.name,
        we1_0.status,
        we1_0.updated_at 
    from
        warehouses we1_0 
    where
        we1_0.id=?
2026-06-08 13:15:40 INFO  JwtAuthenticationFilter:79 - ⬅️ Response: GET /api/auth/account-info - 200
2026-06-08 13:15:40 DEBUG SQL:135 - 
    select
        mie1_0.id,
        mie1_0.cost_price,
        mie1_0.created_at,
        mie1_0.material_id,
        m1_0.id,
        m1_0.category_id,
        m1_0.code,
        m1_0.created_at,
        m1_0.low_stock_threshold,
        m1_0.name,
        m1_0.status,
        m1_0.thumbnail,
        m1_0.thumbnail_public_id,
        m1_0.unit,
        m1_0.updated_at,
        mie1_0.on_hand,
        mie1_0.reserved,
        mie1_0.updated_at,
        mie1_0.version,
        mie1_0.warehouse_id 
    from
        material_inventories mie1_0 
    join
        materials m1_0 
            on m1_0.id=mie1_0.material_id 
    where
        mie1_0.warehouse_id=? 
        and m1_0.status<>? 
        and mie1_0.on_hand>0
2026-06-08 13:15:40 INFO  JwtAuthenticationFilter:79 - ⬅️ Response: GET /api/admin/stocktakes/warehouses/1/materials - 200
2026-06-08 13:15:42 INFO  JwtAuthenticationFilter:37 - ➡️ Request: GET /api/auth/account-info
2026-06-08 13:15:42 DEBUG SQL:135 - 
    select
        ue1_0.id,
        ue1_0.activation_token,
        ue1_0.code,
        ue1_0.created_at,
        ue1_0.email,
        ue1_0.full_name,
        ue1_0.password,
        ue1_0.phone,
        ue1_0.provider,
        ue1_0.status,
        ue1_0.updated_at,
        ue1_0.user_image_url 
    from
        users ue1_0 
    where
        ue1_0.email=?
2026-06-08 13:15:42 DEBUG SQL:135 - 
    select
        r1_0.user_id,
        r1_1.id,
        r1_1.name,
        p1_0.role_id,
        p1_1.id,
        p1_1.description,
        p1_1.name 
    from
        users_roles r1_0 
    join
        roles r1_1 
            on r1_1.id=r1_0.role_id 
    left join
        roles_permissions p1_0 
            on r1_1.id=p1_0.role_id 
    left join
        permissions p1_1 
            on p1_1.id=p1_0.permission_id 
    where
        r1_0.user_id=?
2026-06-08 13:15:42 INFO  JwtAuthenticationFilter:79 - ⬅️ Response: GET /api/auth/account-info - 200
2026-06-08 13:15:42 INFO  JwtAuthenticationFilter:37 - ➡️ Request: GET /api/auth/account-info
2026-06-08 13:15:42 DEBUG SQL:135 - 
    select
        ue1_0.id,
        ue1_0.activation_token,
        ue1_0.code,
        ue1_0.created_at,
        ue1_0.email,
        ue1_0.full_name,
        ue1_0.password,
        ue1_0.phone,
        ue1_0.provider,
        ue1_0.status,
        ue1_0.updated_at,
        ue1_0.user_image_url 
    from
        users ue1_0 
    where
        ue1_0.email=?
2026-06-08 13:15:42 INFO  JwtAuthenticationFilter:37 - ➡️ Request: GET /api/admin/warehouses/dropdown
2026-06-08 13:15:42 DEBUG SQL:135 - 
    select
        ue1_0.id,
        ue1_0.activation_token,
        ue1_0.code,
        ue1_0.created_at,
        ue1_0.email,
        ue1_0.full_name,
        ue1_0.password,
        ue1_0.phone,
        ue1_0.provider,
        ue1_0.status,
        ue1_0.updated_at,
        ue1_0.user_image_url 
    from
        users ue1_0 
    where
        ue1_0.email=?
2026-06-08 13:15:42 DEBUG SQL:135 - 
    select
        r1_0.user_id,
        r1_1.id,
        r1_1.name,
        p1_0.role_id,
        p1_1.id,
        p1_1.description,
        p1_1.name 
    from
        users_roles r1_0 
    join
        roles r1_1 
            on r1_1.id=r1_0.role_id 
    left join
        roles_permissions p1_0 
            on r1_1.id=p1_0.role_id 
    left join
        permissions p1_1 
            on p1_1.id=p1_0.permission_id 
    where
        r1_0.user_id=?
2026-06-08 13:15:42 DEBUG SQL:135 - 
    select
        r1_0.user_id,
        r1_1.id,
        r1_1.name,
        p1_0.role_id,
        p1_1.id,
        p1_1.description,
        p1_1.name 
    from
        users_roles r1_0 
    join
        roles r1_1 
            on r1_1.id=r1_0.role_id 
    left join
        roles_permissions p1_0 
            on r1_1.id=p1_0.role_id 
    left join
        permissions p1_1 
            on p1_1.id=p1_0.permission_id 
    where
        r1_0.user_id=?
2026-06-08 13:15:42 INFO  JwtAuthenticationFilter:79 - ⬅️ Response: GET /api/auth/account-info - 200
2026-06-08 13:15:42 DEBUG SQL:135 - 
    select
        we1_0.id,
        we1_0.address,
        we1_0.code,
        we1_0.created_at,
        we1_0.name,
        we1_0.status,
        we1_0.updated_at 
    from
        warehouses we1_0 
    where
        we1_0.status=?
2026-06-08 13:15:42 INFO  JwtAuthenticationFilter:79 - ⬅️ Response: GET /api/admin/warehouses/dropdown - 200
2026-06-08 13:15:45 INFO  JwtAuthenticationFilter:37 - ➡️ Request: GET /api/admin/stocktakes/warehouses/1/materials
2026-06-08 13:15:45 DEBUG SQL:135 - 
    select
        ue1_0.id,
        ue1_0.activation_token,
        ue1_0.code,
        ue1_0.created_at,
        ue1_0.email,
        ue1_0.full_name,
        ue1_0.password,
        ue1_0.phone,
        ue1_0.provider,
        ue1_0.status,
        ue1_0.updated_at,
        ue1_0.user_image_url 
    from
        users ue1_0 
    where
        ue1_0.email=?
2026-06-08 13:15:45 DEBUG SQL:135 - 
    select
        r1_0.user_id,
        r1_1.id,
        r1_1.name,
        p1_0.role_id,
        p1_1.id,
        p1_1.description,
        p1_1.name 
    from
        users_roles r1_0 
    join
        roles r1_1 
            on r1_1.id=r1_0.role_id 
    left join
        roles_permissions p1_0 
            on r1_1.id=p1_0.role_id 
    left join
        permissions p1_1 
            on p1_1.id=p1_0.permission_id 
    where
        r1_0.user_id=?
2026-06-08 13:15:45 DEBUG SQL:135 - 
    select
        we1_0.id,
        we1_0.address,
        we1_0.code,
        we1_0.created_at,
        we1_0.name,
        we1_0.status,
        we1_0.updated_at 
    from
        warehouses we1_0 
    where
        we1_0.id=?
2026-06-08 13:15:45 DEBUG SQL:135 - 
    select
        mie1_0.id,
        mie1_0.cost_price,
        mie1_0.created_at,
        mie1_0.material_id,
        m1_0.id,
        m1_0.category_id,
        m1_0.code,
        m1_0.created_at,
        m1_0.low_stock_threshold,
        m1_0.name,
        m1_0.status,
        m1_0.thumbnail,
        m1_0.thumbnail_public_id,
        m1_0.unit,
        m1_0.updated_at,
        mie1_0.on_hand,
        mie1_0.reserved,
        mie1_0.updated_at,
        mie1_0.version,
        mie1_0.warehouse_id 
    from
        material_inventories mie1_0 
    join
        materials m1_0 
            on m1_0.id=mie1_0.material_id 
    where
        mie1_0.warehouse_id=? 
        and m1_0.status<>? 
        and mie1_0.on_hand>0
2026-06-08 13:15:45 INFO  JwtAuthenticationFilter:79 - ⬅️ Response: GET /api/admin/stocktakes/warehouses/1/materials - 200
2026-06-08 13:16:28 INFO  JwtAuthenticationFilter:37 - ➡️ Request: GET /api/auth/account-info
2026-06-08 13:16:28 DEBUG SQL:135 - 
    select
        ue1_0.id,
        ue1_0.activation_token,
        ue1_0.code,
        ue1_0.created_at,
        ue1_0.email,
        ue1_0.full_name,
        ue1_0.password,
        ue1_0.phone,
        ue1_0.provider,
        ue1_0.status,
        ue1_0.updated_at,
        ue1_0.user_image_url 
    from
        users ue1_0 
    where
        ue1_0.email=?
2026-06-08 13:16:28 DEBUG SQL:135 - 
    select
        r1_0.user_id,
        r1_1.id,
        r1_1.name,
        p1_0.role_id,
        p1_1.id,
        p1_1.description,
        p1_1.name 
    from
        users_roles r1_0 
    join
        roles r1_1 
            on r1_1.id=r1_0.role_id 
    left join
        roles_permissions p1_0 
            on r1_1.id=p1_0.role_id 
    left join
        permissions p1_1 
            on p1_1.id=p1_0.permission_id 
    where
        r1_0.user_id=?
2026-06-08 13:16:28 INFO  JwtAuthenticationFilter:79 - ⬅️ Response: GET /api/auth/account-info - 200
2026-06-08 13:16:29 INFO  JwtAuthenticationFilter:37 - ➡️ Request: GET /api/auth/account-info
2026-06-08 13:16:29 INFO  JwtAuthenticationFilter:37 - ➡️ Request: GET /api/admin/warehouses/dropdown
2026-06-08 13:16:29 DEBUG SQL:135 - 
    select
        ue1_0.id,
        ue1_0.activation_token,
        ue1_0.code,
        ue1_0.created_at,
        ue1_0.email,
        ue1_0.full_name,
        ue1_0.password,
        ue1_0.phone,
        ue1_0.provider,
        ue1_0.status,
        ue1_0.updated_at,
        ue1_0.user_image_url 
    from
        users ue1_0 
    where
        ue1_0.email=?
2026-06-08 13:16:29 DEBUG SQL:135 - 
    select
        ue1_0.id,
        ue1_0.activation_token,
        ue1_0.code,
        ue1_0.created_at,
        ue1_0.email,
        ue1_0.full_name,
        ue1_0.password,
        ue1_0.phone,
        ue1_0.provider,
        ue1_0.status,
        ue1_0.updated_at,
        ue1_0.user_image_url 
    from
        users ue1_0 
    where
        ue1_0.email=?
2026-06-08 13:16:29 DEBUG SQL:135 - 
    select
        r1_0.user_id,
        r1_1.id,
        r1_1.name,
        p1_0.role_id,
        p1_1.id,
        p1_1.description,
        p1_1.name 
    from
        users_roles r1_0 
    join
        roles r1_1 
            on r1_1.id=r1_0.role_id 
    left join
        roles_permissions p1_0 
            on r1_1.id=p1_0.role_id 
    left join
        permissions p1_1 
            on p1_1.id=p1_0.permission_id 
    where
        r1_0.user_id=?
2026-06-08 13:16:29 DEBUG SQL:135 - 
    select
        r1_0.user_id,
        r1_1.id,
        r1_1.name,
        p1_0.role_id,
        p1_1.id,
        p1_1.description,
        p1_1.name 
    from
        users_roles r1_0 
    join
        roles r1_1 
            on r1_1.id=r1_0.role_id 
    left join
        roles_permissions p1_0 
            on r1_1.id=p1_0.role_id 
    left join
        permissions p1_1 
            on p1_1.id=p1_0.permission_id 
    where
        r1_0.user_id=?
2026-06-08 13:16:29 INFO  JwtAuthenticationFilter:79 - ⬅️ Response: GET /api/auth/account-info - 200
2026-06-08 13:16:29 DEBUG SQL:135 - 
    select
        we1_0.id,
        we1_0.address,
        we1_0.code,
        we1_0.created_at,
        we1_0.name,
        we1_0.status,
        we1_0.updated_at 
    from
        warehouses we1_0 
    where
        we1_0.status=?
2026-06-08 13:16:29 INFO  JwtAuthenticationFilter:79 - ⬅️ Response: GET /api/admin/warehouses/dropdown - 200
2026-06-08 13:17:46 INFO  JwtAuthenticationFilter:37 - ➡️ Request: GET /api/admin/warehouses/dropdown
2026-06-08 13:17:46 DEBUG SQL:135 - 
    select
        ue1_0.id,
        ue1_0.activation_token,
        ue1_0.code,
        ue1_0.created_at,
        ue1_0.email,
        ue1_0.full_name,
        ue1_0.password,
        ue1_0.phone,
        ue1_0.provider,
        ue1_0.status,
        ue1_0.updated_at,
        ue1_0.user_image_url 
    from
        users ue1_0 
    where
        ue1_0.email=?
2026-06-08 13:17:46 DEBUG SQL:135 - 
    select
        r1_0.user_id,
        r1_1.id,
        r1_1.name,
        p1_0.role_id,
        p1_1.id,
        p1_1.description,
        p1_1.name 
    from
        users_roles r1_0 
    join
        roles r1_1 
            on r1_1.id=r1_0.role_id 
    left join
        roles_permissions p1_0 
            on r1_1.id=p1_0.role_id 
    left join
        permissions p1_1 
            on p1_1.id=p1_0.permission_id 
    where
        r1_0.user_id=?
2026-06-08 13:17:46 DEBUG SQL:135 - 
    select
        we1_0.id,
        we1_0.address,
        we1_0.code,
        we1_0.created_at,
        we1_0.name,
        we1_0.status,
        we1_0.updated_at 
    from
        warehouses we1_0 
    where
        we1_0.status=?
2026-06-08 13:17:46 INFO  JwtAuthenticationFilter:79 - ⬅️ Response: GET /api/admin/warehouses/dropdown - 200
2026-06-08 13:50:04 WARN  HikariPool:825 - HikariPool-1 - Thread starvation or clock leap detected (housekeeper delta=32m25s832ms).
2026-06-08 15:18:54 WARN  HikariPool:825 - HikariPool-1 - Thread starvation or clock leap detected (housekeeper delta=1h28m50s129ms).
2026-06-08 15:46:28 WARN  HikariPool:825 - HikariPool-1 - Thread starvation or clock leap detected (housekeeper delta=27m3s719ms).
2026-06-08 15:54:52 INFO  JwtAuthenticationFilter:37 - ➡️ Request: GET /api/admin/warehouses/dropdown
2026-06-08 15:54:52 INFO  JwtAuthenticationFilter:37 - ➡️ Request: GET /api/auth/account-info
2026-06-08 15:54:52 INFO  JwtAuthenticationFilter:79 - ⬅️ Response: GET /api/auth/account-info - 401
2026-06-08 15:54:52 INFO  JwtAuthenticationFilter:79 - ⬅️ Response: GET /api/admin/warehouses/dropdown - 401
2026-06-08 15:54:52 INFO  JwtAuthenticationFilter:37 - ➡️ Request: POST /api/auth/refresh
2026-06-08 15:54:52 DEBUG SQL:135 - 
    select
        rte1_0.id,
        rte1_0.created_at,
        rte1_0.expiry_date,
        rte1_0.token,
        rte1_0.updated_at,
        rte1_0.user_id 
    from
        refresh_token rte1_0 
    where
        rte1_0.token=?
2026-06-08 15:54:52 DEBUG SQL:135 - 
    select
        ue1_0.id,
        ue1_0.activation_token,
        ue1_0.code,
        ue1_0.created_at,
        ue1_0.email,
        ue1_0.full_name,
        ue1_0.password,
        ue1_0.phone,
        ue1_0.provider,
        r1_0.user_id,
        r1_1.id,
        r1_1.name,
        p1_0.role_id,
        p1_1.id,
        p1_1.description,
        p1_1.name,
        ue1_0.status,
        ue1_0.updated_at,
        ue1_0.user_image_url 
    from
        users ue1_0 
    left join
        users_roles r1_0 
            on ue1_0.id=r1_0.user_id 
    left join
        roles r1_1 
            on r1_1.id=r1_0.role_id 
    left join
        roles_permissions p1_0 
            on r1_1.id=p1_0.role_id 
    left join
        permissions p1_1 
            on p1_1.id=p1_0.permission_id 
    where
        ue1_0.id=?
2026-06-08 15:54:52 INFO  JwtAuthenticationFilter:79 - ⬅️ Response: POST /api/auth/refresh - 200
2026-06-08 15:54:52 INFO  JwtAuthenticationFilter:37 - ➡️ Request: GET /api/auth/account-info
2026-06-08 15:54:52 INFO  JwtAuthenticationFilter:37 - ➡️ Request: GET /api/admin/warehouses/dropdown
2026-06-08 15:54:52 DEBUG SQL:135 - 
    select
        ue1_0.id,
        ue1_0.activation_token,
        ue1_0.code,
        ue1_0.created_at,
        ue1_0.email,
        ue1_0.full_name,
        ue1_0.password,
        ue1_0.phone,
        ue1_0.provider,
        ue1_0.status,
        ue1_0.updated_at,
        ue1_0.user_image_url 
    from
        users ue1_0 
    where
        ue1_0.email=?
2026-06-08 15:54:52 DEBUG SQL:135 - 
    select
        ue1_0.id,
        ue1_0.activation_token,
        ue1_0.code,
        ue1_0.created_at,
        ue1_0.email,
        ue1_0.full_name,
        ue1_0.password,
        ue1_0.phone,
        ue1_0.provider,
        ue1_0.status,
        ue1_0.updated_at,
        ue1_0.user_image_url 
    from
        users ue1_0 
    where
        ue1_0.email=?
2026-06-08 15:54:52 DEBUG SQL:135 - 
    select
        r1_0.user_id,
        r1_1.id,
        r1_1.name,
        p1_0.role_id,
        p1_1.id,
        p1_1.description,
        p1_1.name 
    from
        users_roles r1_0 
    join
        roles r1_1 
            on r1_1.id=r1_0.role_id 
    left join
        roles_permissions p1_0 
            on r1_1.id=p1_0.role_id 
    left join
        permissions p1_1 
            on p1_1.id=p1_0.permission_id 
    where
        r1_0.user_id=?
2026-06-08 15:54:52 DEBUG SQL:135 - 
    select
        r1_0.user_id,
        r1_1.id,
        r1_1.name,
        p1_0.role_id,
        p1_1.id,
        p1_1.description,
        p1_1.name 
    from
        users_roles r1_0 
    join
        roles r1_1 
            on r1_1.id=r1_0.role_id 
    left join
        roles_permissions p1_0 
            on r1_1.id=p1_0.role_id 
    left join
        permissions p1_1 
            on p1_1.id=p1_0.permission_id 
    where
        r1_0.user_id=?
2026-06-08 15:54:52 INFO  JwtAuthenticationFilter:79 - ⬅️ Response: GET /api/auth/account-info - 200
2026-06-08 15:54:52 DEBUG SQL:135 - 
    select
        we1_0.id,
        we1_0.address,
        we1_0.code,
        we1_0.created_at,
        we1_0.name,
        we1_0.status,
        we1_0.updated_at 
    from
        warehouses we1_0 
    where
        we1_0.status=?
2026-06-08 15:54:52 INFO  JwtAuthenticationFilter:79 - ⬅️ Response: GET /api/admin/warehouses/dropdown - 200
2026-06-08 15:54:59 INFO  JwtAuthenticationFilter:37 - ➡️ Request: GET /api/admin/stocktakes/warehouses/1/materials
2026-06-08 15:54:59 DEBUG SQL:135 - 
    select
        ue1_0.id,
        ue1_0.activation_token,
        ue1_0.code,
        ue1_0.created_at,
        ue1_0.email,
        ue1_0.full_name,
        ue1_0.password,
        ue1_0.phone,
        ue1_0.provider,
        ue1_0.status,
        ue1_0.updated_at,
        ue1_0.user_image_url 
    from
        users ue1_0 
    where
        ue1_0.email=?
2026-06-08 15:54:59 DEBUG SQL:135 - 
    select
        r1_0.user_id,
        r1_1.id,
        r1_1.name,
        p1_0.role_id,
        p1_1.id,
        p1_1.description,
        p1_1.name 
    from
        users_roles r1_0 
    join
        roles r1_1 
            on r1_1.id=r1_0.role_id 
    left join
        roles_permissions p1_0 
            on r1_1.id=p1_0.role_id 
    left join
        permissions p1_1 
            on p1_1.id=p1_0.permission_id 
    where
        r1_0.user_id=?
2026-06-08 15:54:59 DEBUG SQL:135 - 
    select
        we1_0.id,
        we1_0.address,
        we1_0.code,
        we1_0.created_at,
        we1_0.name,
        we1_0.status,
        we1_0.updated_at 
    from
        warehouses we1_0 
    where
        we1_0.id=?
2026-06-08 15:54:59 DEBUG SQL:135 - 
    select
        mie1_0.id,
        mie1_0.cost_price,
        mie1_0.created_at,
        mie1_0.material_id,
        m1_0.id,
        m1_0.category_id,
        m1_0.code,
        m1_0.created_at,
        m1_0.low_stock_threshold,
        m1_0.name,
        m1_0.status,
        m1_0.thumbnail,
        m1_0.thumbnail_public_id,
        m1_0.unit,
        m1_0.updated_at,
        mie1_0.on_hand,
        mie1_0.reserved,
        mie1_0.updated_at,
        mie1_0.version,
        mie1_0.warehouse_id 
    from
        material_inventories mie1_0 
    join
        materials m1_0 
            on m1_0.id=mie1_0.material_id 
    where
        mie1_0.warehouse_id=? 
        and m1_0.status<>? 
        and mie1_0.on_hand>0
2026-06-08 15:54:59 INFO  JwtAuthenticationFilter:79 - ⬅️ Response: GET /api/admin/stocktakes/warehouses/1/materials - 200
2026-06-08 15:56:11 INFO  JwtAuthenticationFilter:37 - ➡️ Request: GET /api/admin/stocktakes/warehouses/1/materials
2026-06-08 15:56:11 INFO  JwtAuthenticationFilter:37 - ➡️ Request: GET /api/admin/warehouses/dropdown
2026-06-08 15:56:11 DEBUG SQL:135 - 
    select
        ue1_0.id,
        ue1_0.activation_token,
        ue1_0.code,
        ue1_0.created_at,
        ue1_0.email,
        ue1_0.full_name,
        ue1_0.password,
        ue1_0.phone,
        ue1_0.provider,
        ue1_0.status,
        ue1_0.updated_at,
        ue1_0.user_image_url 
    from
        users ue1_0 
    where
        ue1_0.email=?
2026-06-08 15:56:11 DEBUG SQL:135 - 
    select
        ue1_0.id,
        ue1_0.activation_token,
        ue1_0.code,
        ue1_0.created_at,
        ue1_0.email,
        ue1_0.full_name,
        ue1_0.password,
        ue1_0.phone,
        ue1_0.provider,
        ue1_0.status,
        ue1_0.updated_at,
        ue1_0.user_image_url 
    from
        users ue1_0 
    where
        ue1_0.email=?
2026-06-08 15:56:11 DEBUG SQL:135 - 
    select
        r1_0.user_id,
        r1_1.id,
        r1_1.name,
        p1_0.role_id,
        p1_1.id,
        p1_1.description,
        p1_1.name 
    from
        users_roles r1_0 
    join
        roles r1_1 
            on r1_1.id=r1_0.role_id 
    left join
        roles_permissions p1_0 
            on r1_1.id=p1_0.role_id 
    left join
        permissions p1_1 
            on p1_1.id=p1_0.permission_id 
    where
        r1_0.user_id=?
2026-06-08 15:56:11 DEBUG SQL:135 - 
    select
        r1_0.user_id,
        r1_1.id,
        r1_1.name,
        p1_0.role_id,
        p1_1.id,
        p1_1.description,
        p1_1.name 
    from
        users_roles r1_0 
    join
        roles r1_1 
            on r1_1.id=r1_0.role_id 
    left join
        roles_permissions p1_0 
            on r1_1.id=p1_0.role_id 
    left join
        permissions p1_1 
            on p1_1.id=p1_0.permission_id 
    where
        r1_0.user_id=?
2026-06-08 15:56:11 DEBUG SQL:135 - 
    select
        we1_0.id,
        we1_0.address,
        we1_0.code,
        we1_0.created_at,
        we1_0.name,
        we1_0.status,
        we1_0.updated_at 
    from
        warehouses we1_0 
    where
        we1_0.id=?
2026-06-08 15:56:11 DEBUG SQL:135 - 
    select
        we1_0.id,
        we1_0.address,
        we1_0.code,
        we1_0.created_at,
        we1_0.name,
        we1_0.status,
        we1_0.updated_at 
    from
        warehouses we1_0 
    where
        we1_0.status=?
2026-06-08 15:56:11 DEBUG SQL:135 - 
    select
        mie1_0.id,
        mie1_0.cost_price,
        mie1_0.created_at,
        mie1_0.material_id,
        m1_0.id,
        m1_0.category_id,
        m1_0.code,
        m1_0.created_at,
        m1_0.low_stock_threshold,
        m1_0.name,
        m1_0.status,
        m1_0.thumbnail,
        m1_0.thumbnail_public_id,
        m1_0.unit,
        m1_0.updated_at,
        mie1_0.on_hand,
        mie1_0.reserved,
        mie1_0.updated_at,
        mie1_0.version,
        mie1_0.warehouse_id 
    from
        material_inventories mie1_0 
    join
        materials m1_0 
            on m1_0.id=mie1_0.material_id 
    where
        mie1_0.warehouse_id=? 
        and m1_0.status<>? 
        and mie1_0.on_hand>0
2026-06-08 15:56:11 INFO  JwtAuthenticationFilter:79 - ⬅️ Response: GET /api/admin/warehouses/dropdown - 200
2026-06-08 15:56:11 INFO  JwtAuthenticationFilter:79 - ⬅️ Response: GET /api/admin/stocktakes/warehouses/1/materials - 200
2026-06-08 15:56:38 INFO  JwtAuthenticationFilter:37 - ➡️ Request: GET /api/admin/warehouses/dropdown
2026-06-08 15:56:38 INFO  JwtAuthenticationFilter:37 - ➡️ Request: GET /api/admin/stocktakes/warehouses/1/materials
2026-06-08 15:56:38 DEBUG SQL:135 - 
    select
        ue1_0.id,
        ue1_0.activation_token,
        ue1_0.code,
        ue1_0.created_at,
        ue1_0.email,
        ue1_0.full_name,
        ue1_0.password,
        ue1_0.phone,
        ue1_0.provider,
        ue1_0.status,
        ue1_0.updated_at,
        ue1_0.user_image_url 
    from
        users ue1_0 
    where
        ue1_0.email=?
2026-06-08 15:56:38 DEBUG SQL:135 - 
    select
        ue1_0.id,
        ue1_0.activation_token,
        ue1_0.code,
        ue1_0.created_at,
        ue1_0.email,
        ue1_0.full_name,
        ue1_0.password,
        ue1_0.phone,
        ue1_0.provider,
        ue1_0.status,
        ue1_0.updated_at,
        ue1_0.user_image_url 
    from
        users ue1_0 
    where
        ue1_0.email=?
2026-06-08 15:56:38 DEBUG SQL:135 - 
    select
        r1_0.user_id,
        r1_1.id,
        r1_1.name,
        p1_0.role_id,
        p1_1.id,
        p1_1.description,
        p1_1.name 
    from
        users_roles r1_0 
    join
        roles r1_1 
            on r1_1.id=r1_0.role_id 
    left join
        roles_permissions p1_0 
            on r1_1.id=p1_0.role_id 
    left join
        permissions p1_1 
            on p1_1.id=p1_0.permission_id 
    where
        r1_0.user_id=?
2026-06-08 15:56:38 DEBUG SQL:135 - 
    select
        r1_0.user_id,
        r1_1.id,
        r1_1.name,
        p1_0.role_id,
        p1_1.id,
        p1_1.description,
        p1_1.name 
    from
        users_roles r1_0 
    join
        roles r1_1 
            on r1_1.id=r1_0.role_id 
    left join
        roles_permissions p1_0 
            on r1_1.id=p1_0.role_id 
    left join
        permissions p1_1 
            on p1_1.id=p1_0.permission_id 
    where
        r1_0.user_id=?
2026-06-08 15:56:38 DEBUG SQL:135 - 
    select
        we1_0.id,
        we1_0.address,
        we1_0.code,
        we1_0.created_at,
        we1_0.name,
        we1_0.status,
        we1_0.updated_at 
    from
        warehouses we1_0 
    where
        we1_0.status=?
2026-06-08 15:56:38 INFO  JwtAuthenticationFilter:79 - ⬅️ Response: GET /api/admin/warehouses/dropdown - 200
2026-06-08 15:56:38 DEBUG SQL:135 - 
    select
        we1_0.id,
        we1_0.address,
        we1_0.code,
        we1_0.created_at,
        we1_0.name,
        we1_0.status,
        we1_0.updated_at 
    from
        warehouses we1_0 
    where
        we1_0.id=?
2026-06-08 15:56:38 DEBUG SQL:135 - 
    select
        mie1_0.id,
        mie1_0.cost_price,
        mie1_0.created_at,
        mie1_0.material_id,
        m1_0.id,
        m1_0.category_id,
        m1_0.code,
        m1_0.created_at,
        m1_0.low_stock_threshold,
        m1_0.name,
        m1_0.status,
        m1_0.thumbnail,
        m1_0.thumbnail_public_id,
        m1_0.unit,
        m1_0.updated_at,
        mie1_0.on_hand,
        mie1_0.reserved,
        mie1_0.updated_at,
        mie1_0.version,
        mie1_0.warehouse_id 
    from
        material_inventories mie1_0 
    join
        materials m1_0 
            on m1_0.id=mie1_0.material_id 
    where
        mie1_0.warehouse_id=? 
        and m1_0.status<>? 
        and mie1_0.on_hand>0
2026-06-08 15:56:38 INFO  JwtAuthenticationFilter:79 - ⬅️ Response: GET /api/admin/stocktakes/warehouses/1/materials - 200
2026-06-08 15:57:31 INFO  JwtAuthenticationFilter:37 - ➡️ Request: GET /api/admin/warehouses/dropdown
2026-06-08 15:57:31 INFO  JwtAuthenticationFilter:37 - ➡️ Request: GET /api/admin/stocktakes/warehouses/1/materials
2026-06-08 15:57:31 DEBUG SQL:135 - 
    select
        ue1_0.id,
        ue1_0.activation_token,
        ue1_0.code,
        ue1_0.created_at,
        ue1_0.email,
        ue1_0.full_name,
        ue1_0.password,
        ue1_0.phone,
        ue1_0.provider,
        ue1_0.status,
        ue1_0.updated_at,
        ue1_0.user_image_url 
    from
        users ue1_0 
    where
        ue1_0.email=?
2026-06-08 15:57:31 DEBUG SQL:135 - 
    select
        ue1_0.id,
        ue1_0.activation_token,
        ue1_0.code,
        ue1_0.created_at,
        ue1_0.email,
        ue1_0.full_name,
        ue1_0.password,
        ue1_0.phone,
        ue1_0.provider,
        ue1_0.status,
        ue1_0.updated_at,
        ue1_0.user_image_url 
    from
        users ue1_0 
    where
        ue1_0.email=?
2026-06-08 15:57:31 DEBUG SQL:135 - 
    select
        r1_0.user_id,
        r1_1.id,
        r1_1.name,
        p1_0.role_id,
        p1_1.id,
        p1_1.description,
        p1_1.name 
    from
        users_roles r1_0 
    join
        roles r1_1 
            on r1_1.id=r1_0.role_id 
    left join
        roles_permissions p1_0 
            on r1_1.id=p1_0.role_id 
    left join
        permissions p1_1 
            on p1_1.id=p1_0.permission_id 
    where
        r1_0.user_id=?
2026-06-08 15:57:31 DEBUG SQL:135 - 
    select
        r1_0.user_id,
        r1_1.id,
        r1_1.name,
        p1_0.role_id,
        p1_1.id,
        p1_1.description,
        p1_1.name 
    from
        users_roles r1_0 
    join
        roles r1_1 
            on r1_1.id=r1_0.role_id 
    left join
        roles_permissions p1_0 
            on r1_1.id=p1_0.role_id 
    left join
        permissions p1_1 
            on p1_1.id=p1_0.permission_id 
    where
        r1_0.user_id=?
2026-06-08 15:57:31 DEBUG SQL:135 - 
    select
        we1_0.id,
        we1_0.address,
        we1_0.code,
        we1_0.created_at,
        we1_0.name,
        we1_0.status,
        we1_0.updated_at 
    from
        warehouses we1_0 
    where
        we1_0.id=?
2026-06-08 15:57:31 DEBUG SQL:135 - 
    select
        we1_0.id,
        we1_0.address,
        we1_0.code,
        we1_0.created_at,
        we1_0.name,
        we1_0.status,
        we1_0.updated_at 
    from
        warehouses we1_0 
    where
        we1_0.status=?
2026-06-08 15:57:31 DEBUG SQL:135 - 
    select
        mie1_0.id,
        mie1_0.cost_price,
        mie1_0.created_at,
        mie1_0.material_id,
        m1_0.id,
        m1_0.category_id,
        m1_0.code,
        m1_0.created_at,
        m1_0.low_stock_threshold,
        m1_0.name,
        m1_0.status,
        m1_0.thumbnail,
        m1_0.thumbnail_public_id,
        m1_0.unit,
        m1_0.updated_at,
        mie1_0.on_hand,
        mie1_0.reserved,
        mie1_0.updated_at,
        mie1_0.version,
        mie1_0.warehouse_id 
    from
        material_inventories mie1_0 
    join
        materials m1_0 
            on m1_0.id=mie1_0.material_id 
    where
        mie1_0.warehouse_id=? 
        and m1_0.status<>? 
        and mie1_0.on_hand>0
2026-06-08 15:57:31 INFO  JwtAuthenticationFilter:79 - ⬅️ Response: GET /api/admin/warehouses/dropdown - 200
2026-06-08 15:57:31 INFO  JwtAuthenticationFilter:79 - ⬅️ Response: GET /api/admin/stocktakes/warehouses/1/materials - 200
2026-06-08 15:58:57 INFO  JwtAuthenticationFilter:37 - ➡️ Request: GET /api/admin/stocktakes/warehouses/1/materials
2026-06-08 15:58:57 INFO  JwtAuthenticationFilter:37 - ➡️ Request: GET /api/admin/warehouses/dropdown
2026-06-08 15:58:57 DEBUG SQL:135 - 
    select
        ue1_0.id,
        ue1_0.activation_token,
        ue1_0.code,
        ue1_0.created_at,
        ue1_0.email,
        ue1_0.full_name,
        ue1_0.password,
        ue1_0.phone,
        ue1_0.provider,
        ue1_0.status,
        ue1_0.updated_at,
        ue1_0.user_image_url 
    from
        users ue1_0 
    where
        ue1_0.email=?
2026-06-08 15:58:57 DEBUG SQL:135 - 
    select
        r1_0.user_id,
        r1_1.id,
        r1_1.name,
        p1_0.role_id,
        p1_1.id,
        p1_1.description,
        p1_1.name 
    from
        users_roles r1_0 
    join
        roles r1_1 
            on r1_1.id=r1_0.role_id 
    left join
        roles_permissions p1_0 
            on r1_1.id=p1_0.role_id 
    left join
        permissions p1_1 
            on p1_1.id=p1_0.permission_id 
    where
        r1_0.user_id=?
2026-06-08 15:58:57 DEBUG SQL:135 - 
    select
        ue1_0.id,
        ue1_0.activation_token,
        ue1_0.code,
        ue1_0.created_at,
        ue1_0.email,
        ue1_0.full_name,
        ue1_0.password,
        ue1_0.phone,
        ue1_0.provider,
        ue1_0.status,
        ue1_0.updated_at,
        ue1_0.user_image_url 
    from
        users ue1_0 
    where
        ue1_0.email=?
2026-06-08 15:58:57 DEBUG SQL:135 - 
    select
        r1_0.user_id,
        r1_1.id,
        r1_1.name,
        p1_0.role_id,
        p1_1.id,
        p1_1.description,
        p1_1.name 
    from
        users_roles r1_0 
    join
        roles r1_1 
            on r1_1.id=r1_0.role_id 
    left join
        roles_permissions p1_0 
            on r1_1.id=p1_0.role_id 
    left join
        permissions p1_1 
            on p1_1.id=p1_0.permission_id 
    where
        r1_0.user_id=?
2026-06-08 15:58:57 DEBUG SQL:135 - 
    select
        we1_0.id,
        we1_0.address,
        we1_0.code,
        we1_0.created_at,
        we1_0.name,
        we1_0.status,
        we1_0.updated_at 
    from
        warehouses we1_0 
    where
        we1_0.id=?
2026-06-08 15:58:57 DEBUG SQL:135 - 
    select
        mie1_0.id,
        mie1_0.cost_price,
        mie1_0.created_at,
        mie1_0.material_id,
        m1_0.id,
        m1_0.category_id,
        m1_0.code,
        m1_0.created_at,
        m1_0.low_stock_threshold,
        m1_0.name,
        m1_0.status,
        m1_0.thumbnail,
        m1_0.thumbnail_public_id,
        m1_0.unit,
        m1_0.updated_at,
        mie1_0.on_hand,
        mie1_0.reserved,
        mie1_0.updated_at,
        mie1_0.version,
        mie1_0.warehouse_id 
    from
        material_inventories mie1_0 
    join
        materials m1_0 
            on m1_0.id=mie1_0.material_id 
    where
        mie1_0.warehouse_id=? 
        and m1_0.status<>? 
        and mie1_0.on_hand>0
2026-06-08 15:58:57 INFO  JwtAuthenticationFilter:79 - ⬅️ Response: GET /api/admin/stocktakes/warehouses/1/materials - 200
2026-06-08 15:58:57 DEBUG SQL:135 - 
    select
        we1_0.id,
        we1_0.address,
        we1_0.code,
        we1_0.created_at,
        we1_0.name,
        we1_0.status,
        we1_0.updated_at 
    from
        warehouses we1_0 
    where
        we1_0.status=?
2026-06-08 15:58:57 INFO  JwtAuthenticationFilter:79 - ⬅️ Response: GET /api/admin/warehouses/dropdown - 200
2026-06-08 16:00:52 INFO  JwtAuthenticationFilter:37 - ➡️ Request: GET /api/auth/account-info
2026-06-08 16:00:52 INFO  JwtAuthenticationFilter:37 - ➡️ Request: GET /api/admin/warehouses/dropdown
2026-06-08 16:00:52 INFO  JwtAuthenticationFilter:37 - ➡️ Request: GET /api/admin/stocktakes/warehouses/1/materials
2026-06-08 16:00:52 DEBUG SQL:135 - 
    select
        ue1_0.id,
        ue1_0.activation_token,
        ue1_0.code,
        ue1_0.created_at,
        ue1_0.email,
        ue1_0.full_name,
        ue1_0.password,
        ue1_0.phone,
        ue1_0.provider,
        ue1_0.status,
        ue1_0.updated_at,
        ue1_0.user_image_url 
    from
        users ue1_0 
    where
        ue1_0.email=?
2026-06-08 16:00:52 DEBUG SQL:135 - 
    select
        ue1_0.id,
        ue1_0.activation_token,
        ue1_0.code,
        ue1_0.created_at,
        ue1_0.email,
        ue1_0.full_name,
        ue1_0.password,
        ue1_0.phone,
        ue1_0.provider,
        ue1_0.status,
        ue1_0.updated_at,
        ue1_0.user_image_url 
    from
        users ue1_0 
    where
        ue1_0.email=?
2026-06-08 16:00:52 DEBUG SQL:135 - 
    select
        ue1_0.id,
        ue1_0.activation_token,
        ue1_0.code,
        ue1_0.created_at,
        ue1_0.email,
        ue1_0.full_name,
        ue1_0.password,
        ue1_0.phone,
        ue1_0.provider,
        ue1_0.status,
        ue1_0.updated_at,
        ue1_0.user_image_url 
    from
        users ue1_0 
    where
        ue1_0.email=?
2026-06-08 16:00:52 DEBUG SQL:135 - 
    select
        r1_0.user_id,
        r1_1.id,
        r1_1.name,
        p1_0.role_id,
        p1_1.id,
        p1_1.description,
        p1_1.name 
    from
        users_roles r1_0 
    join
        roles r1_1 
            on r1_1.id=r1_0.role_id 
    left join
        roles_permissions p1_0 
            on r1_1.id=p1_0.role_id 
    left join
        permissions p1_1 
            on p1_1.id=p1_0.permission_id 
    where
        r1_0.user_id=?
2026-06-08 16:00:52 DEBUG SQL:135 - 
    select
        r1_0.user_id,
        r1_1.id,
        r1_1.name,
        p1_0.role_id,
        p1_1.id,
        p1_1.description,
        p1_1.name 
    from
        users_roles r1_0 
    join
        roles r1_1 
            on r1_1.id=r1_0.role_id 
    left join
        roles_permissions p1_0 
            on r1_1.id=p1_0.role_id 
    left join
        permissions p1_1 
            on p1_1.id=p1_0.permission_id 
    where
        r1_0.user_id=?
2026-06-08 16:00:52 DEBUG SQL:135 - 
    select
        r1_0.user_id,
        r1_1.id,
        r1_1.name,
        p1_0.role_id,
        p1_1.id,
        p1_1.description,
        p1_1.name 
    from
        users_roles r1_0 
    join
        roles r1_1 
            on r1_1.id=r1_0.role_id 
    left join
        roles_permissions p1_0 
            on r1_1.id=p1_0.role_id 
    left join
        permissions p1_1 
            on p1_1.id=p1_0.permission_id 
    where
        r1_0.user_id=?
2026-06-08 16:00:52 DEBUG SQL:135 - 
    select
        we1_0.id,
        we1_0.address,
        we1_0.code,
        we1_0.created_at,
        we1_0.name,
        we1_0.status,
        we1_0.updated_at 
    from
        warehouses we1_0 
    where
        we1_0.id=?
2026-06-08 16:00:52 INFO  JwtAuthenticationFilter:79 - ⬅️ Response: GET /api/auth/account-info - 200
2026-06-08 16:00:52 DEBUG SQL:135 - 
    select
        we1_0.id,
        we1_0.address,
        we1_0.code,
        we1_0.created_at,
        we1_0.name,
        we1_0.status,
        we1_0.updated_at 
    from
        warehouses we1_0 
    where
        we1_0.status=?
2026-06-08 16:00:52 DEBUG SQL:135 - 
    select
        mie1_0.id,
        mie1_0.cost_price,
        mie1_0.created_at,
        mie1_0.material_id,
        m1_0.id,
        m1_0.category_id,
        m1_0.code,
        m1_0.created_at,
        m1_0.low_stock_threshold,
        m1_0.name,
        m1_0.status,
        m1_0.thumbnail,
        m1_0.thumbnail_public_id,
        m1_0.unit,
        m1_0.updated_at,
        mie1_0.on_hand,
        mie1_0.reserved,
        mie1_0.updated_at,
        mie1_0.version,
        mie1_0.warehouse_id 
    from
        material_inventories mie1_0 
    join
        materials m1_0 
            on m1_0.id=mie1_0.material_id 
    where
        mie1_0.warehouse_id=? 
        and m1_0.status<>? 
        and mie1_0.on_hand>0
2026-06-08 16:00:52 INFO  JwtAuthenticationFilter:79 - ⬅️ Response: GET /api/admin/warehouses/dropdown - 200
2026-06-08 16:00:52 INFO  JwtAuthenticationFilter:79 - ⬅️ Response: GET /api/admin/stocktakes/warehouses/1/materials - 200
2026-06-08 16:01:16 INFO  JwtAuthenticationFilter:37 - ➡️ Request: GET /api/admin/stocktakes/warehouses/1/materials
2026-06-08 16:01:16 INFO  JwtAuthenticationFilter:37 - ➡️ Request: GET /api/admin/warehouses/dropdown
2026-06-08 16:01:16 DEBUG SQL:135 - 
    select
        ue1_0.id,
        ue1_0.activation_token,
        ue1_0.code,
        ue1_0.created_at,
        ue1_0.email,
        ue1_0.full_name,
        ue1_0.password,
        ue1_0.phone,
        ue1_0.provider,
        ue1_0.status,
        ue1_0.updated_at,
        ue1_0.user_image_url 
    from
        users ue1_0 
    where
        ue1_0.email=?
2026-06-08 16:01:16 DEBUG SQL:135 - 
    select
        ue1_0.id,
        ue1_0.activation_token,
        ue1_0.code,
        ue1_0.created_at,
        ue1_0.email,
        ue1_0.full_name,
        ue1_0.password,
        ue1_0.phone,
        ue1_0.provider,
        ue1_0.status,
        ue1_0.updated_at,
        ue1_0.user_image_url 
    from
        users ue1_0 
    where
        ue1_0.email=?
2026-06-08 16:01:16 DEBUG SQL:135 - 
    select
        r1_0.user_id,
        r1_1.id,
        r1_1.name,
        p1_0.role_id,
        p1_1.id,
        p1_1.description,
        p1_1.name 
    from
        users_roles r1_0 
    join
        roles r1_1 
            on r1_1.id=r1_0.role_id 
    left join
        roles_permissions p1_0 
            on r1_1.id=p1_0.role_id 
    left join
        permissions p1_1 
            on p1_1.id=p1_0.permission_id 
    where
        r1_0.user_id=?
2026-06-08 16:01:16 DEBUG SQL:135 - 
    select
        r1_0.user_id,
        r1_1.id,
        r1_1.name,
        p1_0.role_id,
        p1_1.id,
        p1_1.description,
        p1_1.name 
    from
        users_roles r1_0 
    join
        roles r1_1 
            on r1_1.id=r1_0.role_id 
    left join
        roles_permissions p1_0 
            on r1_1.id=p1_0.role_id 
    left join
        permissions p1_1 
            on p1_1.id=p1_0.permission_id 
    where
        r1_0.user_id=?
2026-06-08 16:01:16 DEBUG SQL:135 - 
    select
        we1_0.id,
        we1_0.address,
        we1_0.code,
        we1_0.created_at,
        we1_0.name,
        we1_0.status,
        we1_0.updated_at 
    from
        warehouses we1_0 
    where
        we1_0.id=?
2026-06-08 16:01:16 DEBUG SQL:135 - 
    select
        we1_0.id,
        we1_0.address,
        we1_0.code,
        we1_0.created_at,
        we1_0.name,
        we1_0.status,
        we1_0.updated_at 
    from
        warehouses we1_0 
    where
        we1_0.status=?
2026-06-08 16:01:16 DEBUG SQL:135 - 
    select
        mie1_0.id,
        mie1_0.cost_price,
        mie1_0.created_at,
        mie1_0.material_id,
        m1_0.id,
        m1_0.category_id,
        m1_0.code,
        m1_0.created_at,
        m1_0.low_stock_threshold,
        m1_0.name,
        m1_0.status,
        m1_0.thumbnail,
        m1_0.thumbnail_public_id,
        m1_0.unit,
        m1_0.updated_at,
        mie1_0.on_hand,
        mie1_0.reserved,
        mie1_0.updated_at,
        mie1_0.version,
        mie1_0.warehouse_id 
    from
        material_inventories mie1_0 
    join
        materials m1_0 
            on m1_0.id=mie1_0.material_id 
    where
        mie1_0.warehouse_id=? 
        and m1_0.status<>? 
        and mie1_0.on_hand>0
2026-06-08 16:01:16 INFO  JwtAuthenticationFilter:79 - ⬅️ Response: GET /api/admin/warehouses/dropdown - 200
2026-06-08 16:01:16 INFO  JwtAuthenticationFilter:79 - ⬅️ Response: GET /api/admin/stocktakes/warehouses/1/materials - 200
2026-06-08 16:01:21 INFO  JwtAuthenticationFilter:37 - ➡️ Request: GET /api/admin/warehouses/dropdown
2026-06-08 16:01:21 INFO  JwtAuthenticationFilter:37 - ➡️ Request: GET /api/admin/stocktakes/warehouses/1/materials
2026-06-08 16:01:21 DEBUG SQL:135 - 
    select
        ue1_0.id,
        ue1_0.activation_token,
        ue1_0.code,
        ue1_0.created_at,
        ue1_0.email,
        ue1_0.full_name,
        ue1_0.password,
        ue1_0.phone,
        ue1_0.provider,
        ue1_0.status,
        ue1_0.updated_at,
        ue1_0.user_image_url 
    from
        users ue1_0 
    where
        ue1_0.email=?
2026-06-08 16:01:21 DEBUG SQL:135 - 
    select
        ue1_0.id,
        ue1_0.activation_token,
        ue1_0.code,
        ue1_0.created_at,
        ue1_0.email,
        ue1_0.full_name,
        ue1_0.password,
        ue1_0.phone,
        ue1_0.provider,
        ue1_0.status,
        ue1_0.updated_at,
        ue1_0.user_image_url 
    from
        users ue1_0 
    where
        ue1_0.email=?
2026-06-08 16:01:21 DEBUG SQL:135 - 
    select
        r1_0.user_id,
        r1_1.id,
        r1_1.name,
        p1_0.role_id,
        p1_1.id,
        p1_1.description,
        p1_1.name 
    from
        users_roles r1_0 
    join
        roles r1_1 
            on r1_1.id=r1_0.role_id 
    left join
        roles_permissions p1_0 
            on r1_1.id=p1_0.role_id 
    left join
        permissions p1_1 
            on p1_1.id=p1_0.permission_id 
    where
        r1_0.user_id=?
2026-06-08 16:01:21 DEBUG SQL:135 - 
    select
        r1_0.user_id,
        r1_1.id,
        r1_1.name,
        p1_0.role_id,
        p1_1.id,
        p1_1.description,
        p1_1.name 
    from
        users_roles r1_0 
    join
        roles r1_1 
            on r1_1.id=r1_0.role_id 
    left join
        roles_permissions p1_0 
            on r1_1.id=p1_0.role_id 
    left join
        permissions p1_1 
            on p1_1.id=p1_0.permission_id 
    where
        r1_0.user_id=?
2026-06-08 16:01:21 DEBUG SQL:135 - 
    select
        we1_0.id,
        we1_0.address,
        we1_0.code,
        we1_0.created_at,
        we1_0.name,
        we1_0.status,
        we1_0.updated_at 
    from
        warehouses we1_0 
    where
        we1_0.id=?
2026-06-08 16:01:21 DEBUG SQL:135 - 
    select
        we1_0.id,
        we1_0.address,
        we1_0.code,
        we1_0.created_at,
        we1_0.name,
        we1_0.status,
        we1_0.updated_at 
    from
        warehouses we1_0 
    where
        we1_0.status=?
2026-06-08 16:01:21 DEBUG SQL:135 - 
    select
        mie1_0.id,
        mie1_0.cost_price,
        mie1_0.created_at,
        mie1_0.material_id,
        m1_0.id,
        m1_0.category_id,
        m1_0.code,
        m1_0.created_at,
        m1_0.low_stock_threshold,
        m1_0.name,
        m1_0.status,
        m1_0.thumbnail,
        m1_0.thumbnail_public_id,
        m1_0.unit,
        m1_0.updated_at,
        mie1_0.on_hand,
        mie1_0.reserved,
        mie1_0.updated_at,
        mie1_0.version,
        mie1_0.warehouse_id 
    from
        material_inventories mie1_0 
    join
        materials m1_0 
            on m1_0.id=mie1_0.material_id 
    where
        mie1_0.warehouse_id=? 
        and m1_0.status<>? 
        and mie1_0.on_hand>0
2026-06-08 16:01:21 INFO  JwtAuthenticationFilter:79 - ⬅️ Response: GET /api/admin/warehouses/dropdown - 200
2026-06-08 16:01:21 INFO  JwtAuthenticationFilter:79 - ⬅️ Response: GET /api/admin/stocktakes/warehouses/1/materials - 200
2026-06-08 16:03:39 INFO  JwtAuthenticationFilter:37 - ➡️ Request: GET /api/admin/stocktakes/warehouses/1/materials
2026-06-08 16:03:39 DEBUG SQL:135 - 
    select
        ue1_0.id,
        ue1_0.activation_token,
        ue1_0.code,
        ue1_0.created_at,
        ue1_0.email,
        ue1_0.full_name,
        ue1_0.password,
        ue1_0.phone,
        ue1_0.provider,
        ue1_0.status,
        ue1_0.updated_at,
        ue1_0.user_image_url 
    from
        users ue1_0 
    where
        ue1_0.email=?
2026-06-08 16:03:39 DEBUG SQL:135 - 
    select
        r1_0.user_id,
        r1_1.id,
        r1_1.name,
        p1_0.role_id,
        p1_1.id,
        p1_1.description,
        p1_1.name 
    from
        users_roles r1_0 
    join
        roles r1_1 
            on r1_1.id=r1_0.role_id 
    left join
        roles_permissions p1_0 
            on r1_1.id=p1_0.role_id 
    left join
        permissions p1_1 
            on p1_1.id=p1_0.permission_id 
    where
        r1_0.user_id=?
2026-06-08 16:03:39 DEBUG SQL:135 - 
    select
        we1_0.id,
        we1_0.address,
        we1_0.code,
        we1_0.created_at,
        we1_0.name,
        we1_0.status,
        we1_0.updated_at 
    from
        warehouses we1_0 
    where
        we1_0.id=?
2026-06-08 16:03:39 DEBUG SQL:135 - 
    select
        mie1_0.id,
        mie1_0.cost_price,
        mie1_0.created_at,
        mie1_0.material_id,
        m1_0.id,
        m1_0.category_id,
        m1_0.code,
        m1_0.created_at,
        m1_0.low_stock_threshold,
        m1_0.name,
        m1_0.status,
        m1_0.thumbnail,
        m1_0.thumbnail_public_id,
        m1_0.unit,
        m1_0.updated_at,
        mie1_0.on_hand,
        mie1_0.reserved,
        mie1_0.updated_at,
        mie1_0.version,
        mie1_0.warehouse_id 
    from
        material_inventories mie1_0 
    join
        materials m1_0 
            on m1_0.id=mie1_0.material_id 
    where
        mie1_0.warehouse_id=? 
        and m1_0.status<>? 
        and mie1_0.on_hand>0
2026-06-08 16:03:39 INFO  JwtAuthenticationFilter:79 - ⬅️ Response: GET /api/admin/stocktakes/warehouses/1/materials - 200
2026-06-08 16:04:00 INFO  JwtAuthenticationFilter:37 - ➡️ Request: GET /api/admin/stocktakes/warehouses/1/materials
2026-06-08 16:04:00 DEBUG SQL:135 - 
    select
        ue1_0.id,
        ue1_0.activation_token,
        ue1_0.code,
        ue1_0.created_at,
        ue1_0.email,
        ue1_0.full_name,
        ue1_0.password,
        ue1_0.phone,
        ue1_0.provider,
        ue1_0.status,
        ue1_0.updated_at,
        ue1_0.user_image_url 
    from
        users ue1_0 
    where
        ue1_0.email=?
2026-06-08 16:04:00 DEBUG SQL:135 - 
    select
        r1_0.user_id,
        r1_1.id,
        r1_1.name,
        p1_0.role_id,
        p1_1.id,
        p1_1.description,
        p1_1.name 
    from
        users_roles r1_0 
    join
        roles r1_1 
            on r1_1.id=r1_0.role_id 
    left join
        roles_permissions p1_0 
            on r1_1.id=p1_0.role_id 
    left join
        permissions p1_1 
            on p1_1.id=p1_0.permission_id 
    where
        r1_0.user_id=?
2026-06-08 16:04:00 DEBUG SQL:135 - 
    select
        we1_0.id,
        we1_0.address,
        we1_0.code,
        we1_0.created_at,
        we1_0.name,
        we1_0.status,
        we1_0.updated_at 
    from
        warehouses we1_0 
    where
        we1_0.id=?
2026-06-08 16:04:00 DEBUG SQL:135 - 
    select
        mie1_0.id,
        mie1_0.cost_price,
        mie1_0.created_at,
        mie1_0.material_id,
        m1_0.id,
        m1_0.category_id,
        m1_0.code,
        m1_0.created_at,
        m1_0.low_stock_threshold,
        m1_0.name,
        m1_0.status,
        m1_0.thumbnail,
        m1_0.thumbnail_public_id,
        m1_0.unit,
        m1_0.updated_at,
        mie1_0.on_hand,
        mie1_0.reserved,
        mie1_0.updated_at,
        mie1_0.version,
        mie1_0.warehouse_id 
    from
        material_inventories mie1_0 
    join
        materials m1_0 
            on m1_0.id=mie1_0.material_id 
    where
        mie1_0.warehouse_id=? 
        and m1_0.status<>? 
        and mie1_0.on_hand>0
2026-06-08 16:04:00 INFO  JwtAuthenticationFilter:79 - ⬅️ Response: GET /api/admin/stocktakes/warehouses/1/materials - 200
2026-06-08 16:04:02 INFO  JwtAuthenticationFilter:37 - ➡️ Request: GET /api/admin/stocktakes/warehouses/1/materials
2026-06-08 16:04:02 INFO  JwtAuthenticationFilter:37 - ➡️ Request: GET /api/admin/warehouses/dropdown
2026-06-08 16:04:02 DEBUG SQL:135 - 
    select
        ue1_0.id,
        ue1_0.activation_token,
        ue1_0.code,
        ue1_0.created_at,
        ue1_0.email,
        ue1_0.full_name,
        ue1_0.password,
        ue1_0.phone,
        ue1_0.provider,
        ue1_0.status,
        ue1_0.updated_at,
        ue1_0.user_image_url 
    from
        users ue1_0 
    where
        ue1_0.email=?
2026-06-08 16:04:02 DEBUG SQL:135 - 
    select
        ue1_0.id,
        ue1_0.activation_token,
        ue1_0.code,
        ue1_0.created_at,
        ue1_0.email,
        ue1_0.full_name,
        ue1_0.password,
        ue1_0.phone,
        ue1_0.provider,
        ue1_0.status,
        ue1_0.updated_at,
        ue1_0.user_image_url 
    from
        users ue1_0 
    where
        ue1_0.email=?
2026-06-08 16:04:02 DEBUG SQL:135 - 
    select
        r1_0.user_id,
        r1_1.id,
        r1_1.name,
        p1_0.role_id,
        p1_1.id,
        p1_1.description,
        p1_1.name 
    from
        users_roles r1_0 
    join
        roles r1_1 
            on r1_1.id=r1_0.role_id 
    left join
        roles_permissions p1_0 
            on r1_1.id=p1_0.role_id 
    left join
        permissions p1_1 
            on p1_1.id=p1_0.permission_id 
    where
        r1_0.user_id=?
2026-06-08 16:04:02 DEBUG SQL:135 - 
    select
        r1_0.user_id,
        r1_1.id,
        r1_1.name,
        p1_0.role_id,
        p1_1.id,
        p1_1.description,
        p1_1.name 
    from
        users_roles r1_0 
    join
        roles r1_1 
            on r1_1.id=r1_0.role_id 
    left join
        roles_permissions p1_0 
            on r1_1.id=p1_0.role_id 
    left join
        permissions p1_1 
            on p1_1.id=p1_0.permission_id 
    where
        r1_0.user_id=?
2026-06-08 16:04:02 DEBUG SQL:135 - 
    select
        we1_0.id,
        we1_0.address,
        we1_0.code,
        we1_0.created_at,
        we1_0.name,
        we1_0.status,
        we1_0.updated_at 
    from
        warehouses we1_0 
    where
        we1_0.id=?
2026-06-08 16:04:02 DEBUG SQL:135 - 
    select
        we1_0.id,
        we1_0.address,
        we1_0.code,
        we1_0.created_at,
        we1_0.name,
        we1_0.status,
        we1_0.updated_at 
    from
        warehouses we1_0 
    where
        we1_0.status=?
2026-06-08 16:04:02 DEBUG SQL:135 - 
    select
        mie1_0.id,
        mie1_0.cost_price,
        mie1_0.created_at,
        mie1_0.material_id,
        m1_0.id,
        m1_0.category_id,
        m1_0.code,
        m1_0.created_at,
        m1_0.low_stock_threshold,
        m1_0.name,
        m1_0.status,
        m1_0.thumbnail,
        m1_0.thumbnail_public_id,
        m1_0.unit,
        m1_0.updated_at,
        mie1_0.on_hand,
        mie1_0.reserved,
        mie1_0.updated_at,
        mie1_0.version,
        mie1_0.warehouse_id 
    from
        material_inventories mie1_0 
    join
        materials m1_0 
            on m1_0.id=mie1_0.material_id 
    where
        mie1_0.warehouse_id=? 
        and m1_0.status<>? 
        and mie1_0.on_hand>0
2026-06-08 16:04:02 INFO  JwtAuthenticationFilter:79 - ⬅️ Response: GET /api/admin/stocktakes/warehouses/1/materials - 200
2026-06-08 16:04:02 INFO  JwtAuthenticationFilter:79 - ⬅️ Response: GET /api/admin/warehouses/dropdown - 200
2026-06-08 16:04:04 INFO  JwtAuthenticationFilter:37 - ➡️ Request: GET /api/auth/account-info
2026-06-08 16:04:04 DEBUG SQL:135 - 
    select
        ue1_0.id,
        ue1_0.activation_token,
        ue1_0.code,
        ue1_0.created_at,
        ue1_0.email,
        ue1_0.full_name,
        ue1_0.password,
        ue1_0.phone,
        ue1_0.provider,
        ue1_0.status,
        ue1_0.updated_at,
        ue1_0.user_image_url 
    from
        users ue1_0 
    where
        ue1_0.email=?
2026-06-08 16:04:04 DEBUG SQL:135 - 
    select
        r1_0.user_id,
        r1_1.id,
        r1_1.name,
        p1_0.role_id,
        p1_1.id,
        p1_1.description,
        p1_1.name 
    from
        users_roles r1_0 
    join
        roles r1_1 
            on r1_1.id=r1_0.role_id 
    left join
        roles_permissions p1_0 
            on r1_1.id=p1_0.role_id 
    left join
        permissions p1_1 
            on p1_1.id=p1_0.permission_id 
    where
        r1_0.user_id=?
2026-06-08 16:04:04 INFO  JwtAuthenticationFilter:79 - ⬅️ Response: GET /api/auth/account-info - 200
2026-06-08 16:04:05 INFO  JwtAuthenticationFilter:37 - ➡️ Request: GET /api/admin/warehouses/dropdown
2026-06-08 16:04:05 DEBUG SQL:135 - 
    select
        ue1_0.id,
        ue1_0.activation_token,
        ue1_0.code,
        ue1_0.created_at,
        ue1_0.email,
        ue1_0.full_name,
        ue1_0.password,
        ue1_0.phone,
        ue1_0.provider,
        ue1_0.status,
        ue1_0.updated_at,
        ue1_0.user_image_url 
    from
        users ue1_0 
    where
        ue1_0.email=?
2026-06-08 16:04:05 INFO  JwtAuthenticationFilter:37 - ➡️ Request: GET /api/auth/account-info
2026-06-08 16:04:05 DEBUG SQL:135 - 
    select
        r1_0.user_id,
        r1_1.id,
        r1_1.name,
        p1_0.role_id,
        p1_1.id,
        p1_1.description,
        p1_1.name 
    from
        users_roles r1_0 
    join
        roles r1_1 
            on r1_1.id=r1_0.role_id 
    left join
        roles_permissions p1_0 
            on r1_1.id=p1_0.role_id 
    left join
        permissions p1_1 
            on p1_1.id=p1_0.permission_id 
    where
        r1_0.user_id=?
2026-06-08 16:04:05 DEBUG SQL:135 - 
    select
        ue1_0.id,
        ue1_0.activation_token,
        ue1_0.code,
        ue1_0.created_at,
        ue1_0.email,
        ue1_0.full_name,
        ue1_0.password,
        ue1_0.phone,
        ue1_0.provider,
        ue1_0.status,
        ue1_0.updated_at,
        ue1_0.user_image_url 
    from
        users ue1_0 
    where
        ue1_0.email=?
2026-06-08 16:04:05 DEBUG SQL:135 - 
    select
        r1_0.user_id,
        r1_1.id,
        r1_1.name,
        p1_0.role_id,
        p1_1.id,
        p1_1.description,
        p1_1.name 
    from
        users_roles r1_0 
    join
        roles r1_1 
            on r1_1.id=r1_0.role_id 
    left join
        roles_permissions p1_0 
            on r1_1.id=p1_0.role_id 
    left join
        permissions p1_1 
            on p1_1.id=p1_0.permission_id 
    where
        r1_0.user_id=?
2026-06-08 16:04:05 DEBUG SQL:135 - 
    select
        we1_0.id,
        we1_0.address,
        we1_0.code,
        we1_0.created_at,
        we1_0.name,
        we1_0.status,
        we1_0.updated_at 
    from
        warehouses we1_0 
    where
        we1_0.status=?
2026-06-08 16:04:05 INFO  JwtAuthenticationFilter:79 - ⬅️ Response: GET /api/admin/warehouses/dropdown - 200
2026-06-08 16:04:05 INFO  JwtAuthenticationFilter:79 - ⬅️ Response: GET /api/auth/account-info - 200
2026-06-08 16:04:08 INFO  JwtAuthenticationFilter:37 - ➡️ Request: GET /api/admin/stocktakes/warehouses/1/materials
2026-06-08 16:04:08 DEBUG SQL:135 - 
    select
        ue1_0.id,
        ue1_0.activation_token,
        ue1_0.code,
        ue1_0.created_at,
        ue1_0.email,
        ue1_0.full_name,
        ue1_0.password,
        ue1_0.phone,
        ue1_0.provider,
        ue1_0.status,
        ue1_0.updated_at,
        ue1_0.user_image_url 
    from
        users ue1_0 
    where
        ue1_0.email=?
2026-06-08 16:04:08 DEBUG SQL:135 - 
    select
        r1_0.user_id,
        r1_1.id,
        r1_1.name,
        p1_0.role_id,
        p1_1.id,
        p1_1.description,
        p1_1.name 
    from
        users_roles r1_0 
    join
        roles r1_1 
            on r1_1.id=r1_0.role_id 
    left join
        roles_permissions p1_0 
            on r1_1.id=p1_0.role_id 
    left join
        permissions p1_1 
            on p1_1.id=p1_0.permission_id 
    where
        r1_0.user_id=?
2026-06-08 16:04:08 DEBUG SQL:135 - 
    select
        we1_0.id,
        we1_0.address,
        we1_0.code,
        we1_0.created_at,
        we1_0.name,
        we1_0.status,
        we1_0.updated_at 
    from
        warehouses we1_0 
    where
        we1_0.id=?
2026-06-08 16:04:08 DEBUG SQL:135 - 
    select
        mie1_0.id,
        mie1_0.cost_price,
        mie1_0.created_at,
        mie1_0.material_id,
        m1_0.id,
        m1_0.category_id,
        m1_0.code,
        m1_0.created_at,
        m1_0.low_stock_threshold,
        m1_0.name,
        m1_0.status,
        m1_0.thumbnail,
        m1_0.thumbnail_public_id,
        m1_0.unit,
        m1_0.updated_at,
        mie1_0.on_hand,
        mie1_0.reserved,
        mie1_0.updated_at,
        mie1_0.version,
        mie1_0.warehouse_id 
    from
        material_inventories mie1_0 
    join
        materials m1_0 
            on m1_0.id=mie1_0.material_id 
    where
        mie1_0.warehouse_id=? 
        and m1_0.status<>? 
        and mie1_0.on_hand>0
2026-06-08 16:04:08 INFO  JwtAuthenticationFilter:79 - ⬅️ Response: GET /api/admin/stocktakes/warehouses/1/materials - 200
2026-06-08 16:04:47 INFO  JwtAuthenticationFilter:37 - ➡️ Request: GET /api/admin/stocktakes/warehouses/1/materials
2026-06-08 16:04:47 DEBUG SQL:135 - 
    select
        ue1_0.id,
        ue1_0.activation_token,
        ue1_0.code,
        ue1_0.created_at,
        ue1_0.email,
        ue1_0.full_name,
        ue1_0.password,
        ue1_0.phone,
        ue1_0.provider,
        ue1_0.status,
        ue1_0.updated_at,
        ue1_0.user_image_url 
    from
        users ue1_0 
    where
        ue1_0.email=?
2026-06-08 16:04:47 DEBUG SQL:135 - 
    select
        r1_0.user_id,
        r1_1.id,
        r1_1.name,
        p1_0.role_id,
        p1_1.id,
        p1_1.description,
        p1_1.name 
    from
        users_roles r1_0 
    join
        roles r1_1 
            on r1_1.id=r1_0.role_id 
    left join
        roles_permissions p1_0 
            on r1_1.id=p1_0.role_id 
    left join
        permissions p1_1 
            on p1_1.id=p1_0.permission_id 
    where
        r1_0.user_id=?
2026-06-08 16:04:47 DEBUG SQL:135 - 
    select
        we1_0.id,
        we1_0.address,
        we1_0.code,
        we1_0.created_at,
        we1_0.name,
        we1_0.status,
        we1_0.updated_at 
    from
        warehouses we1_0 
    where
        we1_0.id=?
2026-06-08 16:04:47 DEBUG SQL:135 - 
    select
        mie1_0.id,
        mie1_0.cost_price,
        mie1_0.created_at,
        mie1_0.material_id,
        m1_0.id,
        m1_0.category_id,
        m1_0.code,
        m1_0.created_at,
        m1_0.low_stock_threshold,
        m1_0.name,
        m1_0.status,
        m1_0.thumbnail,
        m1_0.thumbnail_public_id,
        m1_0.unit,
        m1_0.updated_at,
        mie1_0.on_hand,
        mie1_0.reserved,
        mie1_0.updated_at,
        mie1_0.version,
        mie1_0.warehouse_id 
    from
        material_inventories mie1_0 
    join
        materials m1_0 
            on m1_0.id=mie1_0.material_id 
    where
        mie1_0.warehouse_id=? 
        and m1_0.status<>? 
        and mie1_0.on_hand>0
2026-06-08 16:04:47 INFO  JwtAuthenticationFilter:79 - ⬅️ Response: GET /api/admin/stocktakes/warehouses/1/materials - 200
2026-06-08 16:04:52 INFO  JwtAuthenticationFilter:37 - ➡️ Request: GET /api/admin/stocktakes/warehouses/1/materials
2026-06-08 16:04:52 INFO  JwtAuthenticationFilter:37 - ➡️ Request: GET /api/admin/warehouses/dropdown
2026-06-08 16:04:52 DEBUG SQL:135 - 
    select
        ue1_0.id,
        ue1_0.activation_token,
        ue1_0.code,
        ue1_0.created_at,
        ue1_0.email,
        ue1_0.full_name,
        ue1_0.password,
        ue1_0.phone,
        ue1_0.provider,
        ue1_0.status,
        ue1_0.updated_at,
        ue1_0.user_image_url 
    from
        users ue1_0 
    where
        ue1_0.email=?
2026-06-08 16:04:52 DEBUG SQL:135 - 
    select
        ue1_0.id,
        ue1_0.activation_token,
        ue1_0.code,
        ue1_0.created_at,
        ue1_0.email,
        ue1_0.full_name,
        ue1_0.password,
        ue1_0.phone,
        ue1_0.provider,
        ue1_0.status,
        ue1_0.updated_at,
        ue1_0.user_image_url 
    from
        users ue1_0 
    where
        ue1_0.email=?
2026-06-08 16:04:52 DEBUG SQL:135 - 
    select
        r1_0.user_id,
        r1_1.id,
        r1_1.name,
        p1_0.role_id,
        p1_1.id,
        p1_1.description,
        p1_1.name 
    from
        users_roles r1_0 
    join
        roles r1_1 
            on r1_1.id=r1_0.role_id 
    left join
        roles_permissions p1_0 
            on r1_1.id=p1_0.role_id 
    left join
        permissions p1_1 
            on p1_1.id=p1_0.permission_id 
    where
        r1_0.user_id=?
2026-06-08 16:04:52 DEBUG SQL:135 - 
    select
        r1_0.user_id,
        r1_1.id,
        r1_1.name,
        p1_0.role_id,
        p1_1.id,
        p1_1.description,
        p1_1.name 
    from
        users_roles r1_0 
    join
        roles r1_1 
            on r1_1.id=r1_0.role_id 
    left join
        roles_permissions p1_0 
            on r1_1.id=p1_0.role_id 
    left join
        permissions p1_1 
            on p1_1.id=p1_0.permission_id 
    where
        r1_0.user_id=?
2026-06-08 16:04:52 DEBUG SQL:135 - 
    select
        we1_0.id,
        we1_0.address,
        we1_0.code,
        we1_0.created_at,
        we1_0.name,
        we1_0.status,
        we1_0.updated_at 
    from
        warehouses we1_0 
    where
        we1_0.id=?
2026-06-08 16:04:52 DEBUG SQL:135 - 
    select
        we1_0.id,
        we1_0.address,
        we1_0.code,
        we1_0.created_at,
        we1_0.name,
        we1_0.status,
        we1_0.updated_at 
    from
        warehouses we1_0 
    where
        we1_0.status=?
2026-06-08 16:04:52 DEBUG SQL:135 - 
    select
        mie1_0.id,
        mie1_0.cost_price,
        mie1_0.created_at,
        mie1_0.material_id,
        m1_0.id,
        m1_0.category_id,
        m1_0.code,
        m1_0.created_at,
        m1_0.low_stock_threshold,
        m1_0.name,
        m1_0.status,
        m1_0.thumbnail,
        m1_0.thumbnail_public_id,
        m1_0.unit,
        m1_0.updated_at,
        mie1_0.on_hand,
        mie1_0.reserved,
        mie1_0.updated_at,
        mie1_0.version,
        mie1_0.warehouse_id 
    from
        material_inventories mie1_0 
    join
        materials m1_0 
            on m1_0.id=mie1_0.material_id 
    where
        mie1_0.warehouse_id=? 
        and m1_0.status<>? 
        and mie1_0.on_hand>0
2026-06-08 16:04:52 INFO  JwtAuthenticationFilter:79 - ⬅️ Response: GET /api/admin/warehouses/dropdown - 200
2026-06-08 16:04:52 INFO  JwtAuthenticationFilter:79 - ⬅️ Response: GET /api/admin/stocktakes/warehouses/1/materials - 200
2026-06-08 16:04:55 INFO  JwtAuthenticationFilter:37 - ➡️ Request: GET /api/auth/account-info
2026-06-08 16:04:55 DEBUG SQL:135 - 
    select
        ue1_0.id,
        ue1_0.activation_token,
        ue1_0.code,
        ue1_0.created_at,
        ue1_0.email,
        ue1_0.full_name,
        ue1_0.password,
        ue1_0.phone,
        ue1_0.provider,
        ue1_0.status,
        ue1_0.updated_at,
        ue1_0.user_image_url 
    from
        users ue1_0 
    where
        ue1_0.email=?
2026-06-08 16:04:55 DEBUG SQL:135 - 
    select
        r1_0.user_id,
        r1_1.id,
        r1_1.name,
        p1_0.role_id,
        p1_1.id,
        p1_1.description,
        p1_1.name 
    from
        users_roles r1_0 
    join
        roles r1_1 
            on r1_1.id=r1_0.role_id 
    left join
        roles_permissions p1_0 
            on r1_1.id=p1_0.role_id 
    left join
        permissions p1_1 
            on p1_1.id=p1_0.permission_id 
    where
        r1_0.user_id=?
2026-06-08 16:04:55 INFO  JwtAuthenticationFilter:79 - ⬅️ Response: GET /api/auth/account-info - 200
2026-06-08 16:04:55 INFO  JwtAuthenticationFilter:37 - ➡️ Request: GET /api/admin/warehouses/dropdown
2026-06-08 16:04:55 INFO  JwtAuthenticationFilter:37 - ➡️ Request: GET /api/auth/account-info
2026-06-08 16:04:55 DEBUG SQL:135 - 
    select
        ue1_0.id,
        ue1_0.activation_token,
        ue1_0.code,
        ue1_0.created_at,
        ue1_0.email,
        ue1_0.full_name,
        ue1_0.password,
        ue1_0.phone,
        ue1_0.provider,
        ue1_0.status,
        ue1_0.updated_at,
        ue1_0.user_image_url 
    from
        users ue1_0 
    where
        ue1_0.email=?
2026-06-08 16:04:55 DEBUG SQL:135 - 
    select
        ue1_0.id,
        ue1_0.activation_token,
        ue1_0.code,
        ue1_0.created_at,
        ue1_0.email,
        ue1_0.full_name,
        ue1_0.password,
        ue1_0.phone,
        ue1_0.provider,
        ue1_0.status,
        ue1_0.updated_at,
        ue1_0.user_image_url 
    from
        users ue1_0 
    where
        ue1_0.email=?
2026-06-08 16:04:55 DEBUG SQL:135 - 
    select
        r1_0.user_id,
        r1_1.id,
        r1_1.name,
        p1_0.role_id,
        p1_1.id,
        p1_1.description,
        p1_1.name 
    from
        users_roles r1_0 
    join
        roles r1_1 
            on r1_1.id=r1_0.role_id 
    left join
        roles_permissions p1_0 
            on r1_1.id=p1_0.role_id 
    left join
        permissions p1_1 
            on p1_1.id=p1_0.permission_id 
    where
        r1_0.user_id=?
2026-06-08 16:04:55 DEBUG SQL:135 - 
    select
        r1_0.user_id,
        r1_1.id,
        r1_1.name,
        p1_0.role_id,
        p1_1.id,
        p1_1.description,
        p1_1.name 
    from
        users_roles r1_0 
    join
        roles r1_1 
            on r1_1.id=r1_0.role_id 
    left join
        roles_permissions p1_0 
            on r1_1.id=p1_0.role_id 
    left join
        permissions p1_1 
            on p1_1.id=p1_0.permission_id 
    where
        r1_0.user_id=?
2026-06-08 16:04:55 INFO  JwtAuthenticationFilter:79 - ⬅️ Response: GET /api/auth/account-info - 200
2026-06-08 16:04:55 DEBUG SQL:135 - 
    select
        we1_0.id,
        we1_0.address,
        we1_0.code,
        we1_0.created_at,
        we1_0.name,
        we1_0.status,
        we1_0.updated_at 
    from
        warehouses we1_0 
    where
        we1_0.status=?
2026-06-08 16:04:55 INFO  JwtAuthenticationFilter:79 - ⬅️ Response: GET /api/admin/warehouses/dropdown - 200
2026-06-08 16:04:59 INFO  JwtAuthenticationFilter:37 - ➡️ Request: GET /api/admin/stocktakes/warehouses/1/materials
2026-06-08 16:04:59 DEBUG SQL:135 - 
    select
        ue1_0.id,
        ue1_0.activation_token,
        ue1_0.code,
        ue1_0.created_at,
        ue1_0.email,
        ue1_0.full_name,
        ue1_0.password,
        ue1_0.phone,
        ue1_0.provider,
        ue1_0.status,
        ue1_0.updated_at,
        ue1_0.user_image_url 
    from
        users ue1_0 
    where
        ue1_0.email=?
2026-06-08 16:04:59 DEBUG SQL:135 - 
    select
        r1_0.user_id,
        r1_1.id,
        r1_1.name,
        p1_0.role_id,
        p1_1.id,
        p1_1.description,
        p1_1.name 
    from
        users_roles r1_0 
    join
        roles r1_1 
            on r1_1.id=r1_0.role_id 
    left join
        roles_permissions p1_0 
            on r1_1.id=p1_0.role_id 
    left join
        permissions p1_1 
            on p1_1.id=p1_0.permission_id 
    where
        r1_0.user_id=?
2026-06-08 16:04:59 DEBUG SQL:135 - 
    select
        we1_0.id,
        we1_0.address,
        we1_0.code,
        we1_0.created_at,
        we1_0.name,
        we1_0.status,
        we1_0.updated_at 
    from
        warehouses we1_0 
    where
        we1_0.id=?
2026-06-08 16:04:59 DEBUG SQL:135 - 
    select
        mie1_0.id,
        mie1_0.cost_price,
        mie1_0.created_at,
        mie1_0.material_id,
        m1_0.id,
        m1_0.category_id,
        m1_0.code,
        m1_0.created_at,
        m1_0.low_stock_threshold,
        m1_0.name,
        m1_0.status,
        m1_0.thumbnail,
        m1_0.thumbnail_public_id,
        m1_0.unit,
        m1_0.updated_at,
        mie1_0.on_hand,
        mie1_0.reserved,
        mie1_0.updated_at,
        mie1_0.version,
        mie1_0.warehouse_id 
    from
        material_inventories mie1_0 
    join
        materials m1_0 
            on m1_0.id=mie1_0.material_id 
    where
        mie1_0.warehouse_id=? 
        and m1_0.status<>? 
        and mie1_0.on_hand>0
2026-06-08 16:04:59 INFO  JwtAuthenticationFilter:79 - ⬅️ Response: GET /api/admin/stocktakes/warehouses/1/materials - 200
2026-06-08 16:05:54 INFO  JwtAuthenticationFilter:37 - ➡️ Request: GET /api/admin/warehouses/dropdown
2026-06-08 16:05:54 INFO  JwtAuthenticationFilter:37 - ➡️ Request: GET /api/admin/stocktakes/warehouses/1/materials
2026-06-08 16:05:54 DEBUG SQL:135 - 
    select
        ue1_0.id,
        ue1_0.activation_token,
        ue1_0.code,
        ue1_0.created_at,
        ue1_0.email,
        ue1_0.full_name,
        ue1_0.password,
        ue1_0.phone,
        ue1_0.provider,
        ue1_0.status,
        ue1_0.updated_at,
        ue1_0.user_image_url 
    from
        users ue1_0 
    where
        ue1_0.email=?
2026-06-08 16:05:54 DEBUG SQL:135 - 
    select
        ue1_0.id,
        ue1_0.activation_token,
        ue1_0.code,
        ue1_0.created_at,
        ue1_0.email,
        ue1_0.full_name,
        ue1_0.password,
        ue1_0.phone,
        ue1_0.provider,
        ue1_0.status,
        ue1_0.updated_at,
        ue1_0.user_image_url 
    from
        users ue1_0 
    where
        ue1_0.email=?
2026-06-08 16:05:54 DEBUG SQL:135 - 
    select
        r1_0.user_id,
        r1_1.id,
        r1_1.name,
        p1_0.role_id,
        p1_1.id,
        p1_1.description,
        p1_1.name 
    from
        users_roles r1_0 
    join
        roles r1_1 
            on r1_1.id=r1_0.role_id 
    left join
        roles_permissions p1_0 
            on r1_1.id=p1_0.role_id 
    left join
        permissions p1_1 
            on p1_1.id=p1_0.permission_id 
    where
        r1_0.user_id=?
2026-06-08 16:05:54 DEBUG SQL:135 - 
    select
        r1_0.user_id,
        r1_1.id,
        r1_1.name,
        p1_0.role_id,
        p1_1.id,
        p1_1.description,
        p1_1.name 
    from
        users_roles r1_0 
    join
        roles r1_1 
            on r1_1.id=r1_0.role_id 
    left join
        roles_permissions p1_0 
            on r1_1.id=p1_0.role_id 
    left join
        permissions p1_1 
            on p1_1.id=p1_0.permission_id 
    where
        r1_0.user_id=?
2026-06-08 16:05:54 DEBUG SQL:135 - 
    select
        we1_0.id,
        we1_0.address,
        we1_0.code,
        we1_0.created_at,
        we1_0.name,
        we1_0.status,
        we1_0.updated_at 
    from
        warehouses we1_0 
    where
        we1_0.id=?
2026-06-08 16:05:54 DEBUG SQL:135 - 
    select
        we1_0.id,
        we1_0.address,
        we1_0.code,
        we1_0.created_at,
        we1_0.name,
        we1_0.status,
        we1_0.updated_at 
    from
        warehouses we1_0 
    where
        we1_0.status=?
2026-06-08 16:05:54 DEBUG SQL:135 - 
    select
        mie1_0.id,
        mie1_0.cost_price,
        mie1_0.created_at,
        mie1_0.material_id,
        m1_0.id,
        m1_0.category_id,
        m1_0.code,
        m1_0.created_at,
        m1_0.low_stock_threshold,
        m1_0.name,
        m1_0.status,
        m1_0.thumbnail,
        m1_0.thumbnail_public_id,
        m1_0.unit,
        m1_0.updated_at,
        mie1_0.on_hand,
        mie1_0.reserved,
        mie1_0.updated_at,
        mie1_0.version,
        mie1_0.warehouse_id 
    from
        material_inventories mie1_0 
    join
        materials m1_0 
            on m1_0.id=mie1_0.material_id 
    where
        mie1_0.warehouse_id=? 
        and m1_0.status<>? 
        and mie1_0.on_hand>0
2026-06-08 16:05:54 INFO  JwtAuthenticationFilter:79 - ⬅️ Response: GET /api/admin/warehouses/dropdown - 200
2026-06-08 16:05:54 INFO  JwtAuthenticationFilter:79 - ⬅️ Response: GET /api/admin/stocktakes/warehouses/1/materials - 200
2026-06-08 16:06:49 INFO  JwtAuthenticationFilter:37 - ➡️ Request: GET /api/admin/stocktakes/warehouses/1/materials
2026-06-08 16:06:49 INFO  JwtAuthenticationFilter:37 - ➡️ Request: GET /api/admin/warehouses/dropdown
2026-06-08 16:06:49 DEBUG SQL:135 - 
    select
        ue1_0.id,
        ue1_0.activation_token,
        ue1_0.code,
        ue1_0.created_at,
        ue1_0.email,
        ue1_0.full_name,
        ue1_0.password,
        ue1_0.phone,
        ue1_0.provider,
        ue1_0.status,
        ue1_0.updated_at,
        ue1_0.user_image_url 
    from
        users ue1_0 
    where
        ue1_0.email=?
2026-06-08 16:06:49 DEBUG SQL:135 - 
    select
        ue1_0.id,
        ue1_0.activation_token,
        ue1_0.code,
        ue1_0.created_at,
        ue1_0.email,
        ue1_0.full_name,
        ue1_0.password,
        ue1_0.phone,
        ue1_0.provider,
        ue1_0.status,
        ue1_0.updated_at,
        ue1_0.user_image_url 
    from
        users ue1_0 
    where
        ue1_0.email=?
2026-06-08 16:06:49 DEBUG SQL:135 - 
    select
        r1_0.user_id,
        r1_1.id,
        r1_1.name,
        p1_0.role_id,
        p1_1.id,
        p1_1.description,
        p1_1.name 
    from
        users_roles r1_0 
    join
        roles r1_1 
            on r1_1.id=r1_0.role_id 
    left join
        roles_permissions p1_0 
            on r1_1.id=p1_0.role_id 
    left join
        permissions p1_1 
            on p1_1.id=p1_0.permission_id 
    where
        r1_0.user_id=?
2026-06-08 16:06:49 DEBUG SQL:135 - 
    select
        r1_0.user_id,
        r1_1.id,
        r1_1.name,
        p1_0.role_id,
        p1_1.id,
        p1_1.description,
        p1_1.name 
    from
        users_roles r1_0 
    join
        roles r1_1 
            on r1_1.id=r1_0.role_id 
    left join
        roles_permissions p1_0 
            on r1_1.id=p1_0.role_id 
    left join
        permissions p1_1 
            on p1_1.id=p1_0.permission_id 
    where
        r1_0.user_id=?
2026-06-08 16:06:49 DEBUG SQL:135 - 
    select
        we1_0.id,
        we1_0.address,
        we1_0.code,
        we1_0.created_at,
        we1_0.name,
        we1_0.status,
        we1_0.updated_at 
    from
        warehouses we1_0 
    where
        we1_0.id=?
2026-06-08 16:06:49 DEBUG SQL:135 - 
    select
        we1_0.id,
        we1_0.address,
        we1_0.code,
        we1_0.created_at,
        we1_0.name,
        we1_0.status,
        we1_0.updated_at 
    from
        warehouses we1_0 
    where
        we1_0.status=?
2026-06-08 16:06:49 DEBUG SQL:135 - 
    select
        mie1_0.id,
        mie1_0.cost_price,
        mie1_0.created_at,
        mie1_0.material_id,
        m1_0.id,
        m1_0.category_id,
        m1_0.code,
        m1_0.created_at,
        m1_0.low_stock_threshold,
        m1_0.name,
        m1_0.status,
        m1_0.thumbnail,
        m1_0.thumbnail_public_id,
        m1_0.unit,
        m1_0.updated_at,
        mie1_0.on_hand,
        mie1_0.reserved,
        mie1_0.updated_at,
        mie1_0.version,
        mie1_0.warehouse_id 
    from
        material_inventories mie1_0 
    join
        materials m1_0 
            on m1_0.id=mie1_0.material_id 
    where
        mie1_0.warehouse_id=? 
        and m1_0.status<>? 
        and mie1_0.on_hand>0
2026-06-08 16:06:49 INFO  JwtAuthenticationFilter:79 - ⬅️ Response: GET /api/admin/warehouses/dropdown - 200
2026-06-08 16:06:49 INFO  JwtAuthenticationFilter:79 - ⬅️ Response: GET /api/admin/stocktakes/warehouses/1/materials - 200
2026-06-08 16:07:45 INFO  JwtAuthenticationFilter:37 - ➡️ Request: GET /api/admin/stocktakes/warehouses/1/materials
2026-06-08 16:07:45 INFO  JwtAuthenticationFilter:37 - ➡️ Request: GET /api/admin/warehouses/dropdown
2026-06-08 16:07:45 DEBUG SQL:135 - 
    select
        ue1_0.id,
        ue1_0.activation_token,
        ue1_0.code,
        ue1_0.created_at,
        ue1_0.email,
        ue1_0.full_name,
        ue1_0.password,
        ue1_0.phone,
        ue1_0.provider,
        ue1_0.status,
        ue1_0.updated_at,
        ue1_0.user_image_url 
    from
        users ue1_0 
    where
        ue1_0.email=?
2026-06-08 16:07:45 DEBUG SQL:135 - 
    select
        ue1_0.id,
        ue1_0.activation_token,
        ue1_0.code,
        ue1_0.created_at,
        ue1_0.email,
        ue1_0.full_name,
        ue1_0.password,
        ue1_0.phone,
        ue1_0.provider,
        ue1_0.status,
        ue1_0.updated_at,
        ue1_0.user_image_url 
    from
        users ue1_0 
    where
        ue1_0.email=?
2026-06-08 16:07:45 DEBUG SQL:135 - 
    select
        r1_0.user_id,
        r1_1.id,
        r1_1.name,
        p1_0.role_id,
        p1_1.id,
        p1_1.description,
        p1_1.name 
    from
        users_roles r1_0 
    join
        roles r1_1 
            on r1_1.id=r1_0.role_id 
    left join
        roles_permissions p1_0 
            on r1_1.id=p1_0.role_id 
    left join
        permissions p1_1 
            on p1_1.id=p1_0.permission_id 
    where
        r1_0.user_id=?
2026-06-08 16:07:45 DEBUG SQL:135 - 
    select
        r1_0.user_id,
        r1_1.id,
        r1_1.name,
        p1_0.role_id,
        p1_1.id,
        p1_1.description,
        p1_1.name 
    from
        users_roles r1_0 
    join
        roles r1_1 
            on r1_1.id=r1_0.role_id 
    left join
        roles_permissions p1_0 
            on r1_1.id=p1_0.role_id 
    left join
        permissions p1_1 
            on p1_1.id=p1_0.permission_id 
    where
        r1_0.user_id=?
2026-06-08 16:07:45 DEBUG SQL:135 - 
    select
        we1_0.id,
        we1_0.address,
        we1_0.code,
        we1_0.created_at,
        we1_0.name,
        we1_0.status,
        we1_0.updated_at 
    from
        warehouses we1_0 
    where
        we1_0.id=?
2026-06-08 16:07:45 DEBUG SQL:135 - 
    select
        we1_0.id,
        we1_0.address,
        we1_0.code,
        we1_0.created_at,
        we1_0.name,
        we1_0.status,
        we1_0.updated_at 
    from
        warehouses we1_0 
    where
        we1_0.status=?
2026-06-08 16:07:45 DEBUG SQL:135 - 
    select
        mie1_0.id,
        mie1_0.cost_price,
        mie1_0.created_at,
        mie1_0.material_id,
        m1_0.id,
        m1_0.category_id,
        m1_0.code,
        m1_0.created_at,
        m1_0.low_stock_threshold,
        m1_0.name,
        m1_0.status,
        m1_0.thumbnail,
        m1_0.thumbnail_public_id,
        m1_0.unit,
        m1_0.updated_at,
        mie1_0.on_hand,
        mie1_0.reserved,
        mie1_0.updated_at,
        mie1_0.version,
        mie1_0.warehouse_id 
    from
        material_inventories mie1_0 
    join
        materials m1_0 
            on m1_0.id=mie1_0.material_id 
    where
        mie1_0.warehouse_id=? 
        and m1_0.status<>? 
        and mie1_0.on_hand>0
2026-06-08 16:07:45 INFO  JwtAuthenticationFilter:79 - ⬅️ Response: GET /api/admin/warehouses/dropdown - 200
2026-06-08 16:07:45 INFO  JwtAuthenticationFilter:79 - ⬅️ Response: GET /api/admin/stocktakes/warehouses/1/materials - 200
2026-06-08 16:07:54 INFO  GracefulShutdown:54 - Commencing graceful shutdown. Waiting for active requests to complete
2026-06-08 16:07:54 INFO  GracefulShutdown:76 - Graceful shutdown complete
2026-06-08 16:07:54 INFO  LocalContainerEntityManagerFactoryBean:660 - Closing JPA EntityManagerFactory for persistence unit 'default'
2026-06-08 16:07:54 INFO  HikariDataSource:349 - HikariPool-1 - Shutdown initiated...
2026-06-08 16:07:54 INFO  HikariDataSource:351 - HikariPool-1 - Shutdown completed.
2026-06-08 16:07:58 INFO  Version:21 - HV000001: Hibernate Validator 8.0.3.Final
2026-06-08 16:07:58 INFO  LahoaBeApplication:53 - Starting LahoaBeApplication using Java 21.0.10 with PID 62297 (/Users/congsang/lahoa_shop/lahoa_website/lahoa-be/target/classes started by congsang in /Users/congsang/lahoa_shop/lahoa_website/lahoa-be)
2026-06-08 16:07:58 INFO  LahoaBeApplication:652 - No active profile set, falling back to 1 default profile: "default"
2026-06-08 16:07:58 INFO  RepositoryConfigurationDelegate:145 - Bootstrapping Spring Data JPA repositories in DEFAULT mode.
2026-06-08 16:07:58 INFO  RepositoryConfigurationDelegate:213 - Finished Spring Data repository scanning in 59 ms. Found 21 JPA repository interfaces.
2026-06-08 16:07:59 INFO  TomcatWebServer:111 - Tomcat initialized with port 8080 (http)
2026-06-08 16:07:59 INFO  Http11NioProtocol:168 - Initializing ProtocolHandler ["http-nio-8080"]
2026-06-08 16:07:59 INFO  StandardService:168 - Starting service [Tomcat]
2026-06-08 16:07:59 INFO  StandardEngine:168 - Starting Servlet engine: [Apache Tomcat/10.1.46]
2026-06-08 16:07:59 INFO  [/api]:168 - Initializing Spring embedded WebApplicationContext
2026-06-08 16:07:59 INFO  ServletWebServerApplicationContext:301 - Root WebApplicationContext: initialization completed in 897 ms
2026-06-08 16:07:59 INFO  LogHelper:31 - HHH000204: Processing PersistenceUnitInfo [name: default]
2026-06-08 16:07:59 INFO  Version:44 - HHH000412: Hibernate ORM core version 6.6.29.Final
2026-06-08 16:07:59 INFO  RegionFactoryInitiator:50 - HHH000026: Second-level cache disabled
2026-06-08 16:07:59 INFO  SpringPersistenceUnitInfo:87 - No LoadTimeWeaver setup: ignoring JPA class transformer
2026-06-08 16:07:59 INFO  HikariDataSource:109 - HikariPool-1 - Starting...
2026-06-08 16:07:59 INFO  HikariPool:580 - HikariPool-1 - Added connection com.mysql.cj.jdbc.ConnectionImpl@437c1a87
2026-06-08 16:07:59 INFO  HikariDataSource:122 - HikariPool-1 - Start completed.
2026-06-08 16:07:59 INFO  pooling:163 - HHH10001005: Database info:
	Database JDBC URL [Connecting through datasource 'HikariDataSource (HikariPool-1)']
	Database driver: undefined/unknown
	Database version: 8.0.45
	Autocommit mode: undefined/unknown
	Isolation level: undefined/unknown
	Minimum pool size: undefined/unknown
	Maximum pool size: undefined/unknown
2026-06-08 16:08:00 INFO  JtaPlatformInitiator:59 - HHH000489: No JTA platform available (set 'hibernate.transaction.jta.platform' to enable JTA platform integration)
2026-06-08 16:08:00 DEBUG SQL:135 - 
    alter table audit_logs 
       modify column action enum ('CREATE','DELETE','LOGIN','LOGOUT','RESTORE','UPDATE') not null
2026-06-08 16:08:00 DEBUG SQL:135 - 
    alter table audit_logs 
       modify column entity_name enum ('CATEGORY','INVENTORY','MATERIAL','MATERIAL_CATEGORY','ORDER','PRODUCT','USER','WAREHOUSE') not null
2026-06-08 16:08:00 INFO  LocalContainerEntityManagerFactoryBean:447 - Initialized JPA EntityManagerFactory for persistence unit 'default'
2026-06-08 16:08:00 INFO  QueryEnhancerFactory:49 - Hibernate is in classpath; If applicable, HQL parser will be used.
2026-06-08 16:08:03 INFO  InitializeUserDetailsBeanManagerConfigurer$InitializeUserDetailsManagerConfigurer:110 - Global AuthenticationManager configured with UserDetailsService bean with name appUserDetailsService
2026-06-08 16:08:03 INFO  Http11NioProtocol:168 - Starting ProtocolHandler ["http-nio-8080"]
2026-06-08 16:08:03 INFO  TomcatWebServer:243 - Tomcat started on port 8080 (http) with context path '/api'
2026-06-08 16:08:03 INFO  LahoaBeApplication:59 - Started LahoaBeApplication in 5.179 seconds (process running for 5.505)
2026-06-08 16:09:03 INFO  [/api]:168 - Initializing Spring DispatcherServlet 'dispatcherServlet'
2026-06-08 16:09:03 INFO  DispatcherServlet:532 - Initializing Servlet 'dispatcherServlet'
2026-06-08 16:09:03 INFO  DispatcherServlet:554 - Completed initialization in 3 ms
2026-06-08 16:09:03 INFO  JwtAuthenticationFilter:37 - ➡️ Request: GET /api/admin/stocktakes/warehouses/1/materials
2026-06-08 16:09:03 DEBUG SQL:135 - 
    select
        ue1_0.id,
        ue1_0.activation_token,
        ue1_0.code,
        ue1_0.created_at,
        ue1_0.email,
        ue1_0.full_name,
        ue1_0.password,
        ue1_0.phone,
        ue1_0.provider,
        ue1_0.status,
        ue1_0.updated_at,
        ue1_0.user_image_url 
    from
        users ue1_0 
    where
        ue1_0.email=?
2026-06-08 16:09:03 DEBUG SQL:135 - 
    select
        r1_0.user_id,
        r1_1.id,
        r1_1.name,
        p1_0.role_id,
        p1_1.id,
        p1_1.description,
        p1_1.name 
    from
        users_roles r1_0 
    join
        roles r1_1 
            on r1_1.id=r1_0.role_id 
    left join
        roles_permissions p1_0 
            on r1_1.id=p1_0.role_id 
    left join
        permissions p1_1 
            on p1_1.id=p1_0.permission_id 
    where
        r1_0.user_id=?
2026-06-08 16:09:03 DEBUG SQL:135 - 
    select
        we1_0.id,
        we1_0.address,
        we1_0.code,
        we1_0.created_at,
        we1_0.name,
        we1_0.status,
        we1_0.updated_at 
    from
        warehouses we1_0 
    where
        we1_0.id=?
2026-06-08 16:09:03 DEBUG SQL:135 - 
    select
        mie1_0.id,
        mie1_0.cost_price,
        mie1_0.created_at,
        mie1_0.material_id,
        m1_0.id,
        m1_0.category_id,
        m1_0.code,
        m1_0.created_at,
        m1_0.low_stock_threshold,
        m1_0.name,
        m1_0.status,
        m1_0.thumbnail,
        m1_0.thumbnail_public_id,
        m1_0.unit,
        m1_0.updated_at,
        mie1_0.on_hand,
        mie1_0.reserved,
        mie1_0.updated_at,
        mie1_0.version,
        mie1_0.warehouse_id 
    from
        material_inventories mie1_0 
    join
        materials m1_0 
            on m1_0.id=mie1_0.material_id 
    where
        mie1_0.warehouse_id=? 
        and m1_0.status<>? 
        and mie1_0.on_hand>0
2026-06-08 16:09:03 INFO  JwtAuthenticationFilter:79 - ⬅️ Response: GET /api/admin/stocktakes/warehouses/1/materials - 200
2026-06-08 16:09:05 INFO  JwtAuthenticationFilter:37 - ➡️ Request: GET /api/admin/stocktakes/warehouses/1/materials
2026-06-08 16:09:05 DEBUG SQL:135 - 
    select
        ue1_0.id,
        ue1_0.activation_token,
        ue1_0.code,
        ue1_0.created_at,
        ue1_0.email,
        ue1_0.full_name,
        ue1_0.password,
        ue1_0.phone,
        ue1_0.provider,
        ue1_0.status,
        ue1_0.updated_at,
        ue1_0.user_image_url 
    from
        users ue1_0 
    where
        ue1_0.email=?
2026-06-08 16:09:05 DEBUG SQL:135 - 
    select
        r1_0.user_id,
        r1_1.id,
        r1_1.name,
        p1_0.role_id,
        p1_1.id,
        p1_1.description,
        p1_1.name 
    from
        users_roles r1_0 
    join
        roles r1_1 
            on r1_1.id=r1_0.role_id 
    left join
        roles_permissions p1_0 
            on r1_1.id=p1_0.role_id 
    left join
        permissions p1_1 
            on p1_1.id=p1_0.permission_id 
    where
        r1_0.user_id=?
2026-06-08 16:09:05 INFO  JwtAuthenticationFilter:37 - ➡️ Request: GET /api/admin/warehouses/dropdown
2026-06-08 16:09:05 DEBUG SQL:135 - 
    select
        ue1_0.id,
        ue1_0.activation_token,
        ue1_0.code,
        ue1_0.created_at,
        ue1_0.email,
        ue1_0.full_name,
        ue1_0.password,
        ue1_0.phone,
        ue1_0.provider,
        ue1_0.status,
        ue1_0.updated_at,
        ue1_0.user_image_url 
    from
        users ue1_0 
    where
        ue1_0.email=?
2026-06-08 16:09:05 DEBUG SQL:135 - 
    select
        r1_0.user_id,
        r1_1.id,
        r1_1.name,
        p1_0.role_id,
        p1_1.id,
        p1_1.description,
        p1_1.name 
    from
        users_roles r1_0 
    join
        roles r1_1 
            on r1_1.id=r1_0.role_id 
    left join
        roles_permissions p1_0 
            on r1_1.id=p1_0.role_id 
    left join
        permissions p1_1 
            on p1_1.id=p1_0.permission_id 
    where
        r1_0.user_id=?
2026-06-08 16:09:05 DEBUG SQL:135 - 
    select
        we1_0.id,
        we1_0.address,
        we1_0.code,
        we1_0.created_at,
        we1_0.name,
        we1_0.status,
        we1_0.updated_at 
    from
        warehouses we1_0 
    where
        we1_0.id=?
2026-06-08 16:09:05 DEBUG SQL:135 - 
    select
        mie1_0.id,
        mie1_0.cost_price,
        mie1_0.created_at,
        mie1_0.material_id,
        m1_0.id,
        m1_0.category_id,
        m1_0.code,
        m1_0.created_at,
        m1_0.low_stock_threshold,
        m1_0.name,
        m1_0.status,
        m1_0.thumbnail,
        m1_0.thumbnail_public_id,
        m1_0.unit,
        m1_0.updated_at,
        mie1_0.on_hand,
        mie1_0.reserved,
        mie1_0.updated_at,
        mie1_0.version,
        mie1_0.warehouse_id 
    from
        material_inventories mie1_0 
    join
        materials m1_0 
            on m1_0.id=mie1_0.material_id 
    where
        mie1_0.warehouse_id=? 
        and m1_0.status<>? 
        and mie1_0.on_hand>0
2026-06-08 16:09:05 DEBUG SQL:135 - 
    select
        we1_0.id,
        we1_0.address,
        we1_0.code,
        we1_0.created_at,
        we1_0.name,
        we1_0.status,
        we1_0.updated_at 
    from
        warehouses we1_0 
    where
        we1_0.status=?
2026-06-08 16:09:05 INFO  JwtAuthenticationFilter:79 - ⬅️ Response: GET /api/admin/stocktakes/warehouses/1/materials - 200
2026-06-08 16:09:05 INFO  JwtAuthenticationFilter:79 - ⬅️ Response: GET /api/admin/warehouses/dropdown - 200
2026-06-08 16:09:08 INFO  JwtAuthenticationFilter:37 - ➡️ Request: GET /api/auth/account-info
2026-06-08 16:09:08 DEBUG SQL:135 - 
    select
        ue1_0.id,
        ue1_0.activation_token,
        ue1_0.code,
        ue1_0.created_at,
        ue1_0.email,
        ue1_0.full_name,
        ue1_0.password,
        ue1_0.phone,
        ue1_0.provider,
        ue1_0.status,
        ue1_0.updated_at,
        ue1_0.user_image_url 
    from
        users ue1_0 
    where
        ue1_0.email=?
2026-06-08 16:09:08 DEBUG SQL:135 - 
    select
        r1_0.user_id,
        r1_1.id,
        r1_1.name,
        p1_0.role_id,
        p1_1.id,
        p1_1.description,
        p1_1.name 
    from
        users_roles r1_0 
    join
        roles r1_1 
            on r1_1.id=r1_0.role_id 
    left join
        roles_permissions p1_0 
            on r1_1.id=p1_0.role_id 
    left join
        permissions p1_1 
            on p1_1.id=p1_0.permission_id 
    where
        r1_0.user_id=?
2026-06-08 16:09:08 INFO  JwtAuthenticationFilter:79 - ⬅️ Response: GET /api/auth/account-info - 200
2026-06-08 16:09:09 INFO  JwtAuthenticationFilter:37 - ➡️ Request: GET /api/admin/warehouses/dropdown
2026-06-08 16:09:09 INFO  JwtAuthenticationFilter:37 - ➡️ Request: GET /api/auth/account-info
2026-06-08 16:09:09 DEBUG SQL:135 - 
    select
        ue1_0.id,
        ue1_0.activation_token,
        ue1_0.code,
        ue1_0.created_at,
        ue1_0.email,
        ue1_0.full_name,
        ue1_0.password,
        ue1_0.phone,
        ue1_0.provider,
        ue1_0.status,
        ue1_0.updated_at,
        ue1_0.user_image_url 
    from
        users ue1_0 
    where
        ue1_0.email=?
2026-06-08 16:09:09 DEBUG SQL:135 - 
    select
        ue1_0.id,
        ue1_0.activation_token,
        ue1_0.code,
        ue1_0.created_at,
        ue1_0.email,
        ue1_0.full_name,
        ue1_0.password,
        ue1_0.phone,
        ue1_0.provider,
        ue1_0.status,
        ue1_0.updated_at,
        ue1_0.user_image_url 
    from
        users ue1_0 
    where
        ue1_0.email=?
2026-06-08 16:09:09 DEBUG SQL:135 - 
    select
        r1_0.user_id,
        r1_1.id,
        r1_1.name,
        p1_0.role_id,
        p1_1.id,
        p1_1.description,
        p1_1.name 
    from
        users_roles r1_0 
    join
        roles r1_1 
            on r1_1.id=r1_0.role_id 
    left join
        roles_permissions p1_0 
            on r1_1.id=p1_0.role_id 
    left join
        permissions p1_1 
            on p1_1.id=p1_0.permission_id 
    where
        r1_0.user_id=?
2026-06-08 16:09:09 DEBUG SQL:135 - 
    select
        r1_0.user_id,
        r1_1.id,
        r1_1.name,
        p1_0.role_id,
        p1_1.id,
        p1_1.description,
        p1_1.name 
    from
        users_roles r1_0 
    join
        roles r1_1 
            on r1_1.id=r1_0.role_id 
    left join
        roles_permissions p1_0 
            on r1_1.id=p1_0.role_id 
    left join
        permissions p1_1 
            on p1_1.id=p1_0.permission_id 
    where
        r1_0.user_id=?
2026-06-08 16:09:09 INFO  JwtAuthenticationFilter:79 - ⬅️ Response: GET /api/auth/account-info - 200
2026-06-08 16:09:09 DEBUG SQL:135 - 
    select
        we1_0.id,
        we1_0.address,
        we1_0.code,
        we1_0.created_at,
        we1_0.name,
        we1_0.status,
        we1_0.updated_at 
    from
        warehouses we1_0 
    where
        we1_0.status=?
2026-06-08 16:09:09 INFO  JwtAuthenticationFilter:79 - ⬅️ Response: GET /api/admin/warehouses/dropdown - 200
2026-06-08 16:09:12 INFO  JwtAuthenticationFilter:37 - ➡️ Request: GET /api/admin/stocktakes/warehouses/1/materials
2026-06-08 16:09:12 DEBUG SQL:135 - 
    select
        ue1_0.id,
        ue1_0.activation_token,
        ue1_0.code,
        ue1_0.created_at,
        ue1_0.email,
        ue1_0.full_name,
        ue1_0.password,
        ue1_0.phone,
        ue1_0.provider,
        ue1_0.status,
        ue1_0.updated_at,
        ue1_0.user_image_url 
    from
        users ue1_0 
    where
        ue1_0.email=?
2026-06-08 16:09:12 DEBUG SQL:135 - 
    select
        r1_0.user_id,
        r1_1.id,
        r1_1.name,
        p1_0.role_id,
        p1_1.id,
        p1_1.description,
        p1_1.name 
    from
        users_roles r1_0 
    join
        roles r1_1 
            on r1_1.id=r1_0.role_id 
    left join
        roles_permissions p1_0 
            on r1_1.id=p1_0.role_id 
    left join
        permissions p1_1 
            on p1_1.id=p1_0.permission_id 
    where
        r1_0.user_id=?
2026-06-08 16:09:12 DEBUG SQL:135 - 
    select
        we1_0.id,
        we1_0.address,
        we1_0.code,
        we1_0.created_at,
        we1_0.name,
        we1_0.status,
        we1_0.updated_at 
    from
        warehouses we1_0 
    where
        we1_0.id=?
2026-06-08 16:09:12 DEBUG SQL:135 - 
    select
        mie1_0.id,
        mie1_0.cost_price,
        mie1_0.created_at,
        mie1_0.material_id,
        m1_0.id,
        m1_0.category_id,
        m1_0.code,
        m1_0.created_at,
        m1_0.low_stock_threshold,
        m1_0.name,
        m1_0.status,
        m1_0.thumbnail,
        m1_0.thumbnail_public_id,
        m1_0.unit,
        m1_0.updated_at,
        mie1_0.on_hand,
        mie1_0.reserved,
        mie1_0.updated_at,
        mie1_0.version,
        mie1_0.warehouse_id 
    from
        material_inventories mie1_0 
    join
        materials m1_0 
            on m1_0.id=mie1_0.material_id 
    where
        mie1_0.warehouse_id=? 
        and m1_0.status<>? 
        and mie1_0.on_hand>0
2026-06-08 16:09:12 INFO  JwtAuthenticationFilter:79 - ⬅️ Response: GET /api/admin/stocktakes/warehouses/1/materials - 200
2026-06-08 16:14:23 INFO  JwtAuthenticationFilter:37 - ➡️ Request: GET /api/admin/stocktakes/warehouses/1/materials
2026-06-08 16:14:23 INFO  JwtAuthenticationFilter:37 - ➡️ Request: GET /api/admin/warehouses/dropdown
2026-06-08 16:14:23 INFO  JwtAuthenticationFilter:37 - ➡️ Request: GET /api/auth/account-info
2026-06-08 16:14:23 DEBUG SQL:135 - 
    select
        ue1_0.id,
        ue1_0.activation_token,
        ue1_0.code,
        ue1_0.created_at,
        ue1_0.email,
        ue1_0.full_name,
        ue1_0.password,
        ue1_0.phone,
        ue1_0.provider,
        ue1_0.status,
        ue1_0.updated_at,
        ue1_0.user_image_url 
    from
        users ue1_0 
    where
        ue1_0.email=?
2026-06-08 16:14:23 DEBUG SQL:135 - 
    select
        ue1_0.id,
        ue1_0.activation_token,
        ue1_0.code,
        ue1_0.created_at,
        ue1_0.email,
        ue1_0.full_name,
        ue1_0.password,
        ue1_0.phone,
        ue1_0.provider,
        ue1_0.status,
        ue1_0.updated_at,
        ue1_0.user_image_url 
    from
        users ue1_0 
    where
        ue1_0.email=?
2026-06-08 16:14:23 DEBUG SQL:135 - 
    select
        ue1_0.id,
        ue1_0.activation_token,
        ue1_0.code,
        ue1_0.created_at,
        ue1_0.email,
        ue1_0.full_name,
        ue1_0.password,
        ue1_0.phone,
        ue1_0.provider,
        ue1_0.status,
        ue1_0.updated_at,
        ue1_0.user_image_url 
    from
        users ue1_0 
    where
        ue1_0.email=?
2026-06-08 16:14:23 DEBUG SQL:135 - 
    select
        r1_0.user_id,
        r1_1.id,
        r1_1.name,
        p1_0.role_id,
        p1_1.id,
        p1_1.description,
        p1_1.name 
    from
        users_roles r1_0 
    join
        roles r1_1 
            on r1_1.id=r1_0.role_id 
    left join
        roles_permissions p1_0 
            on r1_1.id=p1_0.role_id 
    left join
        permissions p1_1 
            on p1_1.id=p1_0.permission_id 
    where
        r1_0.user_id=?
2026-06-08 16:14:23 DEBUG SQL:135 - 
    select
        r1_0.user_id,
        r1_1.id,
        r1_1.name,
        p1_0.role_id,
        p1_1.id,
        p1_1.description,
        p1_1.name 
    from
        users_roles r1_0 
    join
        roles r1_1 
            on r1_1.id=r1_0.role_id 
    left join
        roles_permissions p1_0 
            on r1_1.id=p1_0.role_id 
    left join
        permissions p1_1 
            on p1_1.id=p1_0.permission_id 
    where
        r1_0.user_id=?
2026-06-08 16:14:23 DEBUG SQL:135 - 
    select
        r1_0.user_id,
        r1_1.id,
        r1_1.name,
        p1_0.role_id,
        p1_1.id,
        p1_1.description,
        p1_1.name 
    from
        users_roles r1_0 
    join
        roles r1_1 
            on r1_1.id=r1_0.role_id 
    left join
        roles_permissions p1_0 
            on r1_1.id=p1_0.role_id 
    left join
        permissions p1_1 
            on p1_1.id=p1_0.permission_id 
    where
        r1_0.user_id=?
2026-06-08 16:14:23 INFO  JwtAuthenticationFilter:79 - ⬅️ Response: GET /api/auth/account-info - 200
2026-06-08 16:14:23 DEBUG SQL:135 - 
    select
        we1_0.id,
        we1_0.address,
        we1_0.code,
        we1_0.created_at,
        we1_0.name,
        we1_0.status,
        we1_0.updated_at 
    from
        warehouses we1_0 
    where
        we1_0.id=?
2026-06-08 16:14:23 DEBUG SQL:135 - 
    select
        we1_0.id,
        we1_0.address,
        we1_0.code,
        we1_0.created_at,
        we1_0.name,
        we1_0.status,
        we1_0.updated_at 
    from
        warehouses we1_0 
    where
        we1_0.status=?
2026-06-08 16:14:23 DEBUG SQL:135 - 
    select
        mie1_0.id,
        mie1_0.cost_price,
        mie1_0.created_at,
        mie1_0.material_id,
        m1_0.id,
        m1_0.category_id,
        m1_0.code,
        m1_0.created_at,
        m1_0.low_stock_threshold,
        m1_0.name,
        m1_0.status,
        m1_0.thumbnail,
        m1_0.thumbnail_public_id,
        m1_0.unit,
        m1_0.updated_at,
        mie1_0.on_hand,
        mie1_0.reserved,
        mie1_0.updated_at,
        mie1_0.version,
        mie1_0.warehouse_id 
    from
        material_inventories mie1_0 
    join
        materials m1_0 
            on m1_0.id=mie1_0.material_id 
    where
        mie1_0.warehouse_id=? 
        and m1_0.status<>? 
        and mie1_0.on_hand>0
2026-06-08 16:14:23 INFO  JwtAuthenticationFilter:79 - ⬅️ Response: GET /api/admin/warehouses/dropdown - 200
2026-06-08 16:14:23 INFO  JwtAuthenticationFilter:79 - ⬅️ Response: GET /api/admin/stocktakes/warehouses/1/materials - 200
2026-06-08 16:16:44 INFO  GracefulShutdown:54 - Commencing graceful shutdown. Waiting for active requests to complete
2026-06-08 16:16:44 INFO  GracefulShutdown:76 - Graceful shutdown complete
2026-06-08 16:16:44 INFO  LocalContainerEntityManagerFactoryBean:660 - Closing JPA EntityManagerFactory for persistence unit 'default'
2026-06-08 16:16:44 INFO  HikariDataSource:349 - HikariPool-1 - Shutdown initiated...
2026-06-08 16:16:44 INFO  HikariDataSource:351 - HikariPool-1 - Shutdown completed.
2026-06-08 16:16:48 INFO  Version:21 - HV000001: Hibernate Validator 8.0.3.Final
2026-06-08 16:16:48 INFO  LahoaBeApplication:53 - Starting LahoaBeApplication using Java 21.0.10 with PID 62982 (/Users/congsang/lahoa_shop/lahoa_website/lahoa-be/target/classes started by congsang in /Users/congsang/lahoa_shop/lahoa_website/lahoa-be)
2026-06-08 16:16:48 INFO  LahoaBeApplication:652 - No active profile set, falling back to 1 default profile: "default"
2026-06-08 16:16:48 INFO  RepositoryConfigurationDelegate:145 - Bootstrapping Spring Data JPA repositories in DEFAULT mode.
2026-06-08 16:16:49 INFO  RepositoryConfigurationDelegate:213 - Finished Spring Data repository scanning in 62 ms. Found 21 JPA repository interfaces.
2026-06-08 16:16:49 INFO  TomcatWebServer:111 - Tomcat initialized with port 8080 (http)
2026-06-08 16:16:49 INFO  Http11NioProtocol:168 - Initializing ProtocolHandler ["http-nio-8080"]
2026-06-08 16:16:49 INFO  StandardService:168 - Starting service [Tomcat]
2026-06-08 16:16:49 INFO  StandardEngine:168 - Starting Servlet engine: [Apache Tomcat/10.1.46]
2026-06-08 16:16:49 INFO  [/api]:168 - Initializing Spring embedded WebApplicationContext
2026-06-08 16:16:49 INFO  ServletWebServerApplicationContext:301 - Root WebApplicationContext: initialization completed in 909 ms
2026-06-08 16:16:49 INFO  LogHelper:31 - HHH000204: Processing PersistenceUnitInfo [name: default]
2026-06-08 16:16:49 INFO  Version:44 - HHH000412: Hibernate ORM core version 6.6.29.Final
2026-06-08 16:16:49 INFO  RegionFactoryInitiator:50 - HHH000026: Second-level cache disabled
2026-06-08 16:16:49 INFO  SpringPersistenceUnitInfo:87 - No LoadTimeWeaver setup: ignoring JPA class transformer
2026-06-08 16:16:49 INFO  HikariDataSource:109 - HikariPool-1 - Starting...
2026-06-08 16:16:49 INFO  HikariPool:580 - HikariPool-1 - Added connection com.mysql.cj.jdbc.ConnectionImpl@b3004e
2026-06-08 16:16:49 INFO  HikariDataSource:122 - HikariPool-1 - Start completed.
2026-06-08 16:16:49 INFO  pooling:163 - HHH10001005: Database info:
	Database JDBC URL [Connecting through datasource 'HikariDataSource (HikariPool-1)']
	Database driver: undefined/unknown
	Database version: 8.0.45
	Autocommit mode: undefined/unknown
	Isolation level: undefined/unknown
	Minimum pool size: undefined/unknown
	Maximum pool size: undefined/unknown
2026-06-08 16:16:50 INFO  JtaPlatformInitiator:59 - HHH000489: No JTA platform available (set 'hibernate.transaction.jta.platform' to enable JTA platform integration)
2026-06-08 16:16:50 DEBUG SQL:135 - 
    alter table audit_logs 
       modify column action enum ('CREATE','DELETE','LOGIN','LOGOUT','RESTORE','UPDATE') not null
2026-06-08 16:16:50 DEBUG SQL:135 - 
    alter table audit_logs 
       modify column entity_name enum ('CATEGORY','INVENTORY','MATERIAL','MATERIAL_CATEGORY','ORDER','PRODUCT','USER','WAREHOUSE') not null
2026-06-08 16:16:50 INFO  LocalContainerEntityManagerFactoryBean:447 - Initialized JPA EntityManagerFactory for persistence unit 'default'
2026-06-08 16:16:50 INFO  QueryEnhancerFactory:49 - Hibernate is in classpath; If applicable, HQL parser will be used.
2026-06-08 16:16:53 INFO  InitializeUserDetailsBeanManagerConfigurer$InitializeUserDetailsManagerConfigurer:110 - Global AuthenticationManager configured with UserDetailsService bean with name appUserDetailsService
2026-06-08 16:16:53 INFO  Http11NioProtocol:168 - Starting ProtocolHandler ["http-nio-8080"]
2026-06-08 16:16:53 INFO  TomcatWebServer:243 - Tomcat started on port 8080 (http) with context path '/api'
2026-06-08 16:16:53 INFO  LahoaBeApplication:59 - Started LahoaBeApplication in 5.193 seconds (process running for 5.502)
2026-06-08 16:16:59 INFO  [/api]:168 - Initializing Spring DispatcherServlet 'dispatcherServlet'
2026-06-08 16:16:59 INFO  DispatcherServlet:532 - Initializing Servlet 'dispatcherServlet'
2026-06-08 16:16:59 INFO  DispatcherServlet:554 - Completed initialization in 1 ms
2026-06-08 16:16:59 INFO  JwtAuthenticationFilter:37 - ➡️ Request: GET /api/admin/warehouses/dropdown
2026-06-08 16:16:59 INFO  JwtAuthenticationFilter:37 - ➡️ Request: GET /api/admin/stocktakes/warehouses/1/materials
2026-06-08 16:16:59 DEBUG SQL:135 - 
    select
        ue1_0.id,
        ue1_0.activation_token,
        ue1_0.code,
        ue1_0.created_at,
        ue1_0.email,
        ue1_0.full_name,
        ue1_0.password,
        ue1_0.phone,
        ue1_0.provider,
        ue1_0.status,
        ue1_0.updated_at,
        ue1_0.user_image_url 
    from
        users ue1_0 
    where
        ue1_0.email=?
2026-06-08 16:16:59 DEBUG SQL:135 - 
    select
        ue1_0.id,
        ue1_0.activation_token,
        ue1_0.code,
        ue1_0.created_at,
        ue1_0.email,
        ue1_0.full_name,
        ue1_0.password,
        ue1_0.phone,
        ue1_0.provider,
        ue1_0.status,
        ue1_0.updated_at,
        ue1_0.user_image_url 
    from
        users ue1_0 
    where
        ue1_0.email=?
2026-06-08 16:16:59 DEBUG SQL:135 - 
    select
        r1_0.user_id,
        r1_1.id,
        r1_1.name,
        p1_0.role_id,
        p1_1.id,
        p1_1.description,
        p1_1.name 
    from
        users_roles r1_0 
    join
        roles r1_1 
            on r1_1.id=r1_0.role_id 
    left join
        roles_permissions p1_0 
            on r1_1.id=p1_0.role_id 
    left join
        permissions p1_1 
            on p1_1.id=p1_0.permission_id 
    where
        r1_0.user_id=?
2026-06-08 16:16:59 DEBUG SQL:135 - 
    select
        r1_0.user_id,
        r1_1.id,
        r1_1.name,
        p1_0.role_id,
        p1_1.id,
        p1_1.description,
        p1_1.name 
    from
        users_roles r1_0 
    join
        roles r1_1 
            on r1_1.id=r1_0.role_id 
    left join
        roles_permissions p1_0 
            on r1_1.id=p1_0.role_id 
    left join
        permissions p1_1 
            on p1_1.id=p1_0.permission_id 
    where
        r1_0.user_id=?
2026-06-08 16:16:59 DEBUG SQL:135 - 
    select
        we1_0.id,
        we1_0.address,
        we1_0.code,
        we1_0.created_at,
        we1_0.name,
        we1_0.status,
        we1_0.updated_at 
    from
        warehouses we1_0 
    where
        we1_0.status=?
2026-06-08 16:16:59 DEBUG SQL:135 - 
    select
        we1_0.id,
        we1_0.address,
        we1_0.code,
        we1_0.created_at,
        we1_0.name,
        we1_0.status,
        we1_0.updated_at 
    from
        warehouses we1_0 
    where
        we1_0.id=?
2026-06-08 16:16:59 DEBUG SQL:135 - 
    select
        mie1_0.id,
        mie1_0.cost_price,
        mie1_0.created_at,
        mie1_0.material_id,
        m1_0.id,
        m1_0.category_id,
        m1_0.code,
        m1_0.created_at,
        m1_0.low_stock_threshold,
        m1_0.name,
        m1_0.status,
        m1_0.thumbnail,
        m1_0.thumbnail_public_id,
        m1_0.unit,
        m1_0.updated_at,
        mie1_0.on_hand,
        mie1_0.reserved,
        mie1_0.updated_at,
        mie1_0.version,
        mie1_0.warehouse_id 
    from
        material_inventories mie1_0 
    join
        materials m1_0 
            on m1_0.id=mie1_0.material_id 
    where
        mie1_0.warehouse_id=? 
        and m1_0.status<>? 
        and mie1_0.on_hand>0
2026-06-08 16:16:59 INFO  JwtAuthenticationFilter:79 - ⬅️ Response: GET /api/admin/warehouses/dropdown - 200
2026-06-08 16:16:59 INFO  JwtAuthenticationFilter:79 - ⬅️ Response: GET /api/admin/stocktakes/warehouses/1/materials - 200
2026-06-08 16:17:00 INFO  JwtAuthenticationFilter:37 - ➡️ Request: GET /api/auth/account-info
2026-06-08 16:17:00 DEBUG SQL:135 - 
    select
        ue1_0.id,
        ue1_0.activation_token,
        ue1_0.code,
        ue1_0.created_at,
        ue1_0.email,
        ue1_0.full_name,
        ue1_0.password,
        ue1_0.phone,
        ue1_0.provider,
        ue1_0.status,
        ue1_0.updated_at,
        ue1_0.user_image_url 
    from
        users ue1_0 
    where
        ue1_0.email=?
2026-06-08 16:17:00 DEBUG SQL:135 - 
    select
        r1_0.user_id,
        r1_1.id,
        r1_1.name,
        p1_0.role_id,
        p1_1.id,
        p1_1.description,
        p1_1.name 
    from
        users_roles r1_0 
    join
        roles r1_1 
            on r1_1.id=r1_0.role_id 
    left join
        roles_permissions p1_0 
            on r1_1.id=p1_0.role_id 
    left join
        permissions p1_1 
            on p1_1.id=p1_0.permission_id 
    where
        r1_0.user_id=?
2026-06-08 16:17:00 INFO  JwtAuthenticationFilter:79 - ⬅️ Response: GET /api/auth/account-info - 200
2026-06-08 16:17:01 INFO  JwtAuthenticationFilter:37 - ➡️ Request: GET /api/admin/warehouses/dropdown
2026-06-08 16:17:01 DEBUG SQL:135 - 
    select
        ue1_0.id,
        ue1_0.activation_token,
        ue1_0.code,
        ue1_0.created_at,
        ue1_0.email,
        ue1_0.full_name,
        ue1_0.password,
        ue1_0.phone,
        ue1_0.provider,
        ue1_0.status,
        ue1_0.updated_at,
        ue1_0.user_image_url 
    from
        users ue1_0 
    where
        ue1_0.email=?
2026-06-08 16:17:01 DEBUG SQL:135 - 
    select
        r1_0.user_id,
        r1_1.id,
        r1_1.name,
        p1_0.role_id,
        p1_1.id,
        p1_1.description,
        p1_1.name 
    from
        users_roles r1_0 
    join
        roles r1_1 
            on r1_1.id=r1_0.role_id 
    left join
        roles_permissions p1_0 
            on r1_1.id=p1_0.role_id 
    left join
        permissions p1_1 
            on p1_1.id=p1_0.permission_id 
    where
        r1_0.user_id=?
2026-06-08 16:17:01 INFO  JwtAuthenticationFilter:37 - ➡️ Request: GET /api/auth/account-info
2026-06-08 16:17:01 DEBUG SQL:135 - 
    select
        ue1_0.id,
        ue1_0.activation_token,
        ue1_0.code,
        ue1_0.created_at,
        ue1_0.email,
        ue1_0.full_name,
        ue1_0.password,
        ue1_0.phone,
        ue1_0.provider,
        ue1_0.status,
        ue1_0.updated_at,
        ue1_0.user_image_url 
    from
        users ue1_0 
    where
        ue1_0.email=?
2026-06-08 16:17:01 DEBUG SQL:135 - 
    select
        r1_0.user_id,
        r1_1.id,
        r1_1.name,
        p1_0.role_id,
        p1_1.id,
        p1_1.description,
        p1_1.name 
    from
        users_roles r1_0 
    join
        roles r1_1 
            on r1_1.id=r1_0.role_id 
    left join
        roles_permissions p1_0 
            on r1_1.id=p1_0.role_id 
    left join
        permissions p1_1 
            on p1_1.id=p1_0.permission_id 
    where
        r1_0.user_id=?
2026-06-08 16:17:01 DEBUG SQL:135 - 
    select
        we1_0.id,
        we1_0.address,
        we1_0.code,
        we1_0.created_at,
        we1_0.name,
        we1_0.status,
        we1_0.updated_at 
    from
        warehouses we1_0 
    where
        we1_0.status=?
2026-06-08 16:17:01 INFO  JwtAuthenticationFilter:79 - ⬅️ Response: GET /api/admin/warehouses/dropdown - 200
2026-06-08 16:17:01 INFO  JwtAuthenticationFilter:79 - ⬅️ Response: GET /api/auth/account-info - 200
2026-06-08 16:17:02 INFO  JwtAuthenticationFilter:37 - ➡️ Request: GET /api/admin/stocktakes/warehouses/1/materials
2026-06-08 16:17:02 DEBUG SQL:135 - 
    select
        ue1_0.id,
        ue1_0.activation_token,
        ue1_0.code,
        ue1_0.created_at,
        ue1_0.email,
        ue1_0.full_name,
        ue1_0.password,
        ue1_0.phone,
        ue1_0.provider,
        ue1_0.status,
        ue1_0.updated_at,
        ue1_0.user_image_url 
    from
        users ue1_0 
    where
        ue1_0.email=?
2026-06-08 16:17:02 DEBUG SQL:135 - 
    select
        r1_0.user_id,
        r1_1.id,
        r1_1.name,
        p1_0.role_id,
        p1_1.id,
        p1_1.description,
        p1_1.name 
    from
        users_roles r1_0 
    join
        roles r1_1 
            on r1_1.id=r1_0.role_id 
    left join
        roles_permissions p1_0 
            on r1_1.id=p1_0.role_id 
    left join
        permissions p1_1 
            on p1_1.id=p1_0.permission_id 
    where
        r1_0.user_id=?
2026-06-08 16:17:02 DEBUG SQL:135 - 
    select
        we1_0.id,
        we1_0.address,
        we1_0.code,
        we1_0.created_at,
        we1_0.name,
        we1_0.status,
        we1_0.updated_at 
    from
        warehouses we1_0 
    where
        we1_0.id=?
2026-06-08 16:17:02 DEBUG SQL:135 - 
    select
        mie1_0.id,
        mie1_0.cost_price,
        mie1_0.created_at,
        mie1_0.material_id,
        m1_0.id,
        m1_0.category_id,
        m1_0.code,
        m1_0.created_at,
        m1_0.low_stock_threshold,
        m1_0.name,
        m1_0.status,
        m1_0.thumbnail,
        m1_0.thumbnail_public_id,
        m1_0.unit,
        m1_0.updated_at,
        mie1_0.on_hand,
        mie1_0.reserved,
        mie1_0.updated_at,
        mie1_0.version,
        mie1_0.warehouse_id 
    from
        material_inventories mie1_0 
    join
        materials m1_0 
            on m1_0.id=mie1_0.material_id 
    where
        mie1_0.warehouse_id=? 
        and m1_0.status<>? 
        and mie1_0.on_hand>0
2026-06-08 16:17:02 INFO  JwtAuthenticationFilter:79 - ⬅️ Response: GET /api/admin/stocktakes/warehouses/1/materials - 200
2026-06-08 16:23:07 INFO  JwtAuthenticationFilter:37 - ➡️ Request: GET /api/admin/warehouses/dropdown
2026-06-08 16:23:07 DEBUG SQL:135 - 
    select
        ue1_0.id,
        ue1_0.activation_token,
        ue1_0.code,
        ue1_0.created_at,
        ue1_0.email,
        ue1_0.full_name,
        ue1_0.password,
        ue1_0.phone,
        ue1_0.provider,
        ue1_0.status,
        ue1_0.updated_at,
        ue1_0.user_image_url 
    from
        users ue1_0 
    where
        ue1_0.email=?
2026-06-08 16:23:07 DEBUG SQL:135 - 
    select
        r1_0.user_id,
        r1_1.id,
        r1_1.name,
        p1_0.role_id,
        p1_1.id,
        p1_1.description,
        p1_1.name 
    from
        users_roles r1_0 
    join
        roles r1_1 
            on r1_1.id=r1_0.role_id 
    left join
        roles_permissions p1_0 
            on r1_1.id=p1_0.role_id 
    left join
        permissions p1_1 
            on p1_1.id=p1_0.permission_id 
    where
        r1_0.user_id=?
2026-06-08 16:23:07 DEBUG SQL:135 - 
    select
        we1_0.id,
        we1_0.address,
        we1_0.code,
        we1_0.created_at,
        we1_0.name,
        we1_0.status,
        we1_0.updated_at 
    from
        warehouses we1_0 
    where
        we1_0.status=?
2026-06-08 16:23:07 INFO  JwtAuthenticationFilter:79 - ⬅️ Response: GET /api/admin/warehouses/dropdown - 200
2026-06-08 16:23:10 INFO  JwtAuthenticationFilter:37 - ➡️ Request: GET /api/admin/warehouses/dropdown
2026-06-08 16:23:10 DEBUG SQL:135 - 
    select
        ue1_0.id,
        ue1_0.activation_token,
        ue1_0.code,
        ue1_0.created_at,
        ue1_0.email,
        ue1_0.full_name,
        ue1_0.password,
        ue1_0.phone,
        ue1_0.provider,
        ue1_0.status,
        ue1_0.updated_at,
        ue1_0.user_image_url 
    from
        users ue1_0 
    where
        ue1_0.email=?
2026-06-08 16:23:10 INFO  JwtAuthenticationFilter:37 - ➡️ Request: GET /api/auth/account-info
2026-06-08 16:23:10 DEBUG SQL:135 - 
    select
        ue1_0.id,
        ue1_0.activation_token,
        ue1_0.code,
        ue1_0.created_at,
        ue1_0.email,
        ue1_0.full_name,
        ue1_0.password,
        ue1_0.phone,
        ue1_0.provider,
        ue1_0.status,
        ue1_0.updated_at,
        ue1_0.user_image_url 
    from
        users ue1_0 
    where
        ue1_0.email=?
2026-06-08 16:23:10 DEBUG SQL:135 - 
    select
        r1_0.user_id,
        r1_1.id,
        r1_1.name,
        p1_0.role_id,
        p1_1.id,
        p1_1.description,
        p1_1.name 
    from
        users_roles r1_0 
    join
        roles r1_1 
            on r1_1.id=r1_0.role_id 
    left join
        roles_permissions p1_0 
            on r1_1.id=p1_0.role_id 
    left join
        permissions p1_1 
            on p1_1.id=p1_0.permission_id 
    where
        r1_0.user_id=?
2026-06-08 16:23:10 DEBUG SQL:135 - 
    select
        r1_0.user_id,
        r1_1.id,
        r1_1.name,
        p1_0.role_id,
        p1_1.id,
        p1_1.description,
        p1_1.name 
    from
        users_roles r1_0 
    join
        roles r1_1 
            on r1_1.id=r1_0.role_id 
    left join
        roles_permissions p1_0 
            on r1_1.id=p1_0.role_id 
    left join
        permissions p1_1 
            on p1_1.id=p1_0.permission_id 
    where
        r1_0.user_id=?
2026-06-08 16:23:10 DEBUG SQL:135 - 
    select
        we1_0.id,
        we1_0.address,
        we1_0.code,
        we1_0.created_at,
        we1_0.name,
        we1_0.status,
        we1_0.updated_at 
    from
        warehouses we1_0 
    where
        we1_0.status=?
2026-06-08 16:23:10 INFO  JwtAuthenticationFilter:79 - ⬅️ Response: GET /api/auth/account-info - 200
2026-06-08 16:23:10 INFO  JwtAuthenticationFilter:79 - ⬅️ Response: GET /api/admin/warehouses/dropdown - 200
2026-06-08 16:23:14 INFO  JwtAuthenticationFilter:37 - ➡️ Request: GET /api/admin/stocktakes/warehouses/1/materials
2026-06-08 16:23:14 DEBUG SQL:135 - 
    select
        ue1_0.id,
        ue1_0.activation_token,
        ue1_0.code,
        ue1_0.created_at,
        ue1_0.email,
        ue1_0.full_name,
        ue1_0.password,
        ue1_0.phone,
        ue1_0.provider,
        ue1_0.status,
        ue1_0.updated_at,
        ue1_0.user_image_url 
    from
        users ue1_0 
    where
        ue1_0.email=?
2026-06-08 16:23:14 DEBUG SQL:135 - 
    select
        r1_0.user_id,
        r1_1.id,
        r1_1.name,
        p1_0.role_id,
        p1_1.id,
        p1_1.description,
        p1_1.name 
    from
        users_roles r1_0 
    join
        roles r1_1 
            on r1_1.id=r1_0.role_id 
    left join
        roles_permissions p1_0 
            on r1_1.id=p1_0.role_id 
    left join
        permissions p1_1 
            on p1_1.id=p1_0.permission_id 
    where
        r1_0.user_id=?
2026-06-08 16:23:14 DEBUG SQL:135 - 
    select
        we1_0.id,
        we1_0.address,
        we1_0.code,
        we1_0.created_at,
        we1_0.name,
        we1_0.status,
        we1_0.updated_at 
    from
        warehouses we1_0 
    where
        we1_0.id=?
2026-06-08 16:23:14 DEBUG SQL:135 - 
    select
        mie1_0.id,
        mie1_0.cost_price,
        mie1_0.created_at,
        mie1_0.material_id,
        m1_0.id,
        m1_0.category_id,
        m1_0.code,
        m1_0.created_at,
        m1_0.low_stock_threshold,
        m1_0.name,
        m1_0.status,
        m1_0.thumbnail,
        m1_0.thumbnail_public_id,
        m1_0.unit,
        m1_0.updated_at,
        mie1_0.on_hand,
        mie1_0.reserved,
        mie1_0.updated_at,
        mie1_0.version,
        mie1_0.warehouse_id 
    from
        material_inventories mie1_0 
    join
        materials m1_0 
            on m1_0.id=mie1_0.material_id 
    where
        mie1_0.warehouse_id=? 
        and m1_0.status<>? 
        and mie1_0.on_hand>0
2026-06-08 16:23:14 INFO  JwtAuthenticationFilter:79 - ⬅️ Response: GET /api/admin/stocktakes/warehouses/1/materials - 200
2026-06-08 16:24:39 INFO  JwtAuthenticationFilter:37 - ➡️ Request: GET /api/admin/stocktakes/warehouses/1/materials
2026-06-08 16:24:39 INFO  JwtAuthenticationFilter:37 - ➡️ Request: GET /api/admin/warehouses/dropdown
2026-06-08 16:24:39 DEBUG SQL:135 - 
    select
        ue1_0.id,
        ue1_0.activation_token,
        ue1_0.code,
        ue1_0.created_at,
        ue1_0.email,
        ue1_0.full_name,
        ue1_0.password,
        ue1_0.phone,
        ue1_0.provider,
        ue1_0.status,
        ue1_0.updated_at,
        ue1_0.user_image_url 
    from
        users ue1_0 
    where
        ue1_0.email=?
2026-06-08 16:24:39 DEBUG SQL:135 - 
    select
        ue1_0.id,
        ue1_0.activation_token,
        ue1_0.code,
        ue1_0.created_at,
        ue1_0.email,
        ue1_0.full_name,
        ue1_0.password,
        ue1_0.phone,
        ue1_0.provider,
        ue1_0.status,
        ue1_0.updated_at,
        ue1_0.user_image_url 
    from
        users ue1_0 
    where
        ue1_0.email=?
2026-06-08 16:24:39 DEBUG SQL:135 - 
    select
        r1_0.user_id,
        r1_1.id,
        r1_1.name,
        p1_0.role_id,
        p1_1.id,
        p1_1.description,
        p1_1.name 
    from
        users_roles r1_0 
    join
        roles r1_1 
            on r1_1.id=r1_0.role_id 
    left join
        roles_permissions p1_0 
            on r1_1.id=p1_0.role_id 
    left join
        permissions p1_1 
            on p1_1.id=p1_0.permission_id 
    where
        r1_0.user_id=?
2026-06-08 16:24:39 DEBUG SQL:135 - 
    select
        r1_0.user_id,
        r1_1.id,
        r1_1.name,
        p1_0.role_id,
        p1_1.id,
        p1_1.description,
        p1_1.name 
    from
        users_roles r1_0 
    join
        roles r1_1 
            on r1_1.id=r1_0.role_id 
    left join
        roles_permissions p1_0 
            on r1_1.id=p1_0.role_id 
    left join
        permissions p1_1 
            on p1_1.id=p1_0.permission_id 
    where
        r1_0.user_id=?
2026-06-08 16:24:39 DEBUG SQL:135 - 
    select
        we1_0.id,
        we1_0.address,
        we1_0.code,
        we1_0.created_at,
        we1_0.name,
        we1_0.status,
        we1_0.updated_at 
    from
        warehouses we1_0 
    where
        we1_0.id=?
2026-06-08 16:24:39 DEBUG SQL:135 - 
    select
        we1_0.id,
        we1_0.address,
        we1_0.code,
        we1_0.created_at,
        we1_0.name,
        we1_0.status,
        we1_0.updated_at 
    from
        warehouses we1_0 
    where
        we1_0.status=?
2026-06-08 16:24:39 DEBUG SQL:135 - 
    select
        mie1_0.id,
        mie1_0.cost_price,
        mie1_0.created_at,
        mie1_0.material_id,
        m1_0.id,
        m1_0.category_id,
        m1_0.code,
        m1_0.created_at,
        m1_0.low_stock_threshold,
        m1_0.name,
        m1_0.status,
        m1_0.thumbnail,
        m1_0.thumbnail_public_id,
        m1_0.unit,
        m1_0.updated_at,
        mie1_0.on_hand,
        mie1_0.reserved,
        mie1_0.updated_at,
        mie1_0.version,
        mie1_0.warehouse_id 
    from
        material_inventories mie1_0 
    join
        materials m1_0 
            on m1_0.id=mie1_0.material_id 
    where
        mie1_0.warehouse_id=? 
        and m1_0.status<>? 
        and mie1_0.on_hand>0
2026-06-08 16:24:39 INFO  JwtAuthenticationFilter:79 - ⬅️ Response: GET /api/admin/warehouses/dropdown - 200
2026-06-08 16:24:39 INFO  JwtAuthenticationFilter:79 - ⬅️ Response: GET /api/admin/stocktakes/warehouses/1/materials - 200
2026-06-08 16:25:14 INFO  JwtAuthenticationFilter:37 - ➡️ Request: GET /api/admin/stocktakes/warehouses/1/materials
2026-06-08 16:25:14 INFO  JwtAuthenticationFilter:37 - ➡️ Request: GET /api/admin/warehouses/dropdown
2026-06-08 16:25:14 DEBUG SQL:135 - 
    select
        ue1_0.id,
        ue1_0.activation_token,
        ue1_0.code,
        ue1_0.created_at,
        ue1_0.email,
        ue1_0.full_name,
        ue1_0.password,
        ue1_0.phone,
        ue1_0.provider,
        ue1_0.status,
        ue1_0.updated_at,
        ue1_0.user_image_url 
    from
        users ue1_0 
    where
        ue1_0.email=?
2026-06-08 16:25:14 DEBUG SQL:135 - 
    select
        ue1_0.id,
        ue1_0.activation_token,
        ue1_0.code,
        ue1_0.created_at,
        ue1_0.email,
        ue1_0.full_name,
        ue1_0.password,
        ue1_0.phone,
        ue1_0.provider,
        ue1_0.status,
        ue1_0.updated_at,
        ue1_0.user_image_url 
    from
        users ue1_0 
    where
        ue1_0.email=?
2026-06-08 16:25:14 DEBUG SQL:135 - 
    select
        r1_0.user_id,
        r1_1.id,
        r1_1.name,
        p1_0.role_id,
        p1_1.id,
        p1_1.description,
        p1_1.name 
    from
        users_roles r1_0 
    join
        roles r1_1 
            on r1_1.id=r1_0.role_id 
    left join
        roles_permissions p1_0 
            on r1_1.id=p1_0.role_id 
    left join
        permissions p1_1 
            on p1_1.id=p1_0.permission_id 
    where
        r1_0.user_id=?
2026-06-08 16:25:14 DEBUG SQL:135 - 
    select
        r1_0.user_id,
        r1_1.id,
        r1_1.name,
        p1_0.role_id,
        p1_1.id,
        p1_1.description,
        p1_1.name 
    from
        users_roles r1_0 
    join
        roles r1_1 
            on r1_1.id=r1_0.role_id 
    left join
        roles_permissions p1_0 
            on r1_1.id=p1_0.role_id 
    left join
        permissions p1_1 
            on p1_1.id=p1_0.permission_id 
    where
        r1_0.user_id=?
2026-06-08 16:25:14 DEBUG SQL:135 - 
    select
        we1_0.id,
        we1_0.address,
        we1_0.code,
        we1_0.created_at,
        we1_0.name,
        we1_0.status,
        we1_0.updated_at 
    from
        warehouses we1_0 
    where
        we1_0.id=?
2026-06-08 16:25:14 DEBUG SQL:135 - 
    select
        we1_0.id,
        we1_0.address,
        we1_0.code,
        we1_0.created_at,
        we1_0.name,
        we1_0.status,
        we1_0.updated_at 
    from
        warehouses we1_0 
    where
        we1_0.status=?
2026-06-08 16:25:14 DEBUG SQL:135 - 
    select
        mie1_0.id,
        mie1_0.cost_price,
        mie1_0.created_at,
        mie1_0.material_id,
        m1_0.id,
        m1_0.category_id,
        m1_0.code,
        m1_0.created_at,
        m1_0.low_stock_threshold,
        m1_0.name,
        m1_0.status,
        m1_0.thumbnail,
        m1_0.thumbnail_public_id,
        m1_0.unit,
        m1_0.updated_at,
        mie1_0.on_hand,
        mie1_0.reserved,
        mie1_0.updated_at,
        mie1_0.version,
        mie1_0.warehouse_id 
    from
        material_inventories mie1_0 
    join
        materials m1_0 
            on m1_0.id=mie1_0.material_id 
    where
        mie1_0.warehouse_id=? 
        and m1_0.status<>? 
        and mie1_0.on_hand>0
2026-06-08 16:25:14 INFO  JwtAuthenticationFilter:79 - ⬅️ Response: GET /api/admin/warehouses/dropdown - 200
2026-06-08 16:25:14 INFO  JwtAuthenticationFilter:79 - ⬅️ Response: GET /api/admin/stocktakes/warehouses/1/materials - 200
2026-06-08 16:25:18 INFO  JwtAuthenticationFilter:37 - ➡️ Request: GET /api/admin/warehouses/dropdown
2026-06-08 16:25:18 DEBUG SQL:135 - 
    select
        ue1_0.id,
        ue1_0.activation_token,
        ue1_0.code,
        ue1_0.created_at,
        ue1_0.email,
        ue1_0.full_name,
        ue1_0.password,
        ue1_0.phone,
        ue1_0.provider,
        ue1_0.status,
        ue1_0.updated_at,
        ue1_0.user_image_url 
    from
        users ue1_0 
    where
        ue1_0.email=?
2026-06-08 16:25:18 INFO  JwtAuthenticationFilter:37 - ➡️ Request: GET /api/admin/material-receipts
2026-06-08 16:25:18 INFO  JwtAuthenticationFilter:37 - ➡️ Request: GET /api/admin/material-categories/dropdown
2026-06-08 16:25:18 DEBUG SQL:135 - 
    select
        ue1_0.id,
        ue1_0.activation_token,
        ue1_0.code,
        ue1_0.created_at,
        ue1_0.email,
        ue1_0.full_name,
        ue1_0.password,
        ue1_0.phone,
        ue1_0.provider,
        ue1_0.status,
        ue1_0.updated_at,
        ue1_0.user_image_url 
    from
        users ue1_0 
    where
        ue1_0.email=?
2026-06-08 16:25:18 DEBUG SQL:135 - 
    select
        ue1_0.id,
        ue1_0.activation_token,
        ue1_0.code,
        ue1_0.created_at,
        ue1_0.email,
        ue1_0.full_name,
        ue1_0.password,
        ue1_0.phone,
        ue1_0.provider,
        ue1_0.status,
        ue1_0.updated_at,
        ue1_0.user_image_url 
    from
        users ue1_0 
    where
        ue1_0.email=?
2026-06-08 16:25:18 DEBUG SQL:135 - 
    select
        r1_0.user_id,
        r1_1.id,
        r1_1.name,
        p1_0.role_id,
        p1_1.id,
        p1_1.description,
        p1_1.name 
    from
        users_roles r1_0 
    join
        roles r1_1 
            on r1_1.id=r1_0.role_id 
    left join
        roles_permissions p1_0 
            on r1_1.id=p1_0.role_id 
    left join
        permissions p1_1 
            on p1_1.id=p1_0.permission_id 
    where
        r1_0.user_id=?
2026-06-08 16:25:18 DEBUG SQL:135 - 
    select
        r1_0.user_id,
        r1_1.id,
        r1_1.name,
        p1_0.role_id,
        p1_1.id,
        p1_1.description,
        p1_1.name 
    from
        users_roles r1_0 
    join
        roles r1_1 
            on r1_1.id=r1_0.role_id 
    left join
        roles_permissions p1_0 
            on r1_1.id=p1_0.role_id 
    left join
        permissions p1_1 
            on p1_1.id=p1_0.permission_id 
    where
        r1_0.user_id=?
2026-06-08 16:25:18 DEBUG SQL:135 - 
    select
        r1_0.user_id,
        r1_1.id,
        r1_1.name,
        p1_0.role_id,
        p1_1.id,
        p1_1.description,
        p1_1.name 
    from
        users_roles r1_0 
    join
        roles r1_1 
            on r1_1.id=r1_0.role_id 
    left join
        roles_permissions p1_0 
            on r1_1.id=p1_0.role_id 
    left join
        permissions p1_1 
            on p1_1.id=p1_0.permission_id 
    where
        r1_0.user_id=?
2026-06-08 16:25:18 DEBUG SQL:135 - 
    select
        we1_0.id,
        we1_0.address,
        we1_0.code,
        we1_0.created_at,
        we1_0.name,
        we1_0.status,
        we1_0.updated_at 
    from
        warehouses we1_0 
    where
        we1_0.status=?
2026-06-08 16:25:18 INFO  JwtAuthenticationFilter:79 - ⬅️ Response: GET /api/admin/warehouses/dropdown - 200
2026-06-08 16:25:18 DEBUG SQL:135 - 
    select
        mce1_0.id,
        mce1_0.created_at,
        mce1_0.description,
        mce1_0.name,
        mce1_0.status,
        mce1_0.updated_at 
    from
        material_categories mce1_0 
    where
        mce1_0.status=?
2026-06-08 16:25:18 INFO  JwtAuthenticationFilter:79 - ⬅️ Response: GET /api/admin/material-categories/dropdown - 200
2026-06-08 16:25:18 DEBUG SQL:135 - 
    select
        mre1_0.id,
        mre1_0.code,
        mre1_0.created_at,
        mre1_0.created_by,
        mre1_0.note,
        mre1_0.supplier,
        mre1_0.total_cost,
        mre1_0.updated_at,
        mre1_0.warehouse_id 
    from
        material_receipts mre1_0 
    where
        1=1 
    order by
        mre1_0.id desc 
    limit
        ?, ?
2026-06-08 16:25:18 DEBUG SQL:135 - 
    select
        we1_0.id,
        we1_0.address,
        we1_0.code,
        we1_0.created_at,
        we1_0.name,
        we1_0.status,
        we1_0.updated_at 
    from
        warehouses we1_0 
    where
        we1_0.id=?
2026-06-08 16:25:18 DEBUG SQL:135 - 
    select
        d1_0.receipt_id,
        d1_0.id,
        d1_0.material_id,
        m1_0.id,
        m1_0.category_id,
        m1_0.code,
        m1_0.created_at,
        m1_0.low_stock_threshold,
        m1_0.name,
        m1_0.status,
        m1_0.thumbnail,
        m1_0.thumbnail_public_id,
        m1_0.unit,
        m1_0.updated_at,
        d1_0.quantity,
        d1_0.unit_cost 
    from
        material_receipt_details d1_0 
    left join
        materials m1_0 
            on m1_0.id=d1_0.material_id 
    where
        d1_0.receipt_id=?
2026-06-08 16:25:18 DEBUG SQL:135 - 
    select
        ue1_0.id,
        ue1_0.activation_token,
        ue1_0.code,
        ue1_0.created_at,
        ue1_0.email,
        ue1_0.full_name,
        ue1_0.password,
        ue1_0.phone,
        ue1_0.provider,
        r1_0.user_id,
        r1_1.id,
        r1_1.name,
        p1_0.role_id,
        p1_1.id,
        p1_1.description,
        p1_1.name,
        ue1_0.status,
        ue1_0.updated_at,
        ue1_0.user_image_url 
    from
        users ue1_0 
    left join
        users_roles r1_0 
            on ue1_0.id=r1_0.user_id 
    left join
        roles r1_1 
            on r1_1.id=r1_0.role_id 
    left join
        roles_permissions p1_0 
            on r1_1.id=p1_0.role_id 
    left join
        permissions p1_1 
            on p1_1.id=p1_0.permission_id 
    where
        ue1_0.id=?
2026-06-08 16:25:18 DEBUG SQL:135 - 
    select
        d1_0.receipt_id,
        d1_0.id,
        d1_0.material_id,
        m1_0.id,
        m1_0.category_id,
        m1_0.code,
        m1_0.created_at,
        m1_0.low_stock_threshold,
        m1_0.name,
        m1_0.status,
        m1_0.thumbnail,
        m1_0.thumbnail_public_id,
        m1_0.unit,
        m1_0.updated_at,
        d1_0.quantity,
        d1_0.unit_cost 
    from
        material_receipt_details d1_0 
    left join
        materials m1_0 
            on m1_0.id=d1_0.material_id 
    where
        d1_0.receipt_id=?
2026-06-08 16:25:18 DEBUG SQL:135 - 
    select
        d1_0.receipt_id,
        d1_0.id,
        d1_0.material_id,
        m1_0.id,
        m1_0.category_id,
        m1_0.code,
        m1_0.created_at,
        m1_0.low_stock_threshold,
        m1_0.name,
        m1_0.status,
        m1_0.thumbnail,
        m1_0.thumbnail_public_id,
        m1_0.unit,
        m1_0.updated_at,
        d1_0.quantity,
        d1_0.unit_cost 
    from
        material_receipt_details d1_0 
    left join
        materials m1_0 
            on m1_0.id=d1_0.material_id 
    where
        d1_0.receipt_id=?
2026-06-08 16:25:18 DEBUG SQL:135 - 
    select
        d1_0.receipt_id,
        d1_0.id,
        d1_0.material_id,
        m1_0.id,
        m1_0.category_id,
        m1_0.code,
        m1_0.created_at,
        m1_0.low_stock_threshold,
        m1_0.name,
        m1_0.status,
        m1_0.thumbnail,
        m1_0.thumbnail_public_id,
        m1_0.unit,
        m1_0.updated_at,
        d1_0.quantity,
        d1_0.unit_cost 
    from
        material_receipt_details d1_0 
    left join
        materials m1_0 
            on m1_0.id=d1_0.material_id 
    where
        d1_0.receipt_id=?
2026-06-08 16:25:18 INFO  JwtAuthenticationFilter:79 - ⬅️ Response: GET /api/admin/material-receipts - 200
2026-06-08 16:25:20 INFO  JwtAuthenticationFilter:37 - ➡️ Request: GET /api/admin/warehouses/dropdown
2026-06-08 16:25:20 INFO  JwtAuthenticationFilter:37 - ➡️ Request: GET /api/admin/materials/dropdown
2026-06-08 16:25:20 DEBUG SQL:135 - 
    select
        ue1_0.id,
        ue1_0.activation_token,
        ue1_0.code,
        ue1_0.created_at,
        ue1_0.email,
        ue1_0.full_name,
        ue1_0.password,
        ue1_0.phone,
        ue1_0.provider,
        ue1_0.status,
        ue1_0.updated_at,
        ue1_0.user_image_url 
    from
        users ue1_0 
    where
        ue1_0.email=?
2026-06-08 16:25:20 DEBUG SQL:135 - 
    select
        ue1_0.id,
        ue1_0.activation_token,
        ue1_0.code,
        ue1_0.created_at,
        ue1_0.email,
        ue1_0.full_name,
        ue1_0.password,
        ue1_0.phone,
        ue1_0.provider,
        ue1_0.status,
        ue1_0.updated_at,
        ue1_0.user_image_url 
    from
        users ue1_0 
    where
        ue1_0.email=?
2026-06-08 16:25:20 DEBUG SQL:135 - 
    select
        r1_0.user_id,
        r1_1.id,
        r1_1.name,
        p1_0.role_id,
        p1_1.id,
        p1_1.description,
        p1_1.name 
    from
        users_roles r1_0 
    join
        roles r1_1 
            on r1_1.id=r1_0.role_id 
    left join
        roles_permissions p1_0 
            on r1_1.id=p1_0.role_id 
    left join
        permissions p1_1 
            on p1_1.id=p1_0.permission_id 
    where
        r1_0.user_id=?
2026-06-08 16:25:20 DEBUG SQL:135 - 
    select
        r1_0.user_id,
        r1_1.id,
        r1_1.name,
        p1_0.role_id,
        p1_1.id,
        p1_1.description,
        p1_1.name 
    from
        users_roles r1_0 
    join
        roles r1_1 
            on r1_1.id=r1_0.role_id 
    left join
        roles_permissions p1_0 
            on r1_1.id=p1_0.role_id 
    left join
        permissions p1_1 
            on p1_1.id=p1_0.permission_id 
    where
        r1_0.user_id=?
2026-06-08 16:25:20 DEBUG SQL:135 - 
    select
        me1_0.id,
        me1_0.category_id,
        me1_0.code,
        me1_0.created_at,
        me1_0.low_stock_threshold,
        me1_0.name,
        me1_0.status,
        me1_0.thumbnail,
        me1_0.thumbnail_public_id,
        me1_0.unit,
        me1_0.updated_at 
    from
        materials me1_0 
    where
        me1_0.status=?
2026-06-08 16:25:20 DEBUG SQL:135 - 
    select
        we1_0.id,
        we1_0.address,
        we1_0.code,
        we1_0.created_at,
        we1_0.name,
        we1_0.status,
        we1_0.updated_at 
    from
        warehouses we1_0 
    where
        we1_0.status=?
2026-06-08 16:25:20 INFO  JwtAuthenticationFilter:79 - ⬅️ Response: GET /api/admin/materials/dropdown - 200
2026-06-08 16:25:20 INFO  JwtAuthenticationFilter:79 - ⬅️ Response: GET /api/admin/warehouses/dropdown - 200
2026-06-08 16:26:50 INFO  JwtAuthenticationFilter:37 - ➡️ Request: GET /api/admin/warehouses/dropdown
2026-06-08 16:26:50 INFO  JwtAuthenticationFilter:37 - ➡️ Request: GET /api/admin/materials/dropdown
2026-06-08 16:26:50 DEBUG SQL:135 - 
    select
        ue1_0.id,
        ue1_0.activation_token,
        ue1_0.code,
        ue1_0.created_at,
        ue1_0.email,
        ue1_0.full_name,
        ue1_0.password,
        ue1_0.phone,
        ue1_0.provider,
        ue1_0.status,
        ue1_0.updated_at,
        ue1_0.user_image_url 
    from
        users ue1_0 
    where
        ue1_0.email=?
2026-06-08 16:26:50 DEBUG SQL:135 - 
    select
        ue1_0.id,
        ue1_0.activation_token,
        ue1_0.code,
        ue1_0.created_at,
        ue1_0.email,
        ue1_0.full_name,
        ue1_0.password,
        ue1_0.phone,
        ue1_0.provider,
        ue1_0.status,
        ue1_0.updated_at,
        ue1_0.user_image_url 
    from
        users ue1_0 
    where
        ue1_0.email=?
2026-06-08 16:26:50 DEBUG SQL:135 - 
    select
        r1_0.user_id,
        r1_1.id,
        r1_1.name,
        p1_0.role_id,
        p1_1.id,
        p1_1.description,
        p1_1.name 
    from
        users_roles r1_0 
    join
        roles r1_1 
            on r1_1.id=r1_0.role_id 
    left join
        roles_permissions p1_0 
            on r1_1.id=p1_0.role_id 
    left join
        permissions p1_1 
            on p1_1.id=p1_0.permission_id 
    where
        r1_0.user_id=?
2026-06-08 16:26:50 DEBUG SQL:135 - 
    select
        r1_0.user_id,
        r1_1.id,
        r1_1.name,
        p1_0.role_id,
        p1_1.id,
        p1_1.description,
        p1_1.name 
    from
        users_roles r1_0 
    join
        roles r1_1 
            on r1_1.id=r1_0.role_id 
    left join
        roles_permissions p1_0 
            on r1_1.id=p1_0.role_id 
    left join
        permissions p1_1 
            on p1_1.id=p1_0.permission_id 
    where
        r1_0.user_id=?
2026-06-08 16:26:50 DEBUG SQL:135 - 
    select
        me1_0.id,
        me1_0.category_id,
        me1_0.code,
        me1_0.created_at,
        me1_0.low_stock_threshold,
        me1_0.name,
        me1_0.status,
        me1_0.thumbnail,
        me1_0.thumbnail_public_id,
        me1_0.unit,
        me1_0.updated_at 
    from
        materials me1_0 
    where
        me1_0.status=?
2026-06-08 16:26:50 DEBUG SQL:135 - 
    select
        we1_0.id,
        we1_0.address,
        we1_0.code,
        we1_0.created_at,
        we1_0.name,
        we1_0.status,
        we1_0.updated_at 
    from
        warehouses we1_0 
    where
        we1_0.status=?
2026-06-08 16:26:50 INFO  JwtAuthenticationFilter:79 - ⬅️ Response: GET /api/admin/materials/dropdown - 200
2026-06-08 16:26:50 INFO  JwtAuthenticationFilter:79 - ⬅️ Response: GET /api/admin/warehouses/dropdown - 200
2026-06-08 16:26:51 INFO  JwtAuthenticationFilter:37 - ➡️ Request: GET /api/admin/warehouses/dropdown
2026-06-08 16:26:51 INFO  JwtAuthenticationFilter:37 - ➡️ Request: GET /api/admin/materials/dropdown
2026-06-08 16:26:51 DEBUG SQL:135 - 
    select
        ue1_0.id,
        ue1_0.activation_token,
        ue1_0.code,
        ue1_0.created_at,
        ue1_0.email,
        ue1_0.full_name,
        ue1_0.password,
        ue1_0.phone,
        ue1_0.provider,
        ue1_0.status,
        ue1_0.updated_at,
        ue1_0.user_image_url 
    from
        users ue1_0 
    where
        ue1_0.email=?
2026-06-08 16:26:51 DEBUG SQL:135 - 
    select
        ue1_0.id,
        ue1_0.activation_token,
        ue1_0.code,
        ue1_0.created_at,
        ue1_0.email,
        ue1_0.full_name,
        ue1_0.password,
        ue1_0.phone,
        ue1_0.provider,
        ue1_0.status,
        ue1_0.updated_at,
        ue1_0.user_image_url 
    from
        users ue1_0 
    where
        ue1_0.email=?
2026-06-08 16:26:51 DEBUG SQL:135 - 
    select
        r1_0.user_id,
        r1_1.id,
        r1_1.name,
        p1_0.role_id,
        p1_1.id,
        p1_1.description,
        p1_1.name 
    from
        users_roles r1_0 
    join
        roles r1_1 
            on r1_1.id=r1_0.role_id 
    left join
        roles_permissions p1_0 
            on r1_1.id=p1_0.role_id 
    left join
        permissions p1_1 
            on p1_1.id=p1_0.permission_id 
    where
        r1_0.user_id=?
2026-06-08 16:26:51 DEBUG SQL:135 - 
    select
        r1_0.user_id,
        r1_1.id,
        r1_1.name,
        p1_0.role_id,
        p1_1.id,
        p1_1.description,
        p1_1.name 
    from
        users_roles r1_0 
    join
        roles r1_1 
            on r1_1.id=r1_0.role_id 
    left join
        roles_permissions p1_0 
            on r1_1.id=p1_0.role_id 
    left join
        permissions p1_1 
            on p1_1.id=p1_0.permission_id 
    where
        r1_0.user_id=?
2026-06-08 16:26:51 DEBUG SQL:135 - 
    select
        me1_0.id,
        me1_0.category_id,
        me1_0.code,
        me1_0.created_at,
        me1_0.low_stock_threshold,
        me1_0.name,
        me1_0.status,
        me1_0.thumbnail,
        me1_0.thumbnail_public_id,
        me1_0.unit,
        me1_0.updated_at 
    from
        materials me1_0 
    where
        me1_0.status=?
2026-06-08 16:26:51 DEBUG SQL:135 - 
    select
        we1_0.id,
        we1_0.address,
        we1_0.code,
        we1_0.created_at,
        we1_0.name,
        we1_0.status,
        we1_0.updated_at 
    from
        warehouses we1_0 
    where
        we1_0.status=?
2026-06-08 16:26:51 INFO  JwtAuthenticationFilter:79 - ⬅️ Response: GET /api/admin/materials/dropdown - 200
2026-06-08 16:26:51 INFO  JwtAuthenticationFilter:79 - ⬅️ Response: GET /api/admin/warehouses/dropdown - 200
2026-06-08 16:26:54 INFO  JwtAuthenticationFilter:37 - ➡️ Request: GET /api/admin/warehouses/dropdown
2026-06-08 16:26:54 DEBUG SQL:135 - 
    select
        ue1_0.id,
        ue1_0.activation_token,
        ue1_0.code,
        ue1_0.created_at,
        ue1_0.email,
        ue1_0.full_name,
        ue1_0.password,
        ue1_0.phone,
        ue1_0.provider,
        ue1_0.status,
        ue1_0.updated_at,
        ue1_0.user_image_url 
    from
        users ue1_0 
    where
        ue1_0.email=?
2026-06-08 16:26:54 INFO  JwtAuthenticationFilter:37 - ➡️ Request: GET /api/admin/stocktakes
2026-06-08 16:26:54 DEBUG SQL:135 - 
    select
        ue1_0.id,
        ue1_0.activation_token,
        ue1_0.code,
        ue1_0.created_at,
        ue1_0.email,
        ue1_0.full_name,
        ue1_0.password,
        ue1_0.phone,
        ue1_0.provider,
        ue1_0.status,
        ue1_0.updated_at,
        ue1_0.user_image_url 
    from
        users ue1_0 
    where
        ue1_0.email=?
2026-06-08 16:26:54 DEBUG SQL:135 - 
    select
        r1_0.user_id,
        r1_1.id,
        r1_1.name,
        p1_0.role_id,
        p1_1.id,
        p1_1.description,
        p1_1.name 
    from
        users_roles r1_0 
    join
        roles r1_1 
            on r1_1.id=r1_0.role_id 
    left join
        roles_permissions p1_0 
            on r1_1.id=p1_0.role_id 
    left join
        permissions p1_1 
            on p1_1.id=p1_0.permission_id 
    where
        r1_0.user_id=?
2026-06-08 16:26:54 DEBUG SQL:135 - 
    select
        r1_0.user_id,
        r1_1.id,
        r1_1.name,
        p1_0.role_id,
        p1_1.id,
        p1_1.description,
        p1_1.name 
    from
        users_roles r1_0 
    join
        roles r1_1 
            on r1_1.id=r1_0.role_id 
    left join
        roles_permissions p1_0 
            on r1_1.id=p1_0.role_id 
    left join
        permissions p1_1 
            on p1_1.id=p1_0.permission_id 
    where
        r1_0.user_id=?
2026-06-08 16:26:54 DEBUG SQL:135 - 
    select
        we1_0.id,
        we1_0.address,
        we1_0.code,
        we1_0.created_at,
        we1_0.name,
        we1_0.status,
        we1_0.updated_at 
    from
        warehouses we1_0 
    where
        we1_0.status=?
2026-06-08 16:26:54 INFO  JwtAuthenticationFilter:79 - ⬅️ Response: GET /api/admin/warehouses/dropdown - 200
2026-06-08 16:26:54 DEBUG SQL:135 - 
    select
        se1_0.id,
        se1_0.code,
        se1_0.created_at,
        se1_0.created_by,
        se1_0.note,
        se1_0.updated_at,
        se1_0.warehouse_id 
    from
        stocktakes se1_0 
    where
        1=1 
    order by
        se1_0.id desc 
    limit
        ?, ?
2026-06-08 16:26:54 INFO  JwtAuthenticationFilter:79 - ⬅️ Response: GET /api/admin/stocktakes - 200
2026-06-08 16:26:56 INFO  JwtAuthenticationFilter:37 - ➡️ Request: GET /api/admin/warehouses/dropdown
2026-06-08 16:26:56 DEBUG SQL:135 - 
    select
        ue1_0.id,
        ue1_0.activation_token,
        ue1_0.code,
        ue1_0.created_at,
        ue1_0.email,
        ue1_0.full_name,
        ue1_0.password,
        ue1_0.phone,
        ue1_0.provider,
        ue1_0.status,
        ue1_0.updated_at,
        ue1_0.user_image_url 
    from
        users ue1_0 
    where
        ue1_0.email=?
2026-06-08 16:26:56 DEBUG SQL:135 - 
    select
        r1_0.user_id,
        r1_1.id,
        r1_1.name,
        p1_0.role_id,
        p1_1.id,
        p1_1.description,
        p1_1.name 
    from
        users_roles r1_0 
    join
        roles r1_1 
            on r1_1.id=r1_0.role_id 
    left join
        roles_permissions p1_0 
            on r1_1.id=p1_0.role_id 
    left join
        permissions p1_1 
            on p1_1.id=p1_0.permission_id 
    where
        r1_0.user_id=?
2026-06-08 16:26:56 DEBUG SQL:135 - 
    select
        we1_0.id,
        we1_0.address,
        we1_0.code,
        we1_0.created_at,
        we1_0.name,
        we1_0.status,
        we1_0.updated_at 
    from
        warehouses we1_0 
    where
        we1_0.status=?
2026-06-08 16:26:56 INFO  JwtAuthenticationFilter:79 - ⬅️ Response: GET /api/admin/warehouses/dropdown - 200
2026-06-08 16:27:02 INFO  JwtAuthenticationFilter:37 - ➡️ Request: GET /api/admin/stocktakes/warehouses/1/materials
2026-06-08 16:27:02 DEBUG SQL:135 - 
    select
        ue1_0.id,
        ue1_0.activation_token,
        ue1_0.code,
        ue1_0.created_at,
        ue1_0.email,
        ue1_0.full_name,
        ue1_0.password,
        ue1_0.phone,
        ue1_0.provider,
        ue1_0.status,
        ue1_0.updated_at,
        ue1_0.user_image_url 
    from
        users ue1_0 
    where
        ue1_0.email=?
2026-06-08 16:27:02 DEBUG SQL:135 - 
    select
        r1_0.user_id,
        r1_1.id,
        r1_1.name,
        p1_0.role_id,
        p1_1.id,
        p1_1.description,
        p1_1.name 
    from
        users_roles r1_0 
    join
        roles r1_1 
            on r1_1.id=r1_0.role_id 
    left join
        roles_permissions p1_0 
            on r1_1.id=p1_0.role_id 
    left join
        permissions p1_1 
            on p1_1.id=p1_0.permission_id 
    where
        r1_0.user_id=?
2026-06-08 16:27:02 DEBUG SQL:135 - 
    select
        we1_0.id,
        we1_0.address,
        we1_0.code,
        we1_0.created_at,
        we1_0.name,
        we1_0.status,
        we1_0.updated_at 
    from
        warehouses we1_0 
    where
        we1_0.id=?
2026-06-08 16:27:02 DEBUG SQL:135 - 
    select
        mie1_0.id,
        mie1_0.cost_price,
        mie1_0.created_at,
        mie1_0.material_id,
        m1_0.id,
        m1_0.category_id,
        m1_0.code,
        m1_0.created_at,
        m1_0.low_stock_threshold,
        m1_0.name,
        m1_0.status,
        m1_0.thumbnail,
        m1_0.thumbnail_public_id,
        m1_0.unit,
        m1_0.updated_at,
        mie1_0.on_hand,
        mie1_0.reserved,
        mie1_0.updated_at,
        mie1_0.version,
        mie1_0.warehouse_id 
    from
        material_inventories mie1_0 
    join
        materials m1_0 
            on m1_0.id=mie1_0.material_id 
    where
        mie1_0.warehouse_id=? 
        and m1_0.status<>? 
        and mie1_0.on_hand>0
2026-06-08 16:27:02 INFO  JwtAuthenticationFilter:79 - ⬅️ Response: GET /api/admin/stocktakes/warehouses/1/materials - 200
2026-06-08 16:27:31 INFO  JwtAuthenticationFilter:37 - ➡️ Request: GET /api/admin/warehouses/dropdown
2026-06-08 16:27:31 INFO  JwtAuthenticationFilter:37 - ➡️ Request: GET /api/admin/stocktakes/warehouses/1/materials
2026-06-08 16:27:31 DEBUG SQL:135 - 
    select
        ue1_0.id,
        ue1_0.activation_token,
        ue1_0.code,
        ue1_0.created_at,
        ue1_0.email,
        ue1_0.full_name,
        ue1_0.password,
        ue1_0.phone,
        ue1_0.provider,
        ue1_0.status,
        ue1_0.updated_at,
        ue1_0.user_image_url 
    from
        users ue1_0 
    where
        ue1_0.email=?
2026-06-08 16:27:31 DEBUG SQL:135 - 
    select
        ue1_0.id,
        ue1_0.activation_token,
        ue1_0.code,
        ue1_0.created_at,
        ue1_0.email,
        ue1_0.full_name,
        ue1_0.password,
        ue1_0.phone,
        ue1_0.provider,
        ue1_0.status,
        ue1_0.updated_at,
        ue1_0.user_image_url 
    from
        users ue1_0 
    where
        ue1_0.email=?
2026-06-08 16:27:31 DEBUG SQL:135 - 
    select
        r1_0.user_id,
        r1_1.id,
        r1_1.name,
        p1_0.role_id,
        p1_1.id,
        p1_1.description,
        p1_1.name 
    from
        users_roles r1_0 
    join
        roles r1_1 
            on r1_1.id=r1_0.role_id 
    left join
        roles_permissions p1_0 
            on r1_1.id=p1_0.role_id 
    left join
        permissions p1_1 
            on p1_1.id=p1_0.permission_id 
    where
        r1_0.user_id=?
2026-06-08 16:27:31 DEBUG SQL:135 - 
    select
        r1_0.user_id,
        r1_1.id,
        r1_1.name,
        p1_0.role_id,
        p1_1.id,
        p1_1.description,
        p1_1.name 
    from
        users_roles r1_0 
    join
        roles r1_1 
            on r1_1.id=r1_0.role_id 
    left join
        roles_permissions p1_0 
            on r1_1.id=p1_0.role_id 
    left join
        permissions p1_1 
            on p1_1.id=p1_0.permission_id 
    where
        r1_0.user_id=?
2026-06-08 16:27:31 DEBUG SQL:135 - 
    select
        we1_0.id,
        we1_0.address,
        we1_0.code,
        we1_0.created_at,
        we1_0.name,
        we1_0.status,
        we1_0.updated_at 
    from
        warehouses we1_0 
    where
        we1_0.id=?
2026-06-08 16:27:31 DEBUG SQL:135 - 
    select
        we1_0.id,
        we1_0.address,
        we1_0.code,
        we1_0.created_at,
        we1_0.name,
        we1_0.status,
        we1_0.updated_at 
    from
        warehouses we1_0 
    where
        we1_0.status=?
2026-06-08 16:27:31 DEBUG SQL:135 - 
    select
        mie1_0.id,
        mie1_0.cost_price,
        mie1_0.created_at,
        mie1_0.material_id,
        m1_0.id,
        m1_0.category_id,
        m1_0.code,
        m1_0.created_at,
        m1_0.low_stock_threshold,
        m1_0.name,
        m1_0.status,
        m1_0.thumbnail,
        m1_0.thumbnail_public_id,
        m1_0.unit,
        m1_0.updated_at,
        mie1_0.on_hand,
        mie1_0.reserved,
        mie1_0.updated_at,
        mie1_0.version,
        mie1_0.warehouse_id 
    from
        material_inventories mie1_0 
    join
        materials m1_0 
            on m1_0.id=mie1_0.material_id 
    where
        mie1_0.warehouse_id=? 
        and m1_0.status<>? 
        and mie1_0.on_hand>0
2026-06-08 16:27:31 INFO  JwtAuthenticationFilter:79 - ⬅️ Response: GET /api/admin/warehouses/dropdown - 200
2026-06-08 16:27:31 INFO  JwtAuthenticationFilter:79 - ⬅️ Response: GET /api/admin/stocktakes/warehouses/1/materials - 200
2026-06-08 16:29:01 INFO  JwtAuthenticationFilter:37 - ➡️ Request: GET /api/auth/account-info
2026-06-08 16:29:01 INFO  JwtAuthenticationFilter:37 - ➡️ Request: GET /api/admin/stocktakes/warehouses/1/materials
2026-06-08 16:29:01 INFO  JwtAuthenticationFilter:37 - ➡️ Request: GET /api/admin/warehouses/dropdown
2026-06-08 16:29:01 DEBUG SQL:135 - 
    select
        ue1_0.id,
        ue1_0.activation_token,
        ue1_0.code,
        ue1_0.created_at,
        ue1_0.email,
        ue1_0.full_name,
        ue1_0.password,
        ue1_0.phone,
        ue1_0.provider,
        ue1_0.status,
        ue1_0.updated_at,
        ue1_0.user_image_url 
    from
        users ue1_0 
    where
        ue1_0.email=?
2026-06-08 16:29:01 DEBUG SQL:135 - 
    select
        ue1_0.id,
        ue1_0.activation_token,
        ue1_0.code,
        ue1_0.created_at,
        ue1_0.email,
        ue1_0.full_name,
        ue1_0.password,
        ue1_0.phone,
        ue1_0.provider,
        ue1_0.status,
        ue1_0.updated_at,
        ue1_0.user_image_url 
    from
        users ue1_0 
    where
        ue1_0.email=?
2026-06-08 16:29:01 DEBUG SQL:135 - 
    select
        ue1_0.id,
        ue1_0.activation_token,
        ue1_0.code,
        ue1_0.created_at,
        ue1_0.email,
        ue1_0.full_name,
        ue1_0.password,
        ue1_0.phone,
        ue1_0.provider,
        ue1_0.status,
        ue1_0.updated_at,
        ue1_0.user_image_url 
    from
        users ue1_0 
    where
        ue1_0.email=?
2026-06-08 16:29:01 DEBUG SQL:135 - 
    select
        r1_0.user_id,
        r1_1.id,
        r1_1.name,
        p1_0.role_id,
        p1_1.id,
        p1_1.description,
        p1_1.name 
    from
        users_roles r1_0 
    join
        roles r1_1 
            on r1_1.id=r1_0.role_id 
    left join
        roles_permissions p1_0 
            on r1_1.id=p1_0.role_id 
    left join
        permissions p1_1 
            on p1_1.id=p1_0.permission_id 
    where
        r1_0.user_id=?
2026-06-08 16:29:01 DEBUG SQL:135 - 
    select
        r1_0.user_id,
        r1_1.id,
        r1_1.name,
        p1_0.role_id,
        p1_1.id,
        p1_1.description,
        p1_1.name 
    from
        users_roles r1_0 
    join
        roles r1_1 
            on r1_1.id=r1_0.role_id 
    left join
        roles_permissions p1_0 
            on r1_1.id=p1_0.role_id 
    left join
        permissions p1_1 
            on p1_1.id=p1_0.permission_id 
    where
        r1_0.user_id=?
2026-06-08 16:29:01 DEBUG SQL:135 - 
    select
        r1_0.user_id,
        r1_1.id,
        r1_1.name,
        p1_0.role_id,
        p1_1.id,
        p1_1.description,
        p1_1.name 
    from
        users_roles r1_0 
    join
        roles r1_1 
            on r1_1.id=r1_0.role_id 
    left join
        roles_permissions p1_0 
            on r1_1.id=p1_0.role_id 
    left join
        permissions p1_1 
            on p1_1.id=p1_0.permission_id 
    where
        r1_0.user_id=?
2026-06-08 16:29:01 INFO  JwtAuthenticationFilter:79 - ⬅️ Response: GET /api/auth/account-info - 200
2026-06-08 16:29:01 DEBUG SQL:135 - 
    select
        we1_0.id,
        we1_0.address,
        we1_0.code,
        we1_0.created_at,
        we1_0.name,
        we1_0.status,
        we1_0.updated_at 
    from
        warehouses we1_0 
    where
        we1_0.id=?
2026-06-08 16:29:01 DEBUG SQL:135 - 
    select
        we1_0.id,
        we1_0.address,
        we1_0.code,
        we1_0.created_at,
        we1_0.name,
        we1_0.status,
        we1_0.updated_at 
    from
        warehouses we1_0 
    where
        we1_0.status=?
2026-06-08 16:29:01 DEBUG SQL:135 - 
    select
        mie1_0.id,
        mie1_0.cost_price,
        mie1_0.created_at,
        mie1_0.material_id,
        m1_0.id,
        m1_0.category_id,
        m1_0.code,
        m1_0.created_at,
        m1_0.low_stock_threshold,
        m1_0.name,
        m1_0.status,
        m1_0.thumbnail,
        m1_0.thumbnail_public_id,
        m1_0.unit,
        m1_0.updated_at,
        mie1_0.on_hand,
        mie1_0.reserved,
        mie1_0.updated_at,
        mie1_0.version,
        mie1_0.warehouse_id 
    from
        material_inventories mie1_0 
    join
        materials m1_0 
            on m1_0.id=mie1_0.material_id 
    where
        mie1_0.warehouse_id=? 
        and m1_0.status<>? 
        and mie1_0.on_hand>0
2026-06-08 16:29:01 INFO  JwtAuthenticationFilter:79 - ⬅️ Response: GET /api/admin/warehouses/dropdown - 200
2026-06-08 16:29:01 INFO  JwtAuthenticationFilter:79 - ⬅️ Response: GET /api/admin/stocktakes/warehouses/1/materials - 200
2026-06-08 16:29:29 INFO  JwtAuthenticationFilter:37 - ➡️ Request: GET /api/admin/warehouses/dropdown
2026-06-08 16:29:29 INFO  JwtAuthenticationFilter:37 - ➡️ Request: GET /api/admin/stocktakes/warehouses/1/materials
2026-06-08 16:29:29 DEBUG SQL:135 - 
    select
        ue1_0.id,
        ue1_0.activation_token,
        ue1_0.code,
        ue1_0.created_at,
        ue1_0.email,
        ue1_0.full_name,
        ue1_0.password,
        ue1_0.phone,
        ue1_0.provider,
        ue1_0.status,
        ue1_0.updated_at,
        ue1_0.user_image_url 
    from
        users ue1_0 
    where
        ue1_0.email=?
2026-06-08 16:29:29 DEBUG SQL:135 - 
    select
        ue1_0.id,
        ue1_0.activation_token,
        ue1_0.code,
        ue1_0.created_at,
        ue1_0.email,
        ue1_0.full_name,
        ue1_0.password,
        ue1_0.phone,
        ue1_0.provider,
        ue1_0.status,
        ue1_0.updated_at,
        ue1_0.user_image_url 
    from
        users ue1_0 
    where
        ue1_0.email=?
2026-06-08 16:29:29 DEBUG SQL:135 - 
    select
        r1_0.user_id,
        r1_1.id,
        r1_1.name,
        p1_0.role_id,
        p1_1.id,
        p1_1.description,
        p1_1.name 
    from
        users_roles r1_0 
    join
        roles r1_1 
            on r1_1.id=r1_0.role_id 
    left join
        roles_permissions p1_0 
            on r1_1.id=p1_0.role_id 
    left join
        permissions p1_1 
            on p1_1.id=p1_0.permission_id 
    where
        r1_0.user_id=?
2026-06-08 16:29:29 DEBUG SQL:135 - 
    select
        r1_0.user_id,
        r1_1.id,
        r1_1.name,
        p1_0.role_id,
        p1_1.id,
        p1_1.description,
        p1_1.name 
    from
        users_roles r1_0 
    join
        roles r1_1 
            on r1_1.id=r1_0.role_id 
    left join
        roles_permissions p1_0 
            on r1_1.id=p1_0.role_id 
    left join
        permissions p1_1 
            on p1_1.id=p1_0.permission_id 
    where
        r1_0.user_id=?
2026-06-08 16:29:29 DEBUG SQL:135 - 
    select
        we1_0.id,
        we1_0.address,
        we1_0.code,
        we1_0.created_at,
        we1_0.name,
        we1_0.status,
        we1_0.updated_at 
    from
        warehouses we1_0 
    where
        we1_0.id=?
2026-06-08 16:29:29 DEBUG SQL:135 - 
    select
        we1_0.id,
        we1_0.address,
        we1_0.code,
        we1_0.created_at,
        we1_0.name,
        we1_0.status,
        we1_0.updated_at 
    from
        warehouses we1_0 
    where
        we1_0.status=?
2026-06-08 16:29:29 DEBUG SQL:135 - 
    select
        mie1_0.id,
        mie1_0.cost_price,
        mie1_0.created_at,
        mie1_0.material_id,
        m1_0.id,
        m1_0.category_id,
        m1_0.code,
        m1_0.created_at,
        m1_0.low_stock_threshold,
        m1_0.name,
        m1_0.status,
        m1_0.thumbnail,
        m1_0.thumbnail_public_id,
        m1_0.unit,
        m1_0.updated_at,
        mie1_0.on_hand,
        mie1_0.reserved,
        mie1_0.updated_at,
        mie1_0.version,
        mie1_0.warehouse_id 
    from
        material_inventories mie1_0 
    join
        materials m1_0 
            on m1_0.id=mie1_0.material_id 
    where
        mie1_0.warehouse_id=? 
        and m1_0.status<>? 
        and mie1_0.on_hand>0
2026-06-08 16:29:29 INFO  JwtAuthenticationFilter:79 - ⬅️ Response: GET /api/admin/warehouses/dropdown - 200
2026-06-08 16:29:29 INFO  JwtAuthenticationFilter:79 - ⬅️ Response: GET /api/admin/stocktakes/warehouses/1/materials - 200
2026-06-08 16:29:58 INFO  JwtAuthenticationFilter:37 - ➡️ Request: GET /api/admin/warehouses/dropdown
2026-06-08 16:29:58 INFO  JwtAuthenticationFilter:37 - ➡️ Request: GET /api/admin/stocktakes/warehouses/1/materials
2026-06-08 16:29:58 DEBUG SQL:135 - 
    select
        ue1_0.id,
        ue1_0.activation_token,
        ue1_0.code,
        ue1_0.created_at,
        ue1_0.email,
        ue1_0.full_name,
        ue1_0.password,
        ue1_0.phone,
        ue1_0.provider,
        ue1_0.status,
        ue1_0.updated_at,
        ue1_0.user_image_url 
    from
        users ue1_0 
    where
        ue1_0.email=?
2026-06-08 16:29:58 DEBUG SQL:135 - 
    select
        ue1_0.id,
        ue1_0.activation_token,
        ue1_0.code,
        ue1_0.created_at,
        ue1_0.email,
        ue1_0.full_name,
        ue1_0.password,
        ue1_0.phone,
        ue1_0.provider,
        ue1_0.status,
        ue1_0.updated_at,
        ue1_0.user_image_url 
    from
        users ue1_0 
    where
        ue1_0.email=?
2026-06-08 16:29:58 DEBUG SQL:135 - 
    select
        r1_0.user_id,
        r1_1.id,
        r1_1.name,
        p1_0.role_id,
        p1_1.id,
        p1_1.description,
        p1_1.name 
    from
        users_roles r1_0 
    join
        roles r1_1 
            on r1_1.id=r1_0.role_id 
    left join
        roles_permissions p1_0 
            on r1_1.id=p1_0.role_id 
    left join
        permissions p1_1 
            on p1_1.id=p1_0.permission_id 
    where
        r1_0.user_id=?
2026-06-08 16:29:58 DEBUG SQL:135 - 
    select
        r1_0.user_id,
        r1_1.id,
        r1_1.name,
        p1_0.role_id,
        p1_1.id,
        p1_1.description,
        p1_1.name 
    from
        users_roles r1_0 
    join
        roles r1_1 
            on r1_1.id=r1_0.role_id 
    left join
        roles_permissions p1_0 
            on r1_1.id=p1_0.role_id 
    left join
        permissions p1_1 
            on p1_1.id=p1_0.permission_id 
    where
        r1_0.user_id=?
2026-06-08 16:29:58 DEBUG SQL:135 - 
    select
        we1_0.id,
        we1_0.address,
        we1_0.code,
        we1_0.created_at,
        we1_0.name,
        we1_0.status,
        we1_0.updated_at 
    from
        warehouses we1_0 
    where
        we1_0.status=?
2026-06-08 16:29:58 DEBUG SQL:135 - 
    select
        we1_0.id,
        we1_0.address,
        we1_0.code,
        we1_0.created_at,
        we1_0.name,
        we1_0.status,
        we1_0.updated_at 
    from
        warehouses we1_0 
    where
        we1_0.id=?
2026-06-08 16:29:58 DEBUG SQL:135 - 
    select
        mie1_0.id,
        mie1_0.cost_price,
        mie1_0.created_at,
        mie1_0.material_id,
        m1_0.id,
        m1_0.category_id,
        m1_0.code,
        m1_0.created_at,
        m1_0.low_stock_threshold,
        m1_0.name,
        m1_0.status,
        m1_0.thumbnail,
        m1_0.thumbnail_public_id,
        m1_0.unit,
        m1_0.updated_at,
        mie1_0.on_hand,
        mie1_0.reserved,
        mie1_0.updated_at,
        mie1_0.version,
        mie1_0.warehouse_id 
    from
        material_inventories mie1_0 
    join
        materials m1_0 
            on m1_0.id=mie1_0.material_id 
    where
        mie1_0.warehouse_id=? 
        and m1_0.status<>? 
        and mie1_0.on_hand>0
2026-06-08 16:29:58 INFO  JwtAuthenticationFilter:79 - ⬅️ Response: GET /api/admin/warehouses/dropdown - 200
2026-06-08 16:29:58 INFO  JwtAuthenticationFilter:79 - ⬅️ Response: GET /api/admin/stocktakes/warehouses/1/materials - 200
2026-06-08 16:30:13 INFO  JwtAuthenticationFilter:37 - ➡️ Request: GET /api/admin/stocktakes/warehouses/1/materials
2026-06-08 16:30:13 INFO  JwtAuthenticationFilter:37 - ➡️ Request: GET /api/admin/warehouses/dropdown
2026-06-08 16:30:13 DEBUG SQL:135 - 
    select
        ue1_0.id,
        ue1_0.activation_token,
        ue1_0.code,
        ue1_0.created_at,
        ue1_0.email,
        ue1_0.full_name,
        ue1_0.password,
        ue1_0.phone,
        ue1_0.provider,
        ue1_0.status,
        ue1_0.updated_at,
        ue1_0.user_image_url 
    from
        users ue1_0 
    where
        ue1_0.email=?
2026-06-08 16:30:13 DEBUG SQL:135 - 
    select
        ue1_0.id,
        ue1_0.activation_token,
        ue1_0.code,
        ue1_0.created_at,
        ue1_0.email,
        ue1_0.full_name,
        ue1_0.password,
        ue1_0.phone,
        ue1_0.provider,
        ue1_0.status,
        ue1_0.updated_at,
        ue1_0.user_image_url 
    from
        users ue1_0 
    where
        ue1_0.email=?
2026-06-08 16:30:13 DEBUG SQL:135 - 
    select
        r1_0.user_id,
        r1_1.id,
        r1_1.name,
        p1_0.role_id,
        p1_1.id,
        p1_1.description,
        p1_1.name 
    from
        users_roles r1_0 
    join
        roles r1_1 
            on r1_1.id=r1_0.role_id 
    left join
        roles_permissions p1_0 
            on r1_1.id=p1_0.role_id 
    left join
        permissions p1_1 
            on p1_1.id=p1_0.permission_id 
    where
        r1_0.user_id=?
2026-06-08 16:30:13 DEBUG SQL:135 - 
    select
        r1_0.user_id,
        r1_1.id,
        r1_1.name,
        p1_0.role_id,
        p1_1.id,
        p1_1.description,
        p1_1.name 
    from
        users_roles r1_0 
    join
        roles r1_1 
            on r1_1.id=r1_0.role_id 
    left join
        roles_permissions p1_0 
            on r1_1.id=p1_0.role_id 
    left join
        permissions p1_1 
            on p1_1.id=p1_0.permission_id 
    where
        r1_0.user_id=?
2026-06-08 16:30:13 DEBUG SQL:135 - 
    select
        we1_0.id,
        we1_0.address,
        we1_0.code,
        we1_0.created_at,
        we1_0.name,
        we1_0.status,
        we1_0.updated_at 
    from
        warehouses we1_0 
    where
        we1_0.id=?
2026-06-08 16:30:13 DEBUG SQL:135 - 
    select
        we1_0.id,
        we1_0.address,
        we1_0.code,
        we1_0.created_at,
        we1_0.name,
        we1_0.status,
        we1_0.updated_at 
    from
        warehouses we1_0 
    where
        we1_0.status=?
2026-06-08 16:30:13 DEBUG SQL:135 - 
    select
        mie1_0.id,
        mie1_0.cost_price,
        mie1_0.created_at,
        mie1_0.material_id,
        m1_0.id,
        m1_0.category_id,
        m1_0.code,
        m1_0.created_at,
        m1_0.low_stock_threshold,
        m1_0.name,
        m1_0.status,
        m1_0.thumbnail,
        m1_0.thumbnail_public_id,
        m1_0.unit,
        m1_0.updated_at,
        mie1_0.on_hand,
        mie1_0.reserved,
        mie1_0.updated_at,
        mie1_0.version,
        mie1_0.warehouse_id 
    from
        material_inventories mie1_0 
    join
        materials m1_0 
            on m1_0.id=mie1_0.material_id 
    where
        mie1_0.warehouse_id=? 
        and m1_0.status<>? 
        and mie1_0.on_hand>0
2026-06-08 16:30:13 INFO  JwtAuthenticationFilter:79 - ⬅️ Response: GET /api/admin/warehouses/dropdown - 200
2026-06-08 16:30:13 INFO  JwtAuthenticationFilter:79 - ⬅️ Response: GET /api/admin/stocktakes/warehouses/1/materials - 200
2026-06-08 16:30:16 INFO  JwtAuthenticationFilter:37 - ➡️ Request: GET /api/admin/warehouses/dropdown
2026-06-08 16:30:16 INFO  JwtAuthenticationFilter:37 - ➡️ Request: GET /api/admin/material-receipts
2026-06-08 16:30:16 INFO  JwtAuthenticationFilter:37 - ➡️ Request: GET /api/admin/material-categories/dropdown
2026-06-08 16:30:16 DEBUG SQL:135 - 
    select
        ue1_0.id,
        ue1_0.activation_token,
        ue1_0.code,
        ue1_0.created_at,
        ue1_0.email,
        ue1_0.full_name,
        ue1_0.password,
        ue1_0.phone,
        ue1_0.provider,
        ue1_0.status,
        ue1_0.updated_at,
        ue1_0.user_image_url 
    from
        users ue1_0 
    where
        ue1_0.email=?
2026-06-08 16:30:16 DEBUG SQL:135 - 
    select
        ue1_0.id,
        ue1_0.activation_token,
        ue1_0.code,
        ue1_0.created_at,
        ue1_0.email,
        ue1_0.full_name,
        ue1_0.password,
        ue1_0.phone,
        ue1_0.provider,
        ue1_0.status,
        ue1_0.updated_at,
        ue1_0.user_image_url 
    from
        users ue1_0 
    where
        ue1_0.email=?
2026-06-08 16:30:16 DEBUG SQL:135 - 
    select
        ue1_0.id,
        ue1_0.activation_token,
        ue1_0.code,
        ue1_0.created_at,
        ue1_0.email,
        ue1_0.full_name,
        ue1_0.password,
        ue1_0.phone,
        ue1_0.provider,
        ue1_0.status,
        ue1_0.updated_at,
        ue1_0.user_image_url 
    from
        users ue1_0 
    where
        ue1_0.email=?
2026-06-08 16:30:16 DEBUG SQL:135 - 
    select
        r1_0.user_id,
        r1_1.id,
        r1_1.name,
        p1_0.role_id,
        p1_1.id,
        p1_1.description,
        p1_1.name 
    from
        users_roles r1_0 
    join
        roles r1_1 
            on r1_1.id=r1_0.role_id 
    left join
        roles_permissions p1_0 
            on r1_1.id=p1_0.role_id 
    left join
        permissions p1_1 
            on p1_1.id=p1_0.permission_id 
    where
        r1_0.user_id=?
2026-06-08 16:30:16 DEBUG SQL:135 - 
    select
        r1_0.user_id,
        r1_1.id,
        r1_1.name,
        p1_0.role_id,
        p1_1.id,
        p1_1.description,
        p1_1.name 
    from
        users_roles r1_0 
    join
        roles r1_1 
            on r1_1.id=r1_0.role_id 
    left join
        roles_permissions p1_0 
            on r1_1.id=p1_0.role_id 
    left join
        permissions p1_1 
            on p1_1.id=p1_0.permission_id 
    where
        r1_0.user_id=?
2026-06-08 16:30:16 DEBUG SQL:135 - 
    select
        r1_0.user_id,
        r1_1.id,
        r1_1.name,
        p1_0.role_id,
        p1_1.id,
        p1_1.description,
        p1_1.name 
    from
        users_roles r1_0 
    join
        roles r1_1 
            on r1_1.id=r1_0.role_id 
    left join
        roles_permissions p1_0 
            on r1_1.id=p1_0.role_id 
    left join
        permissions p1_1 
            on p1_1.id=p1_0.permission_id 
    where
        r1_0.user_id=?
2026-06-08 16:30:16 DEBUG SQL:135 - 
    select
        mce1_0.id,
        mce1_0.created_at,
        mce1_0.description,
        mce1_0.name,
        mce1_0.status,
        mce1_0.updated_at 
    from
        material_categories mce1_0 
    where
        mce1_0.status=?
2026-06-08 16:30:16 DEBUG SQL:135 - 
    select
        we1_0.id,
        we1_0.address,
        we1_0.code,
        we1_0.created_at,
        we1_0.name,
        we1_0.status,
        we1_0.updated_at 
    from
        warehouses we1_0 
    where
        we1_0.status=?
2026-06-08 16:30:16 DEBUG SQL:135 - 
    select
        mre1_0.id,
        mre1_0.code,
        mre1_0.created_at,
        mre1_0.created_by,
        mre1_0.note,
        mre1_0.supplier,
        mre1_0.total_cost,
        mre1_0.updated_at,
        mre1_0.warehouse_id 
    from
        material_receipts mre1_0 
    where
        1=1 
    order by
        mre1_0.id desc 
    limit
        ?, ?
2026-06-08 16:30:16 DEBUG SQL:135 - 
    select
        we1_0.id,
        we1_0.address,
        we1_0.code,
        we1_0.created_at,
        we1_0.name,
        we1_0.status,
        we1_0.updated_at 
    from
        warehouses we1_0 
    where
        we1_0.id=?
2026-06-08 16:30:16 INFO  JwtAuthenticationFilter:79 - ⬅️ Response: GET /api/admin/material-categories/dropdown - 200
2026-06-08 16:30:16 INFO  JwtAuthenticationFilter:79 - ⬅️ Response: GET /api/admin/warehouses/dropdown - 200
2026-06-08 16:30:16 DEBUG SQL:135 - 
    select
        d1_0.receipt_id,
        d1_0.id,
        d1_0.material_id,
        m1_0.id,
        m1_0.category_id,
        m1_0.code,
        m1_0.created_at,
        m1_0.low_stock_threshold,
        m1_0.name,
        m1_0.status,
        m1_0.thumbnail,
        m1_0.thumbnail_public_id,
        m1_0.unit,
        m1_0.updated_at,
        d1_0.quantity,
        d1_0.unit_cost 
    from
        material_receipt_details d1_0 
    left join
        materials m1_0 
            on m1_0.id=d1_0.material_id 
    where
        d1_0.receipt_id=?
2026-06-08 16:30:16 DEBUG SQL:135 - 
    select
        ue1_0.id,
        ue1_0.activation_token,
        ue1_0.code,
        ue1_0.created_at,
        ue1_0.email,
        ue1_0.full_name,
        ue1_0.password,
        ue1_0.phone,
        ue1_0.provider,
        r1_0.user_id,
        r1_1.id,
        r1_1.name,
        p1_0.role_id,
        p1_1.id,
        p1_1.description,
        p1_1.name,
        ue1_0.status,
        ue1_0.updated_at,
        ue1_0.user_image_url 
    from
        users ue1_0 
    left join
        users_roles r1_0 
            on ue1_0.id=r1_0.user_id 
    left join
        roles r1_1 
            on r1_1.id=r1_0.role_id 
    left join
        roles_permissions p1_0 
            on r1_1.id=p1_0.role_id 
    left join
        permissions p1_1 
            on p1_1.id=p1_0.permission_id 
    where
        ue1_0.id=?
2026-06-08 16:30:16 DEBUG SQL:135 - 
    select
        d1_0.receipt_id,
        d1_0.id,
        d1_0.material_id,
        m1_0.id,
        m1_0.category_id,
        m1_0.code,
        m1_0.created_at,
        m1_0.low_stock_threshold,
        m1_0.name,
        m1_0.status,
        m1_0.thumbnail,
        m1_0.thumbnail_public_id,
        m1_0.unit,
        m1_0.updated_at,
        d1_0.quantity,
        d1_0.unit_cost 
    from
        material_receipt_details d1_0 
    left join
        materials m1_0 
            on m1_0.id=d1_0.material_id 
    where
        d1_0.receipt_id=?
2026-06-08 16:30:16 DEBUG SQL:135 - 
    select
        d1_0.receipt_id,
        d1_0.id,
        d1_0.material_id,
        m1_0.id,
        m1_0.category_id,
        m1_0.code,
        m1_0.created_at,
        m1_0.low_stock_threshold,
        m1_0.name,
        m1_0.status,
        m1_0.thumbnail,
        m1_0.thumbnail_public_id,
        m1_0.unit,
        m1_0.updated_at,
        d1_0.quantity,
        d1_0.unit_cost 
    from
        material_receipt_details d1_0 
    left join
        materials m1_0 
            on m1_0.id=d1_0.material_id 
    where
        d1_0.receipt_id=?
2026-06-08 16:30:16 DEBUG SQL:135 - 
    select
        d1_0.receipt_id,
        d1_0.id,
        d1_0.material_id,
        m1_0.id,
        m1_0.category_id,
        m1_0.code,
        m1_0.created_at,
        m1_0.low_stock_threshold,
        m1_0.name,
        m1_0.status,
        m1_0.thumbnail,
        m1_0.thumbnail_public_id,
        m1_0.unit,
        m1_0.updated_at,
        d1_0.quantity,
        d1_0.unit_cost 
    from
        material_receipt_details d1_0 
    left join
        materials m1_0 
            on m1_0.id=d1_0.material_id 
    where
        d1_0.receipt_id=?
2026-06-08 16:30:16 INFO  JwtAuthenticationFilter:79 - ⬅️ Response: GET /api/admin/material-receipts - 200
2026-06-08 16:30:18 INFO  JwtAuthenticationFilter:37 - ➡️ Request: GET /api/admin/warehouses/dropdown
2026-06-08 16:30:18 DEBUG SQL:135 - 
    select
        ue1_0.id,
        ue1_0.activation_token,
        ue1_0.code,
        ue1_0.created_at,
        ue1_0.email,
        ue1_0.full_name,
        ue1_0.password,
        ue1_0.phone,
        ue1_0.provider,
        ue1_0.status,
        ue1_0.updated_at,
        ue1_0.user_image_url 
    from
        users ue1_0 
    where
        ue1_0.email=?
2026-06-08 16:30:18 INFO  JwtAuthenticationFilter:37 - ➡️ Request: GET /api/admin/materials/dropdown
2026-06-08 16:30:18 DEBUG SQL:135 - 
    select
        ue1_0.id,
        ue1_0.activation_token,
        ue1_0.code,
        ue1_0.created_at,
        ue1_0.email,
        ue1_0.full_name,
        ue1_0.password,
        ue1_0.phone,
        ue1_0.provider,
        ue1_0.status,
        ue1_0.updated_at,
        ue1_0.user_image_url 
    from
        users ue1_0 
    where
        ue1_0.email=?
2026-06-08 16:30:18 DEBUG SQL:135 - 
    select
        r1_0.user_id,
        r1_1.id,
        r1_1.name,
        p1_0.role_id,
        p1_1.id,
        p1_1.description,
        p1_1.name 
    from
        users_roles r1_0 
    join
        roles r1_1 
            on r1_1.id=r1_0.role_id 
    left join
        roles_permissions p1_0 
            on r1_1.id=p1_0.role_id 
    left join
        permissions p1_1 
            on p1_1.id=p1_0.permission_id 
    where
        r1_0.user_id=?
2026-06-08 16:30:18 DEBUG SQL:135 - 
    select
        r1_0.user_id,
        r1_1.id,
        r1_1.name,
        p1_0.role_id,
        p1_1.id,
        p1_1.description,
        p1_1.name 
    from
        users_roles r1_0 
    join
        roles r1_1 
            on r1_1.id=r1_0.role_id 
    left join
        roles_permissions p1_0 
            on r1_1.id=p1_0.role_id 
    left join
        permissions p1_1 
            on p1_1.id=p1_0.permission_id 
    where
        r1_0.user_id=?
2026-06-08 16:30:18 DEBUG SQL:135 - 
    select
        we1_0.id,
        we1_0.address,
        we1_0.code,
        we1_0.created_at,
        we1_0.name,
        we1_0.status,
        we1_0.updated_at 
    from
        warehouses we1_0 
    where
        we1_0.status=?
2026-06-08 16:30:18 DEBUG SQL:135 - 
    select
        me1_0.id,
        me1_0.category_id,
        me1_0.code,
        me1_0.created_at,
        me1_0.low_stock_threshold,
        me1_0.name,
        me1_0.status,
        me1_0.thumbnail,
        me1_0.thumbnail_public_id,
        me1_0.unit,
        me1_0.updated_at 
    from
        materials me1_0 
    where
        me1_0.status=?
2026-06-08 16:30:18 INFO  JwtAuthenticationFilter:79 - ⬅️ Response: GET /api/admin/warehouses/dropdown - 200
2026-06-08 16:30:18 INFO  JwtAuthenticationFilter:79 - ⬅️ Response: GET /api/admin/materials/dropdown - 200
2026-06-08 16:30:36 INFO  JwtAuthenticationFilter:37 - ➡️ Request: GET /api/admin/stocktakes
2026-06-08 16:30:36 INFO  JwtAuthenticationFilter:37 - ➡️ Request: GET /api/admin/warehouses/dropdown
2026-06-08 16:30:36 DEBUG SQL:135 - 
    select
        ue1_0.id,
        ue1_0.activation_token,
        ue1_0.code,
        ue1_0.created_at,
        ue1_0.email,
        ue1_0.full_name,
        ue1_0.password,
        ue1_0.phone,
        ue1_0.provider,
        ue1_0.status,
        ue1_0.updated_at,
        ue1_0.user_image_url 
    from
        users ue1_0 
    where
        ue1_0.email=?
2026-06-08 16:30:36 DEBUG SQL:135 - 
    select
        ue1_0.id,
        ue1_0.activation_token,
        ue1_0.code,
        ue1_0.created_at,
        ue1_0.email,
        ue1_0.full_name,
        ue1_0.password,
        ue1_0.phone,
        ue1_0.provider,
        ue1_0.status,
        ue1_0.updated_at,
        ue1_0.user_image_url 
    from
        users ue1_0 
    where
        ue1_0.email=?
2026-06-08 16:30:36 DEBUG SQL:135 - 
    select
        r1_0.user_id,
        r1_1.id,
        r1_1.name,
        p1_0.role_id,
        p1_1.id,
        p1_1.description,
        p1_1.name 
    from
        users_roles r1_0 
    join
        roles r1_1 
            on r1_1.id=r1_0.role_id 
    left join
        roles_permissions p1_0 
            on r1_1.id=p1_0.role_id 
    left join
        permissions p1_1 
            on p1_1.id=p1_0.permission_id 
    where
        r1_0.user_id=?
2026-06-08 16:30:36 DEBUG SQL:135 - 
    select
        r1_0.user_id,
        r1_1.id,
        r1_1.name,
        p1_0.role_id,
        p1_1.id,
        p1_1.description,
        p1_1.name 
    from
        users_roles r1_0 
    join
        roles r1_1 
            on r1_1.id=r1_0.role_id 
    left join
        roles_permissions p1_0 
            on r1_1.id=p1_0.role_id 
    left join
        permissions p1_1 
            on p1_1.id=p1_0.permission_id 
    where
        r1_0.user_id=?
2026-06-08 16:30:36 DEBUG SQL:135 - 
    select
        we1_0.id,
        we1_0.address,
        we1_0.code,
        we1_0.created_at,
        we1_0.name,
        we1_0.status,
        we1_0.updated_at 
    from
        warehouses we1_0 
    where
        we1_0.status=?
2026-06-08 16:30:36 DEBUG SQL:135 - 
    select
        se1_0.id,
        se1_0.code,
        se1_0.created_at,
        se1_0.created_by,
        se1_0.note,
        se1_0.updated_at,
        se1_0.warehouse_id 
    from
        stocktakes se1_0 
    where
        1=1 
    order by
        se1_0.id desc 
    limit
        ?, ?
2026-06-08 16:30:36 INFO  JwtAuthenticationFilter:79 - ⬅️ Response: GET /api/admin/stocktakes - 200
2026-06-08 16:30:36 INFO  JwtAuthenticationFilter:79 - ⬅️ Response: GET /api/admin/warehouses/dropdown - 200
2026-06-08 16:30:38 INFO  JwtAuthenticationFilter:37 - ➡️ Request: GET /api/admin/warehouses/dropdown
2026-06-08 16:30:38 DEBUG SQL:135 - 
    select
        ue1_0.id,
        ue1_0.activation_token,
        ue1_0.code,
        ue1_0.created_at,
        ue1_0.email,
        ue1_0.full_name,
        ue1_0.password,
        ue1_0.phone,
        ue1_0.provider,
        ue1_0.status,
        ue1_0.updated_at,
        ue1_0.user_image_url 
    from
        users ue1_0 
    where
        ue1_0.email=?
2026-06-08 16:30:38 DEBUG SQL:135 - 
    select
        r1_0.user_id,
        r1_1.id,
        r1_1.name,
        p1_0.role_id,
        p1_1.id,
        p1_1.description,
        p1_1.name 
    from
        users_roles r1_0 
    join
        roles r1_1 
            on r1_1.id=r1_0.role_id 
    left join
        roles_permissions p1_0 
            on r1_1.id=p1_0.role_id 
    left join
        permissions p1_1 
            on p1_1.id=p1_0.permission_id 
    where
        r1_0.user_id=?
2026-06-08 16:30:38 DEBUG SQL:135 - 
    select
        we1_0.id,
        we1_0.address,
        we1_0.code,
        we1_0.created_at,
        we1_0.name,
        we1_0.status,
        we1_0.updated_at 
    from
        warehouses we1_0 
    where
        we1_0.status=?
2026-06-08 16:30:38 INFO  JwtAuthenticationFilter:79 - ⬅️ Response: GET /api/admin/warehouses/dropdown - 200
2026-06-08 16:30:42 INFO  JwtAuthenticationFilter:37 - ➡️ Request: GET /api/admin/stocktakes/warehouses/1/materials
2026-06-08 16:30:42 DEBUG SQL:135 - 
    select
        ue1_0.id,
        ue1_0.activation_token,
        ue1_0.code,
        ue1_0.created_at,
        ue1_0.email,
        ue1_0.full_name,
        ue1_0.password,
        ue1_0.phone,
        ue1_0.provider,
        ue1_0.status,
        ue1_0.updated_at,
        ue1_0.user_image_url 
    from
        users ue1_0 
    where
        ue1_0.email=?
2026-06-08 16:30:42 DEBUG SQL:135 - 
    select
        r1_0.user_id,
        r1_1.id,
        r1_1.name,
        p1_0.role_id,
        p1_1.id,
        p1_1.description,
        p1_1.name 
    from
        users_roles r1_0 
    join
        roles r1_1 
            on r1_1.id=r1_0.role_id 
    left join
        roles_permissions p1_0 
            on r1_1.id=p1_0.role_id 
    left join
        permissions p1_1 
            on p1_1.id=p1_0.permission_id 
    where
        r1_0.user_id=?
2026-06-08 16:30:42 DEBUG SQL:135 - 
    select
        we1_0.id,
        we1_0.address,
        we1_0.code,
        we1_0.created_at,
        we1_0.name,
        we1_0.status,
        we1_0.updated_at 
    from
        warehouses we1_0 
    where
        we1_0.id=?
2026-06-08 16:30:42 DEBUG SQL:135 - 
    select
        mie1_0.id,
        mie1_0.cost_price,
        mie1_0.created_at,
        mie1_0.material_id,
        m1_0.id,
        m1_0.category_id,
        m1_0.code,
        m1_0.created_at,
        m1_0.low_stock_threshold,
        m1_0.name,
        m1_0.status,
        m1_0.thumbnail,
        m1_0.thumbnail_public_id,
        m1_0.unit,
        m1_0.updated_at,
        mie1_0.on_hand,
        mie1_0.reserved,
        mie1_0.updated_at,
        mie1_0.version,
        mie1_0.warehouse_id 
    from
        material_inventories mie1_0 
    join
        materials m1_0 
            on m1_0.id=mie1_0.material_id 
    where
        mie1_0.warehouse_id=? 
        and m1_0.status<>? 
        and mie1_0.on_hand>0
2026-06-08 16:30:42 INFO  JwtAuthenticationFilter:79 - ⬅️ Response: GET /api/admin/stocktakes/warehouses/1/materials - 200
2026-06-08 16:31:44 INFO  JwtAuthenticationFilter:37 - ➡️ Request: GET /api/admin/warehouses/dropdown
2026-06-08 16:31:44 DEBUG SQL:135 - 
    select
        ue1_0.id,
        ue1_0.activation_token,
        ue1_0.code,
        ue1_0.created_at,
        ue1_0.email,
        ue1_0.full_name,
        ue1_0.password,
        ue1_0.phone,
        ue1_0.provider,
        ue1_0.status,
        ue1_0.updated_at,
        ue1_0.user_image_url 
    from
        users ue1_0 
    where
        ue1_0.email=?
2026-06-08 16:31:44 INFO  JwtAuthenticationFilter:37 - ➡️ Request: GET /api/admin/stocktakes/warehouses/1/materials
2026-06-08 16:31:44 DEBUG SQL:135 - 
    select
        ue1_0.id,
        ue1_0.activation_token,
        ue1_0.code,
        ue1_0.created_at,
        ue1_0.email,
        ue1_0.full_name,
        ue1_0.password,
        ue1_0.phone,
        ue1_0.provider,
        ue1_0.status,
        ue1_0.updated_at,
        ue1_0.user_image_url 
    from
        users ue1_0 
    where
        ue1_0.email=?
2026-06-08 16:31:44 DEBUG SQL:135 - 
    select
        r1_0.user_id,
        r1_1.id,
        r1_1.name,
        p1_0.role_id,
        p1_1.id,
        p1_1.description,
        p1_1.name 
    from
        users_roles r1_0 
    join
        roles r1_1 
            on r1_1.id=r1_0.role_id 
    left join
        roles_permissions p1_0 
            on r1_1.id=p1_0.role_id 
    left join
        permissions p1_1 
            on p1_1.id=p1_0.permission_id 
    where
        r1_0.user_id=?
2026-06-08 16:31:44 DEBUG SQL:135 - 
    select
        r1_0.user_id,
        r1_1.id,
        r1_1.name,
        p1_0.role_id,
        p1_1.id,
        p1_1.description,
        p1_1.name 
    from
        users_roles r1_0 
    join
        roles r1_1 
            on r1_1.id=r1_0.role_id 
    left join
        roles_permissions p1_0 
            on r1_1.id=p1_0.role_id 
    left join
        permissions p1_1 
            on p1_1.id=p1_0.permission_id 
    where
        r1_0.user_id=?
2026-06-08 16:31:44 DEBUG SQL:135 - 
    select
        we1_0.id,
        we1_0.address,
        we1_0.code,
        we1_0.created_at,
        we1_0.name,
        we1_0.status,
        we1_0.updated_at 
    from
        warehouses we1_0 
    where
        we1_0.status=?
2026-06-08 16:31:44 DEBUG SQL:135 - 
    select
        we1_0.id,
        we1_0.address,
        we1_0.code,
        we1_0.created_at,
        we1_0.name,
        we1_0.status,
        we1_0.updated_at 
    from
        warehouses we1_0 
    where
        we1_0.id=?
2026-06-08 16:31:44 DEBUG SQL:135 - 
    select
        mie1_0.id,
        mie1_0.cost_price,
        mie1_0.created_at,
        mie1_0.material_id,
        m1_0.id,
        m1_0.category_id,
        m1_0.code,
        m1_0.created_at,
        m1_0.low_stock_threshold,
        m1_0.name,
        m1_0.status,
        m1_0.thumbnail,
        m1_0.thumbnail_public_id,
        m1_0.unit,
        m1_0.updated_at,
        mie1_0.on_hand,
        mie1_0.reserved,
        mie1_0.updated_at,
        mie1_0.version,
        mie1_0.warehouse_id 
    from
        material_inventories mie1_0 
    join
        materials m1_0 
            on m1_0.id=mie1_0.material_id 
    where
        mie1_0.warehouse_id=? 
        and m1_0.status<>? 
        and mie1_0.on_hand>0
2026-06-08 16:31:44 INFO  JwtAuthenticationFilter:79 - ⬅️ Response: GET /api/admin/warehouses/dropdown - 200
2026-06-08 16:31:44 INFO  JwtAuthenticationFilter:79 - ⬅️ Response: GET /api/admin/stocktakes/warehouses/1/materials - 200
2026-06-08 16:32:36 INFO  JwtAuthenticationFilter:37 - ➡️ Request: GET /api/admin/stocktakes/warehouses/1/materials
2026-06-08 16:32:36 DEBUG SQL:135 - 
    select
        ue1_0.id,
        ue1_0.activation_token,
        ue1_0.code,
        ue1_0.created_at,
        ue1_0.email,
        ue1_0.full_name,
        ue1_0.password,
        ue1_0.phone,
        ue1_0.provider,
        ue1_0.status,
        ue1_0.updated_at,
        ue1_0.user_image_url 
    from
        users ue1_0 
    where
        ue1_0.email=?
2026-06-08 16:32:36 DEBUG SQL:135 - 
    select
        r1_0.user_id,
        r1_1.id,
        r1_1.name,
        p1_0.role_id,
        p1_1.id,
        p1_1.description,
        p1_1.name 
    from
        users_roles r1_0 
    join
        roles r1_1 
            on r1_1.id=r1_0.role_id 
    left join
        roles_permissions p1_0 
            on r1_1.id=p1_0.role_id 
    left join
        permissions p1_1 
            on p1_1.id=p1_0.permission_id 
    where
        r1_0.user_id=?
2026-06-08 16:32:36 DEBUG SQL:135 - 
    select
        we1_0.id,
        we1_0.address,
        we1_0.code,
        we1_0.created_at,
        we1_0.name,
        we1_0.status,
        we1_0.updated_at 
    from
        warehouses we1_0 
    where
        we1_0.id=?
2026-06-08 16:32:36 DEBUG SQL:135 - 
    select
        mie1_0.id,
        mie1_0.cost_price,
        mie1_0.created_at,
        mie1_0.material_id,
        m1_0.id,
        m1_0.category_id,
        m1_0.code,
        m1_0.created_at,
        m1_0.low_stock_threshold,
        m1_0.name,
        m1_0.status,
        m1_0.thumbnail,
        m1_0.thumbnail_public_id,
        m1_0.unit,
        m1_0.updated_at,
        mie1_0.on_hand,
        mie1_0.reserved,
        mie1_0.updated_at,
        mie1_0.version,
        mie1_0.warehouse_id 
    from
        material_inventories mie1_0 
    join
        materials m1_0 
            on m1_0.id=mie1_0.material_id 
    where
        mie1_0.warehouse_id=? 
        and m1_0.status<>? 
        and mie1_0.on_hand>0
2026-06-08 16:32:36 INFO  JwtAuthenticationFilter:79 - ⬅️ Response: GET /api/admin/stocktakes/warehouses/1/materials - 200
2026-06-08 16:32:37 INFO  JwtAuthenticationFilter:37 - ➡️ Request: GET /api/admin/stocktakes/warehouses/1/materials
2026-06-08 16:32:37 INFO  JwtAuthenticationFilter:37 - ➡️ Request: GET /api/admin/warehouses/dropdown
2026-06-08 16:32:37 DEBUG SQL:135 - 
    select
        ue1_0.id,
        ue1_0.activation_token,
        ue1_0.code,
        ue1_0.created_at,
        ue1_0.email,
        ue1_0.full_name,
        ue1_0.password,
        ue1_0.phone,
        ue1_0.provider,
        ue1_0.status,
        ue1_0.updated_at,
        ue1_0.user_image_url 
    from
        users ue1_0 
    where
        ue1_0.email=?
2026-06-08 16:32:37 DEBUG SQL:135 - 
    select
        ue1_0.id,
        ue1_0.activation_token,
        ue1_0.code,
        ue1_0.created_at,
        ue1_0.email,
        ue1_0.full_name,
        ue1_0.password,
        ue1_0.phone,
        ue1_0.provider,
        ue1_0.status,
        ue1_0.updated_at,
        ue1_0.user_image_url 
    from
        users ue1_0 
    where
        ue1_0.email=?
2026-06-08 16:32:37 DEBUG SQL:135 - 
    select
        r1_0.user_id,
        r1_1.id,
        r1_1.name,
        p1_0.role_id,
        p1_1.id,
        p1_1.description,
        p1_1.name 
    from
        users_roles r1_0 
    join
        roles r1_1 
            on r1_1.id=r1_0.role_id 
    left join
        roles_permissions p1_0 
            on r1_1.id=p1_0.role_id 
    left join
        permissions p1_1 
            on p1_1.id=p1_0.permission_id 
    where
        r1_0.user_id=?
2026-06-08 16:32:37 DEBUG SQL:135 - 
    select
        r1_0.user_id,
        r1_1.id,
        r1_1.name,
        p1_0.role_id,
        p1_1.id,
        p1_1.description,
        p1_1.name 
    from
        users_roles r1_0 
    join
        roles r1_1 
            on r1_1.id=r1_0.role_id 
    left join
        roles_permissions p1_0 
            on r1_1.id=p1_0.role_id 
    left join
        permissions p1_1 
            on p1_1.id=p1_0.permission_id 
    where
        r1_0.user_id=?
2026-06-08 16:32:37 DEBUG SQL:135 - 
    select
        we1_0.id,
        we1_0.address,
        we1_0.code,
        we1_0.created_at,
        we1_0.name,
        we1_0.status,
        we1_0.updated_at 
    from
        warehouses we1_0 
    where
        we1_0.id=?
2026-06-08 16:32:37 DEBUG SQL:135 - 
    select
        we1_0.id,
        we1_0.address,
        we1_0.code,
        we1_0.created_at,
        we1_0.name,
        we1_0.status,
        we1_0.updated_at 
    from
        warehouses we1_0 
    where
        we1_0.status=?
2026-06-08 16:32:37 DEBUG SQL:135 - 
    select
        mie1_0.id,
        mie1_0.cost_price,
        mie1_0.created_at,
        mie1_0.material_id,
        m1_0.id,
        m1_0.category_id,
        m1_0.code,
        m1_0.created_at,
        m1_0.low_stock_threshold,
        m1_0.name,
        m1_0.status,
        m1_0.thumbnail,
        m1_0.thumbnail_public_id,
        m1_0.unit,
        m1_0.updated_at,
        mie1_0.on_hand,
        mie1_0.reserved,
        mie1_0.updated_at,
        mie1_0.version,
        mie1_0.warehouse_id 
    from
        material_inventories mie1_0 
    join
        materials m1_0 
            on m1_0.id=mie1_0.material_id 
    where
        mie1_0.warehouse_id=? 
        and m1_0.status<>? 
        and mie1_0.on_hand>0
2026-06-08 16:32:37 INFO  JwtAuthenticationFilter:79 - ⬅️ Response: GET /api/admin/warehouses/dropdown - 200
2026-06-08 16:32:37 INFO  JwtAuthenticationFilter:79 - ⬅️ Response: GET /api/admin/stocktakes/warehouses/1/materials - 200
2026-06-08 16:32:40 INFO  JwtAuthenticationFilter:37 - ➡️ Request: GET /api/auth/account-info
2026-06-08 16:32:40 DEBUG SQL:135 - 
    select
        ue1_0.id,
        ue1_0.activation_token,
        ue1_0.code,
        ue1_0.created_at,
        ue1_0.email,
        ue1_0.full_name,
        ue1_0.password,
        ue1_0.phone,
        ue1_0.provider,
        ue1_0.status,
        ue1_0.updated_at,
        ue1_0.user_image_url 
    from
        users ue1_0 
    where
        ue1_0.email=?
2026-06-08 16:32:40 DEBUG SQL:135 - 
    select
        r1_0.user_id,
        r1_1.id,
        r1_1.name,
        p1_0.role_id,
        p1_1.id,
        p1_1.description,
        p1_1.name 
    from
        users_roles r1_0 
    join
        roles r1_1 
            on r1_1.id=r1_0.role_id 
    left join
        roles_permissions p1_0 
            on r1_1.id=p1_0.role_id 
    left join
        permissions p1_1 
            on p1_1.id=p1_0.permission_id 
    where
        r1_0.user_id=?
2026-06-08 16:32:40 INFO  JwtAuthenticationFilter:79 - ⬅️ Response: GET /api/auth/account-info - 200
2026-06-08 16:32:40 INFO  JwtAuthenticationFilter:37 - ➡️ Request: GET /api/admin/warehouses/dropdown
2026-06-08 16:32:40 DEBUG SQL:135 - 
    select
        ue1_0.id,
        ue1_0.activation_token,
        ue1_0.code,
        ue1_0.created_at,
        ue1_0.email,
        ue1_0.full_name,
        ue1_0.password,
        ue1_0.phone,
        ue1_0.provider,
        ue1_0.status,
        ue1_0.updated_at,
        ue1_0.user_image_url 
    from
        users ue1_0 
    where
        ue1_0.email=?
2026-06-08 16:32:40 INFO  JwtAuthenticationFilter:37 - ➡️ Request: GET /api/auth/account-info
2026-06-08 16:32:40 DEBUG SQL:135 - 
    select
        ue1_0.id,
        ue1_0.activation_token,
        ue1_0.code,
        ue1_0.created_at,
        ue1_0.email,
        ue1_0.full_name,
        ue1_0.password,
        ue1_0.phone,
        ue1_0.provider,
        ue1_0.status,
        ue1_0.updated_at,
        ue1_0.user_image_url 
    from
        users ue1_0 
    where
        ue1_0.email=?
2026-06-08 16:32:40 DEBUG SQL:135 - 
    select
        r1_0.user_id,
        r1_1.id,
        r1_1.name,
        p1_0.role_id,
        p1_1.id,
        p1_1.description,
        p1_1.name 
    from
        users_roles r1_0 
    join
        roles r1_1 
            on r1_1.id=r1_0.role_id 
    left join
        roles_permissions p1_0 
            on r1_1.id=p1_0.role_id 
    left join
        permissions p1_1 
            on p1_1.id=p1_0.permission_id 
    where
        r1_0.user_id=?
2026-06-08 16:32:40 DEBUG SQL:135 - 
    select
        r1_0.user_id,
        r1_1.id,
        r1_1.name,
        p1_0.role_id,
        p1_1.id,
        p1_1.description,
        p1_1.name 
    from
        users_roles r1_0 
    join
        roles r1_1 
            on r1_1.id=r1_0.role_id 
    left join
        roles_permissions p1_0 
            on r1_1.id=p1_0.role_id 
    left join
        permissions p1_1 
            on p1_1.id=p1_0.permission_id 
    where
        r1_0.user_id=?
2026-06-08 16:32:40 INFO  JwtAuthenticationFilter:79 - ⬅️ Response: GET /api/auth/account-info - 200
2026-06-08 16:32:40 DEBUG SQL:135 - 
    select
        we1_0.id,
        we1_0.address,
        we1_0.code,
        we1_0.created_at,
        we1_0.name,
        we1_0.status,
        we1_0.updated_at 
    from
        warehouses we1_0 
    where
        we1_0.status=?
2026-06-08 16:32:40 INFO  JwtAuthenticationFilter:79 - ⬅️ Response: GET /api/admin/warehouses/dropdown - 200
2026-06-08 16:32:43 INFO  JwtAuthenticationFilter:37 - ➡️ Request: GET /api/admin/stocktakes/warehouses/1/materials
2026-06-08 16:32:43 DEBUG SQL:135 - 
    select
        ue1_0.id,
        ue1_0.activation_token,
        ue1_0.code,
        ue1_0.created_at,
        ue1_0.email,
        ue1_0.full_name,
        ue1_0.password,
        ue1_0.phone,
        ue1_0.provider,
        ue1_0.status,
        ue1_0.updated_at,
        ue1_0.user_image_url 
    from
        users ue1_0 
    where
        ue1_0.email=?
2026-06-08 16:32:43 DEBUG SQL:135 - 
    select
        r1_0.user_id,
        r1_1.id,
        r1_1.name,
        p1_0.role_id,
        p1_1.id,
        p1_1.description,
        p1_1.name 
    from
        users_roles r1_0 
    join
        roles r1_1 
            on r1_1.id=r1_0.role_id 
    left join
        roles_permissions p1_0 
            on r1_1.id=p1_0.role_id 
    left join
        permissions p1_1 
            on p1_1.id=p1_0.permission_id 
    where
        r1_0.user_id=?
2026-06-08 16:32:43 DEBUG SQL:135 - 
    select
        we1_0.id,
        we1_0.address,
        we1_0.code,
        we1_0.created_at,
        we1_0.name,
        we1_0.status,
        we1_0.updated_at 
    from
        warehouses we1_0 
    where
        we1_0.id=?
2026-06-08 16:32:43 DEBUG SQL:135 - 
    select
        mie1_0.id,
        mie1_0.cost_price,
        mie1_0.created_at,
        mie1_0.material_id,
        m1_0.id,
        m1_0.category_id,
        m1_0.code,
        m1_0.created_at,
        m1_0.low_stock_threshold,
        m1_0.name,
        m1_0.status,
        m1_0.thumbnail,
        m1_0.thumbnail_public_id,
        m1_0.unit,
        m1_0.updated_at,
        mie1_0.on_hand,
        mie1_0.reserved,
        mie1_0.updated_at,
        mie1_0.version,
        mie1_0.warehouse_id 
    from
        material_inventories mie1_0 
    join
        materials m1_0 
            on m1_0.id=mie1_0.material_id 
    where
        mie1_0.warehouse_id=? 
        and m1_0.status<>? 
        and mie1_0.on_hand>0
2026-06-08 16:32:43 INFO  JwtAuthenticationFilter:79 - ⬅️ Response: GET /api/admin/stocktakes/warehouses/1/materials - 200
2026-06-08 16:33:12 INFO  JwtAuthenticationFilter:37 - ➡️ Request: GET /api/admin/warehouses/dropdown
2026-06-08 16:33:12 INFO  JwtAuthenticationFilter:37 - ➡️ Request: GET /api/admin/stocktakes/warehouses/1/materials
2026-06-08 16:33:12 DEBUG SQL:135 - 
    select
        ue1_0.id,
        ue1_0.activation_token,
        ue1_0.code,
        ue1_0.created_at,
        ue1_0.email,
        ue1_0.full_name,
        ue1_0.password,
        ue1_0.phone,
        ue1_0.provider,
        ue1_0.status,
        ue1_0.updated_at,
        ue1_0.user_image_url 
    from
        users ue1_0 
    where
        ue1_0.email=?
2026-06-08 16:33:12 DEBUG SQL:135 - 
    select
        ue1_0.id,
        ue1_0.activation_token,
        ue1_0.code,
        ue1_0.created_at,
        ue1_0.email,
        ue1_0.full_name,
        ue1_0.password,
        ue1_0.phone,
        ue1_0.provider,
        ue1_0.status,
        ue1_0.updated_at,
        ue1_0.user_image_url 
    from
        users ue1_0 
    where
        ue1_0.email=?
2026-06-08 16:33:12 DEBUG SQL:135 - 
    select
        r1_0.user_id,
        r1_1.id,
        r1_1.name,
        p1_0.role_id,
        p1_1.id,
        p1_1.description,
        p1_1.name 
    from
        users_roles r1_0 
    join
        roles r1_1 
            on r1_1.id=r1_0.role_id 
    left join
        roles_permissions p1_0 
            on r1_1.id=p1_0.role_id 
    left join
        permissions p1_1 
            on p1_1.id=p1_0.permission_id 
    where
        r1_0.user_id=?
2026-06-08 16:33:12 DEBUG SQL:135 - 
    select
        r1_0.user_id,
        r1_1.id,
        r1_1.name,
        p1_0.role_id,
        p1_1.id,
        p1_1.description,
        p1_1.name 
    from
        users_roles r1_0 
    join
        roles r1_1 
            on r1_1.id=r1_0.role_id 
    left join
        roles_permissions p1_0 
            on r1_1.id=p1_0.role_id 
    left join
        permissions p1_1 
            on p1_1.id=p1_0.permission_id 
    where
        r1_0.user_id=?
2026-06-08 16:33:12 DEBUG SQL:135 - 
    select
        we1_0.id,
        we1_0.address,
        we1_0.code,
        we1_0.created_at,
        we1_0.name,
        we1_0.status,
        we1_0.updated_at 
    from
        warehouses we1_0 
    where
        we1_0.id=?
2026-06-08 16:33:12 DEBUG SQL:135 - 
    select
        we1_0.id,
        we1_0.address,
        we1_0.code,
        we1_0.created_at,
        we1_0.name,
        we1_0.status,
        we1_0.updated_at 
    from
        warehouses we1_0 
    where
        we1_0.status=?
2026-06-08 16:33:12 DEBUG SQL:135 - 
    select
        mie1_0.id,
        mie1_0.cost_price,
        mie1_0.created_at,
        mie1_0.material_id,
        m1_0.id,
        m1_0.category_id,
        m1_0.code,
        m1_0.created_at,
        m1_0.low_stock_threshold,
        m1_0.name,
        m1_0.status,
        m1_0.thumbnail,
        m1_0.thumbnail_public_id,
        m1_0.unit,
        m1_0.updated_at,
        mie1_0.on_hand,
        mie1_0.reserved,
        mie1_0.updated_at,
        mie1_0.version,
        mie1_0.warehouse_id 
    from
        material_inventories mie1_0 
    join
        materials m1_0 
            on m1_0.id=mie1_0.material_id 
    where
        mie1_0.warehouse_id=? 
        and m1_0.status<>? 
        and mie1_0.on_hand>0
2026-06-08 16:33:12 INFO  JwtAuthenticationFilter:79 - ⬅️ Response: GET /api/admin/warehouses/dropdown - 200
2026-06-08 16:33:12 INFO  JwtAuthenticationFilter:79 - ⬅️ Response: GET /api/admin/stocktakes/warehouses/1/materials - 200
2026-06-08 16:33:17 INFO  JwtAuthenticationFilter:37 - ➡️ Request: GET /api/admin/stocktakes/warehouses/1/materials
2026-06-08 16:33:17 INFO  JwtAuthenticationFilter:37 - ➡️ Request: GET /api/admin/warehouses/dropdown
2026-06-08 16:33:17 DEBUG SQL:135 - 
    select
        ue1_0.id,
        ue1_0.activation_token,
        ue1_0.code,
        ue1_0.created_at,
        ue1_0.email,
        ue1_0.full_name,
        ue1_0.password,
        ue1_0.phone,
        ue1_0.provider,
        ue1_0.status,
        ue1_0.updated_at,
        ue1_0.user_image_url 
    from
        users ue1_0 
    where
        ue1_0.email=?
2026-06-08 16:33:17 DEBUG SQL:135 - 
    select
        ue1_0.id,
        ue1_0.activation_token,
        ue1_0.code,
        ue1_0.created_at,
        ue1_0.email,
        ue1_0.full_name,
        ue1_0.password,
        ue1_0.phone,
        ue1_0.provider,
        ue1_0.status,
        ue1_0.updated_at,
        ue1_0.user_image_url 
    from
        users ue1_0 
    where
        ue1_0.email=?
2026-06-08 16:33:17 DEBUG SQL:135 - 
    select
        r1_0.user_id,
        r1_1.id,
        r1_1.name,
        p1_0.role_id,
        p1_1.id,
        p1_1.description,
        p1_1.name 
    from
        users_roles r1_0 
    join
        roles r1_1 
            on r1_1.id=r1_0.role_id 
    left join
        roles_permissions p1_0 
            on r1_1.id=p1_0.role_id 
    left join
        permissions p1_1 
            on p1_1.id=p1_0.permission_id 
    where
        r1_0.user_id=?
2026-06-08 16:33:17 DEBUG SQL:135 - 
    select
        r1_0.user_id,
        r1_1.id,
        r1_1.name,
        p1_0.role_id,
        p1_1.id,
        p1_1.description,
        p1_1.name 
    from
        users_roles r1_0 
    join
        roles r1_1 
            on r1_1.id=r1_0.role_id 
    left join
        roles_permissions p1_0 
            on r1_1.id=p1_0.role_id 
    left join
        permissions p1_1 
            on p1_1.id=p1_0.permission_id 
    where
        r1_0.user_id=?
2026-06-08 16:33:17 DEBUG SQL:135 - 
    select
        we1_0.id,
        we1_0.address,
        we1_0.code,
        we1_0.created_at,
        we1_0.name,
        we1_0.status,
        we1_0.updated_at 
    from
        warehouses we1_0 
    where
        we1_0.id=?
2026-06-08 16:33:17 DEBUG SQL:135 - 
    select
        we1_0.id,
        we1_0.address,
        we1_0.code,
        we1_0.created_at,
        we1_0.name,
        we1_0.status,
        we1_0.updated_at 
    from
        warehouses we1_0 
    where
        we1_0.status=?
2026-06-08 16:33:17 DEBUG SQL:135 - 
    select
        mie1_0.id,
        mie1_0.cost_price,
        mie1_0.created_at,
        mie1_0.material_id,
        m1_0.id,
        m1_0.category_id,
        m1_0.code,
        m1_0.created_at,
        m1_0.low_stock_threshold,
        m1_0.name,
        m1_0.status,
        m1_0.thumbnail,
        m1_0.thumbnail_public_id,
        m1_0.unit,
        m1_0.updated_at,
        mie1_0.on_hand,
        mie1_0.reserved,
        mie1_0.updated_at,
        mie1_0.version,
        mie1_0.warehouse_id 
    from
        material_inventories mie1_0 
    join
        materials m1_0 
            on m1_0.id=mie1_0.material_id 
    where
        mie1_0.warehouse_id=? 
        and m1_0.status<>? 
        and mie1_0.on_hand>0
2026-06-08 16:33:17 INFO  JwtAuthenticationFilter:79 - ⬅️ Response: GET /api/admin/warehouses/dropdown - 200
2026-06-08 16:33:17 INFO  JwtAuthenticationFilter:79 - ⬅️ Response: GET /api/admin/stocktakes/warehouses/1/materials - 200
2026-06-08 16:33:19 INFO  JwtAuthenticationFilter:37 - ➡️ Request: GET /api/auth/account-info
2026-06-08 16:33:19 DEBUG SQL:135 - 
    select
        ue1_0.id,
        ue1_0.activation_token,
        ue1_0.code,
        ue1_0.created_at,
        ue1_0.email,
        ue1_0.full_name,
        ue1_0.password,
        ue1_0.phone,
        ue1_0.provider,
        ue1_0.status,
        ue1_0.updated_at,
        ue1_0.user_image_url 
    from
        users ue1_0 
    where
        ue1_0.email=?
2026-06-08 16:33:19 DEBUG SQL:135 - 
    select
        r1_0.user_id,
        r1_1.id,
        r1_1.name,
        p1_0.role_id,
        p1_1.id,
        p1_1.description,
        p1_1.name 
    from
        users_roles r1_0 
    join
        roles r1_1 
            on r1_1.id=r1_0.role_id 
    left join
        roles_permissions p1_0 
            on r1_1.id=p1_0.role_id 
    left join
        permissions p1_1 
            on p1_1.id=p1_0.permission_id 
    where
        r1_0.user_id=?
2026-06-08 16:33:19 INFO  JwtAuthenticationFilter:79 - ⬅️ Response: GET /api/auth/account-info - 200
2026-06-08 16:33:20 INFO  JwtAuthenticationFilter:37 - ➡️ Request: GET /api/admin/warehouses/dropdown
2026-06-08 16:33:20 DEBUG SQL:135 - 
    select
        ue1_0.id,
        ue1_0.activation_token,
        ue1_0.code,
        ue1_0.created_at,
        ue1_0.email,
        ue1_0.full_name,
        ue1_0.password,
        ue1_0.phone,
        ue1_0.provider,
        ue1_0.status,
        ue1_0.updated_at,
        ue1_0.user_image_url 
    from
        users ue1_0 
    where
        ue1_0.email=?
2026-06-08 16:33:20 INFO  JwtAuthenticationFilter:37 - ➡️ Request: GET /api/auth/account-info
2026-06-08 16:33:20 DEBUG SQL:135 - 
    select
        ue1_0.id,
        ue1_0.activation_token,
        ue1_0.code,
        ue1_0.created_at,
        ue1_0.email,
        ue1_0.full_name,
        ue1_0.password,
        ue1_0.phone,
        ue1_0.provider,
        ue1_0.status,
        ue1_0.updated_at,
        ue1_0.user_image_url 
    from
        users ue1_0 
    where
        ue1_0.email=?
2026-06-08 16:33:20 DEBUG SQL:135 - 
    select
        r1_0.user_id,
        r1_1.id,
        r1_1.name,
        p1_0.role_id,
        p1_1.id,
        p1_1.description,
        p1_1.name 
    from
        users_roles r1_0 
    join
        roles r1_1 
            on r1_1.id=r1_0.role_id 
    left join
        roles_permissions p1_0 
            on r1_1.id=p1_0.role_id 
    left join
        permissions p1_1 
            on p1_1.id=p1_0.permission_id 
    where
        r1_0.user_id=?
2026-06-08 16:33:20 DEBUG SQL:135 - 
    select
        r1_0.user_id,
        r1_1.id,
        r1_1.name,
        p1_0.role_id,
        p1_1.id,
        p1_1.description,
        p1_1.name 
    from
        users_roles r1_0 
    join
        roles r1_1 
            on r1_1.id=r1_0.role_id 
    left join
        roles_permissions p1_0 
            on r1_1.id=p1_0.role_id 
    left join
        permissions p1_1 
            on p1_1.id=p1_0.permission_id 
    where
        r1_0.user_id=?
2026-06-08 16:33:20 INFO  JwtAuthenticationFilter:79 - ⬅️ Response: GET /api/auth/account-info - 200
2026-06-08 16:33:20 DEBUG SQL:135 - 
    select
        we1_0.id,
        we1_0.address,
        we1_0.code,
        we1_0.created_at,
        we1_0.name,
        we1_0.status,
        we1_0.updated_at 
    from
        warehouses we1_0 
    where
        we1_0.status=?
2026-06-08 16:33:20 INFO  JwtAuthenticationFilter:79 - ⬅️ Response: GET /api/admin/warehouses/dropdown - 200
2026-06-08 16:33:22 INFO  JwtAuthenticationFilter:37 - ➡️ Request: GET /api/admin/stocktakes/warehouses/1/materials
2026-06-08 16:33:22 DEBUG SQL:135 - 
    select
        ue1_0.id,
        ue1_0.activation_token,
        ue1_0.code,
        ue1_0.created_at,
        ue1_0.email,
        ue1_0.full_name,
        ue1_0.password,
        ue1_0.phone,
        ue1_0.provider,
        ue1_0.status,
        ue1_0.updated_at,
        ue1_0.user_image_url 
    from
        users ue1_0 
    where
        ue1_0.email=?
2026-06-08 16:33:22 DEBUG SQL:135 - 
    select
        r1_0.user_id,
        r1_1.id,
        r1_1.name,
        p1_0.role_id,
        p1_1.id,
        p1_1.description,
        p1_1.name 
    from
        users_roles r1_0 
    join
        roles r1_1 
            on r1_1.id=r1_0.role_id 
    left join
        roles_permissions p1_0 
            on r1_1.id=p1_0.role_id 
    left join
        permissions p1_1 
            on p1_1.id=p1_0.permission_id 
    where
        r1_0.user_id=?
2026-06-08 16:33:22 DEBUG SQL:135 - 
    select
        we1_0.id,
        we1_0.address,
        we1_0.code,
        we1_0.created_at,
        we1_0.name,
        we1_0.status,
        we1_0.updated_at 
    from
        warehouses we1_0 
    where
        we1_0.id=?
2026-06-08 16:33:22 DEBUG SQL:135 - 
    select
        mie1_0.id,
        mie1_0.cost_price,
        mie1_0.created_at,
        mie1_0.material_id,
        m1_0.id,
        m1_0.category_id,
        m1_0.code,
        m1_0.created_at,
        m1_0.low_stock_threshold,
        m1_0.name,
        m1_0.status,
        m1_0.thumbnail,
        m1_0.thumbnail_public_id,
        m1_0.unit,
        m1_0.updated_at,
        mie1_0.on_hand,
        mie1_0.reserved,
        mie1_0.updated_at,
        mie1_0.version,
        mie1_0.warehouse_id 
    from
        material_inventories mie1_0 
    join
        materials m1_0 
            on m1_0.id=mie1_0.material_id 
    where
        mie1_0.warehouse_id=? 
        and m1_0.status<>? 
        and mie1_0.on_hand>0
2026-06-08 16:33:22 INFO  JwtAuthenticationFilter:79 - ⬅️ Response: GET /api/admin/stocktakes/warehouses/1/materials - 200
2026-06-08 16:33:59 INFO  JwtAuthenticationFilter:37 - ➡️ Request: GET /api/admin/warehouses/dropdown
2026-06-08 16:33:59 INFO  JwtAuthenticationFilter:37 - ➡️ Request: GET /api/admin/stocktakes/warehouses/1/materials
2026-06-08 16:33:59 DEBUG SQL:135 - 
    select
        ue1_0.id,
        ue1_0.activation_token,
        ue1_0.code,
        ue1_0.created_at,
        ue1_0.email,
        ue1_0.full_name,
        ue1_0.password,
        ue1_0.phone,
        ue1_0.provider,
        ue1_0.status,
        ue1_0.updated_at,
        ue1_0.user_image_url 
    from
        users ue1_0 
    where
        ue1_0.email=?
2026-06-08 16:33:59 DEBUG SQL:135 - 
    select
        ue1_0.id,
        ue1_0.activation_token,
        ue1_0.code,
        ue1_0.created_at,
        ue1_0.email,
        ue1_0.full_name,
        ue1_0.password,
        ue1_0.phone,
        ue1_0.provider,
        ue1_0.status,
        ue1_0.updated_at,
        ue1_0.user_image_url 
    from
        users ue1_0 
    where
        ue1_0.email=?
2026-06-08 16:33:59 DEBUG SQL:135 - 
    select
        r1_0.user_id,
        r1_1.id,
        r1_1.name,
        p1_0.role_id,
        p1_1.id,
        p1_1.description,
        p1_1.name 
    from
        users_roles r1_0 
    join
        roles r1_1 
            on r1_1.id=r1_0.role_id 
    left join
        roles_permissions p1_0 
            on r1_1.id=p1_0.role_id 
    left join
        permissions p1_1 
            on p1_1.id=p1_0.permission_id 
    where
        r1_0.user_id=?
2026-06-08 16:33:59 DEBUG SQL:135 - 
    select
        r1_0.user_id,
        r1_1.id,
        r1_1.name,
        p1_0.role_id,
        p1_1.id,
        p1_1.description,
        p1_1.name 
    from
        users_roles r1_0 
    join
        roles r1_1 
            on r1_1.id=r1_0.role_id 
    left join
        roles_permissions p1_0 
            on r1_1.id=p1_0.role_id 
    left join
        permissions p1_1 
            on p1_1.id=p1_0.permission_id 
    where
        r1_0.user_id=?
2026-06-08 16:33:59 DEBUG SQL:135 - 
    select
        we1_0.id,
        we1_0.address,
        we1_0.code,
        we1_0.created_at,
        we1_0.name,
        we1_0.status,
        we1_0.updated_at 
    from
        warehouses we1_0 
    where
        we1_0.id=?
2026-06-08 16:33:59 DEBUG SQL:135 - 
    select
        we1_0.id,
        we1_0.address,
        we1_0.code,
        we1_0.created_at,
        we1_0.name,
        we1_0.status,
        we1_0.updated_at 
    from
        warehouses we1_0 
    where
        we1_0.status=?
2026-06-08 16:33:59 DEBUG SQL:135 - 
    select
        mie1_0.id,
        mie1_0.cost_price,
        mie1_0.created_at,
        mie1_0.material_id,
        m1_0.id,
        m1_0.category_id,
        m1_0.code,
        m1_0.created_at,
        m1_0.low_stock_threshold,
        m1_0.name,
        m1_0.status,
        m1_0.thumbnail,
        m1_0.thumbnail_public_id,
        m1_0.unit,
        m1_0.updated_at,
        mie1_0.on_hand,
        mie1_0.reserved,
        mie1_0.updated_at,
        mie1_0.version,
        mie1_0.warehouse_id 
    from
        material_inventories mie1_0 
    join
        materials m1_0 
            on m1_0.id=mie1_0.material_id 
    where
        mie1_0.warehouse_id=? 
        and m1_0.status<>? 
        and mie1_0.on_hand>0
2026-06-08 16:33:59 INFO  JwtAuthenticationFilter:79 - ⬅️ Response: GET /api/admin/warehouses/dropdown - 200
2026-06-08 16:33:59 INFO  JwtAuthenticationFilter:79 - ⬅️ Response: GET /api/admin/stocktakes/warehouses/1/materials - 200
2026-06-08 16:36:17 INFO  JwtAuthenticationFilter:37 - ➡️ Request: GET /api/admin/stocktakes/warehouses/1/materials
2026-06-08 16:36:17 INFO  JwtAuthenticationFilter:37 - ➡️ Request: GET /api/admin/warehouses/dropdown
2026-06-08 16:36:17 DEBUG SQL:135 - 
    select
        ue1_0.id,
        ue1_0.activation_token,
        ue1_0.code,
        ue1_0.created_at,
        ue1_0.email,
        ue1_0.full_name,
        ue1_0.password,
        ue1_0.phone,
        ue1_0.provider,
        ue1_0.status,
        ue1_0.updated_at,
        ue1_0.user_image_url 
    from
        users ue1_0 
    where
        ue1_0.email=?
2026-06-08 16:36:17 DEBUG SQL:135 - 
    select
        ue1_0.id,
        ue1_0.activation_token,
        ue1_0.code,
        ue1_0.created_at,
        ue1_0.email,
        ue1_0.full_name,
        ue1_0.password,
        ue1_0.phone,
        ue1_0.provider,
        ue1_0.status,
        ue1_0.updated_at,
        ue1_0.user_image_url 
    from
        users ue1_0 
    where
        ue1_0.email=?
2026-06-08 16:36:17 DEBUG SQL:135 - 
    select
        r1_0.user_id,
        r1_1.id,
        r1_1.name,
        p1_0.role_id,
        p1_1.id,
        p1_1.description,
        p1_1.name 
    from
        users_roles r1_0 
    join
        roles r1_1 
            on r1_1.id=r1_0.role_id 
    left join
        roles_permissions p1_0 
            on r1_1.id=p1_0.role_id 
    left join
        permissions p1_1 
            on p1_1.id=p1_0.permission_id 
    where
        r1_0.user_id=?
2026-06-08 16:36:17 DEBUG SQL:135 - 
    select
        r1_0.user_id,
        r1_1.id,
        r1_1.name,
        p1_0.role_id,
        p1_1.id,
        p1_1.description,
        p1_1.name 
    from
        users_roles r1_0 
    join
        roles r1_1 
            on r1_1.id=r1_0.role_id 
    left join
        roles_permissions p1_0 
            on r1_1.id=p1_0.role_id 
    left join
        permissions p1_1 
            on p1_1.id=p1_0.permission_id 
    where
        r1_0.user_id=?
2026-06-08 16:36:17 DEBUG SQL:135 - 
    select
        we1_0.id,
        we1_0.address,
        we1_0.code,
        we1_0.created_at,
        we1_0.name,
        we1_0.status,
        we1_0.updated_at 
    from
        warehouses we1_0 
    where
        we1_0.id=?
2026-06-08 16:36:17 DEBUG SQL:135 - 
    select
        we1_0.id,
        we1_0.address,
        we1_0.code,
        we1_0.created_at,
        we1_0.name,
        we1_0.status,
        we1_0.updated_at 
    from
        warehouses we1_0 
    where
        we1_0.status=?
2026-06-08 16:36:17 DEBUG SQL:135 - 
    select
        mie1_0.id,
        mie1_0.cost_price,
        mie1_0.created_at,
        mie1_0.material_id,
        m1_0.id,
        m1_0.category_id,
        m1_0.code,
        m1_0.created_at,
        m1_0.low_stock_threshold,
        m1_0.name,
        m1_0.status,
        m1_0.thumbnail,
        m1_0.thumbnail_public_id,
        m1_0.unit,
        m1_0.updated_at,
        mie1_0.on_hand,
        mie1_0.reserved,
        mie1_0.updated_at,
        mie1_0.version,
        mie1_0.warehouse_id 
    from
        material_inventories mie1_0 
    join
        materials m1_0 
            on m1_0.id=mie1_0.material_id 
    where
        mie1_0.warehouse_id=? 
        and m1_0.status<>? 
        and mie1_0.on_hand>0
2026-06-08 16:36:17 INFO  JwtAuthenticationFilter:79 - ⬅️ Response: GET /api/admin/warehouses/dropdown - 200
2026-06-08 16:36:17 INFO  JwtAuthenticationFilter:79 - ⬅️ Response: GET /api/admin/stocktakes/warehouses/1/materials - 200
2026-06-08 16:37:05 INFO  JwtAuthenticationFilter:37 - ➡️ Request: GET /api/admin/warehouses/dropdown
2026-06-08 16:37:05 INFO  JwtAuthenticationFilter:37 - ➡️ Request: GET /api/admin/stocktakes/warehouses/1/materials
2026-06-08 16:37:05 DEBUG SQL:135 - 
    select
        ue1_0.id,
        ue1_0.activation_token,
        ue1_0.code,
        ue1_0.created_at,
        ue1_0.email,
        ue1_0.full_name,
        ue1_0.password,
        ue1_0.phone,
        ue1_0.provider,
        ue1_0.status,
        ue1_0.updated_at,
        ue1_0.user_image_url 
    from
        users ue1_0 
    where
        ue1_0.email=?
2026-06-08 16:37:05 DEBUG SQL:135 - 
    select
        ue1_0.id,
        ue1_0.activation_token,
        ue1_0.code,
        ue1_0.created_at,
        ue1_0.email,
        ue1_0.full_name,
        ue1_0.password,
        ue1_0.phone,
        ue1_0.provider,
        ue1_0.status,
        ue1_0.updated_at,
        ue1_0.user_image_url 
    from
        users ue1_0 
    where
        ue1_0.email=?
2026-06-08 16:37:05 DEBUG SQL:135 - 
    select
        r1_0.user_id,
        r1_1.id,
        r1_1.name,
        p1_0.role_id,
        p1_1.id,
        p1_1.description,
        p1_1.name 
    from
        users_roles r1_0 
    join
        roles r1_1 
            on r1_1.id=r1_0.role_id 
    left join
        roles_permissions p1_0 
            on r1_1.id=p1_0.role_id 
    left join
        permissions p1_1 
            on p1_1.id=p1_0.permission_id 
    where
        r1_0.user_id=?
2026-06-08 16:37:05 DEBUG SQL:135 - 
    select
        r1_0.user_id,
        r1_1.id,
        r1_1.name,
        p1_0.role_id,
        p1_1.id,
        p1_1.description,
        p1_1.name 
    from
        users_roles r1_0 
    join
        roles r1_1 
            on r1_1.id=r1_0.role_id 
    left join
        roles_permissions p1_0 
            on r1_1.id=p1_0.role_id 
    left join
        permissions p1_1 
            on p1_1.id=p1_0.permission_id 
    where
        r1_0.user_id=?
2026-06-08 16:37:05 DEBUG SQL:135 - 
    select
        we1_0.id,
        we1_0.address,
        we1_0.code,
        we1_0.created_at,
        we1_0.name,
        we1_0.status,
        we1_0.updated_at 
    from
        warehouses we1_0 
    where
        we1_0.id=?
2026-06-08 16:37:05 DEBUG SQL:135 - 
    select
        we1_0.id,
        we1_0.address,
        we1_0.code,
        we1_0.created_at,
        we1_0.name,
        we1_0.status,
        we1_0.updated_at 
    from
        warehouses we1_0 
    where
        we1_0.status=?
2026-06-08 16:37:05 DEBUG SQL:135 - 
    select
        mie1_0.id,
        mie1_0.cost_price,
        mie1_0.created_at,
        mie1_0.material_id,
        m1_0.id,
        m1_0.category_id,
        m1_0.code,
        m1_0.created_at,
        m1_0.low_stock_threshold,
        m1_0.name,
        m1_0.status,
        m1_0.thumbnail,
        m1_0.thumbnail_public_id,
        m1_0.unit,
        m1_0.updated_at,
        mie1_0.on_hand,
        mie1_0.reserved,
        mie1_0.updated_at,
        mie1_0.version,
        mie1_0.warehouse_id 
    from
        material_inventories mie1_0 
    join
        materials m1_0 
            on m1_0.id=mie1_0.material_id 
    where
        mie1_0.warehouse_id=? 
        and m1_0.status<>? 
        and mie1_0.on_hand>0
2026-06-08 16:37:05 INFO  JwtAuthenticationFilter:79 - ⬅️ Response: GET /api/admin/warehouses/dropdown - 200
2026-06-08 16:37:05 INFO  JwtAuthenticationFilter:79 - ⬅️ Response: GET /api/admin/stocktakes/warehouses/1/materials - 200
2026-06-08 16:37:26 INFO  JwtAuthenticationFilter:37 - ➡️ Request: GET /api/admin/stocktakes/warehouses/1/materials
2026-06-08 16:37:26 INFO  JwtAuthenticationFilter:37 - ➡️ Request: GET /api/admin/warehouses/dropdown
2026-06-08 16:37:26 DEBUG SQL:135 - 
    select
        ue1_0.id,
        ue1_0.activation_token,
        ue1_0.code,
        ue1_0.created_at,
        ue1_0.email,
        ue1_0.full_name,
        ue1_0.password,
        ue1_0.phone,
        ue1_0.provider,
        ue1_0.status,
        ue1_0.updated_at,
        ue1_0.user_image_url 
    from
        users ue1_0 
    where
        ue1_0.email=?
2026-06-08 16:37:26 DEBUG SQL:135 - 
    select
        ue1_0.id,
        ue1_0.activation_token,
        ue1_0.code,
        ue1_0.created_at,
        ue1_0.email,
        ue1_0.full_name,
        ue1_0.password,
        ue1_0.phone,
        ue1_0.provider,
        ue1_0.status,
        ue1_0.updated_at,
        ue1_0.user_image_url 
    from
        users ue1_0 
    where
        ue1_0.email=?
2026-06-08 16:37:26 DEBUG SQL:135 - 
    select
        r1_0.user_id,
        r1_1.id,
        r1_1.name,
        p1_0.role_id,
        p1_1.id,
        p1_1.description,
        p1_1.name 
    from
        users_roles r1_0 
    join
        roles r1_1 
            on r1_1.id=r1_0.role_id 
    left join
        roles_permissions p1_0 
            on r1_1.id=p1_0.role_id 
    left join
        permissions p1_1 
            on p1_1.id=p1_0.permission_id 
    where
        r1_0.user_id=?
2026-06-08 16:37:26 DEBUG SQL:135 - 
    select
        r1_0.user_id,
        r1_1.id,
        r1_1.name,
        p1_0.role_id,
        p1_1.id,
        p1_1.description,
        p1_1.name 
    from
        users_roles r1_0 
    join
        roles r1_1 
            on r1_1.id=r1_0.role_id 
    left join
        roles_permissions p1_0 
            on r1_1.id=p1_0.role_id 
    left join
        permissions p1_1 
            on p1_1.id=p1_0.permission_id 
    where
        r1_0.user_id=?
2026-06-08 16:37:26 DEBUG SQL:135 - 
    select
        we1_0.id,
        we1_0.address,
        we1_0.code,
        we1_0.created_at,
        we1_0.name,
        we1_0.status,
        we1_0.updated_at 
    from
        warehouses we1_0 
    where
        we1_0.id=?
2026-06-08 16:37:26 DEBUG SQL:135 - 
    select
        we1_0.id,
        we1_0.address,
        we1_0.code,
        we1_0.created_at,
        we1_0.name,
        we1_0.status,
        we1_0.updated_at 
    from
        warehouses we1_0 
    where
        we1_0.status=?
2026-06-08 16:37:26 DEBUG SQL:135 - 
    select
        mie1_0.id,
        mie1_0.cost_price,
        mie1_0.created_at,
        mie1_0.material_id,
        m1_0.id,
        m1_0.category_id,
        m1_0.code,
        m1_0.created_at,
        m1_0.low_stock_threshold,
        m1_0.name,
        m1_0.status,
        m1_0.thumbnail,
        m1_0.thumbnail_public_id,
        m1_0.unit,
        m1_0.updated_at,
        mie1_0.on_hand,
        mie1_0.reserved,
        mie1_0.updated_at,
        mie1_0.version,
        mie1_0.warehouse_id 
    from
        material_inventories mie1_0 
    join
        materials m1_0 
            on m1_0.id=mie1_0.material_id 
    where
        mie1_0.warehouse_id=? 
        and m1_0.status<>? 
        and mie1_0.on_hand>0
2026-06-08 16:37:26 INFO  JwtAuthenticationFilter:79 - ⬅️ Response: GET /api/admin/warehouses/dropdown - 200
2026-06-08 16:37:26 INFO  JwtAuthenticationFilter:79 - ⬅️ Response: GET /api/admin/stocktakes/warehouses/1/materials - 200
2026-06-08 16:39:26 INFO  JwtAuthenticationFilter:37 - ➡️ Request: GET /api/admin/stocktakes/warehouses/1/materials
2026-06-08 16:39:26 INFO  JwtAuthenticationFilter:37 - ➡️ Request: GET /api/admin/warehouses/dropdown
2026-06-08 16:39:26 DEBUG SQL:135 - 
    select
        ue1_0.id,
        ue1_0.activation_token,
        ue1_0.code,
        ue1_0.created_at,
        ue1_0.email,
        ue1_0.full_name,
        ue1_0.password,
        ue1_0.phone,
        ue1_0.provider,
        ue1_0.status,
        ue1_0.updated_at,
        ue1_0.user_image_url 
    from
        users ue1_0 
    where
        ue1_0.email=?
2026-06-08 16:39:26 DEBUG SQL:135 - 
    select
        ue1_0.id,
        ue1_0.activation_token,
        ue1_0.code,
        ue1_0.created_at,
        ue1_0.email,
        ue1_0.full_name,
        ue1_0.password,
        ue1_0.phone,
        ue1_0.provider,
        ue1_0.status,
        ue1_0.updated_at,
        ue1_0.user_image_url 
    from
        users ue1_0 
    where
        ue1_0.email=?
2026-06-08 16:39:26 DEBUG SQL:135 - 
    select
        r1_0.user_id,
        r1_1.id,
        r1_1.name,
        p1_0.role_id,
        p1_1.id,
        p1_1.description,
        p1_1.name 
    from
        users_roles r1_0 
    join
        roles r1_1 
            on r1_1.id=r1_0.role_id 
    left join
        roles_permissions p1_0 
            on r1_1.id=p1_0.role_id 
    left join
        permissions p1_1 
            on p1_1.id=p1_0.permission_id 
    where
        r1_0.user_id=?
2026-06-08 16:39:26 DEBUG SQL:135 - 
    select
        r1_0.user_id,
        r1_1.id,
        r1_1.name,
        p1_0.role_id,
        p1_1.id,
        p1_1.description,
        p1_1.name 
    from
        users_roles r1_0 
    join
        roles r1_1 
            on r1_1.id=r1_0.role_id 
    left join
        roles_permissions p1_0 
            on r1_1.id=p1_0.role_id 
    left join
        permissions p1_1 
            on p1_1.id=p1_0.permission_id 
    where
        r1_0.user_id=?
2026-06-08 16:39:26 DEBUG SQL:135 - 
    select
        we1_0.id,
        we1_0.address,
        we1_0.code,
        we1_0.created_at,
        we1_0.name,
        we1_0.status,
        we1_0.updated_at 
    from
        warehouses we1_0 
    where
        we1_0.status=?
2026-06-08 16:39:26 DEBUG SQL:135 - 
    select
        we1_0.id,
        we1_0.address,
        we1_0.code,
        we1_0.created_at,
        we1_0.name,
        we1_0.status,
        we1_0.updated_at 
    from
        warehouses we1_0 
    where
        we1_0.id=?
2026-06-08 16:39:26 DEBUG SQL:135 - 
    select
        mie1_0.id,
        mie1_0.cost_price,
        mie1_0.created_at,
        mie1_0.material_id,
        m1_0.id,
        m1_0.category_id,
        m1_0.code,
        m1_0.created_at,
        m1_0.low_stock_threshold,
        m1_0.name,
        m1_0.status,
        m1_0.thumbnail,
        m1_0.thumbnail_public_id,
        m1_0.unit,
        m1_0.updated_at,
        mie1_0.on_hand,
        mie1_0.reserved,
        mie1_0.updated_at,
        mie1_0.version,
        mie1_0.warehouse_id 
    from
        material_inventories mie1_0 
    join
        materials m1_0 
            on m1_0.id=mie1_0.material_id 
    where
        mie1_0.warehouse_id=? 
        and m1_0.status<>? 
        and mie1_0.on_hand>0
2026-06-08 16:39:26 INFO  JwtAuthenticationFilter:79 - ⬅️ Response: GET /api/admin/warehouses/dropdown - 200
2026-06-08 16:39:26 INFO  JwtAuthenticationFilter:79 - ⬅️ Response: GET /api/admin/stocktakes/warehouses/1/materials - 200
2026-06-08 16:39:27 INFO  JwtAuthenticationFilter:37 - ➡️ Request: GET /api/auth/account-info
2026-06-08 16:39:27 DEBUG SQL:135 - 
    select
        ue1_0.id,
        ue1_0.activation_token,
        ue1_0.code,
        ue1_0.created_at,
        ue1_0.email,
        ue1_0.full_name,
        ue1_0.password,
        ue1_0.phone,
        ue1_0.provider,
        ue1_0.status,
        ue1_0.updated_at,
        ue1_0.user_image_url 
    from
        users ue1_0 
    where
        ue1_0.email=?
2026-06-08 16:39:27 DEBUG SQL:135 - 
    select
        r1_0.user_id,
        r1_1.id,
        r1_1.name,
        p1_0.role_id,
        p1_1.id,
        p1_1.description,
        p1_1.name 
    from
        users_roles r1_0 
    join
        roles r1_1 
            on r1_1.id=r1_0.role_id 
    left join
        roles_permissions p1_0 
            on r1_1.id=p1_0.role_id 
    left join
        permissions p1_1 
            on p1_1.id=p1_0.permission_id 
    where
        r1_0.user_id=?
2026-06-08 16:39:27 INFO  JwtAuthenticationFilter:79 - ⬅️ Response: GET /api/auth/account-info - 200
2026-06-08 16:39:27 INFO  JwtAuthenticationFilter:37 - ➡️ Request: GET /api/auth/account-info
2026-06-08 16:39:27 DEBUG SQL:135 - 
    select
        ue1_0.id,
        ue1_0.activation_token,
        ue1_0.code,
        ue1_0.created_at,
        ue1_0.email,
        ue1_0.full_name,
        ue1_0.password,
        ue1_0.phone,
        ue1_0.provider,
        ue1_0.status,
        ue1_0.updated_at,
        ue1_0.user_image_url 
    from
        users ue1_0 
    where
        ue1_0.email=?
2026-06-08 16:39:27 DEBUG SQL:135 - 
    select
        r1_0.user_id,
        r1_1.id,
        r1_1.name,
        p1_0.role_id,
        p1_1.id,
        p1_1.description,
        p1_1.name 
    from
        users_roles r1_0 
    join
        roles r1_1 
            on r1_1.id=r1_0.role_id 
    left join
        roles_permissions p1_0 
            on r1_1.id=p1_0.role_id 
    left join
        permissions p1_1 
            on p1_1.id=p1_0.permission_id 
    where
        r1_0.user_id=?
2026-06-08 16:39:27 INFO  JwtAuthenticationFilter:79 - ⬅️ Response: GET /api/auth/account-info - 200
2026-06-08 16:39:28 INFO  JwtAuthenticationFilter:37 - ➡️ Request: GET /api/auth/account-info
2026-06-08 16:39:28 DEBUG SQL:135 - 
    select
        ue1_0.id,
        ue1_0.activation_token,
        ue1_0.code,
        ue1_0.created_at,
        ue1_0.email,
        ue1_0.full_name,
        ue1_0.password,
        ue1_0.phone,
        ue1_0.provider,
        ue1_0.status,
        ue1_0.updated_at,
        ue1_0.user_image_url 
    from
        users ue1_0 
    where
        ue1_0.email=?
2026-06-08 16:39:28 DEBUG SQL:135 - 
    select
        r1_0.user_id,
        r1_1.id,
        r1_1.name,
        p1_0.role_id,
        p1_1.id,
        p1_1.description,
        p1_1.name 
    from
        users_roles r1_0 
    join
        roles r1_1 
            on r1_1.id=r1_0.role_id 
    left join
        roles_permissions p1_0 
            on r1_1.id=p1_0.role_id 
    left join
        permissions p1_1 
            on p1_1.id=p1_0.permission_id 
    where
        r1_0.user_id=?
2026-06-08 16:39:28 INFO  JwtAuthenticationFilter:79 - ⬅️ Response: GET /api/auth/account-info - 200
2026-06-08 16:39:28 INFO  JwtAuthenticationFilter:37 - ➡️ Request: GET /api/admin/warehouses/dropdown
2026-06-08 16:39:28 DEBUG SQL:135 - 
    select
        ue1_0.id,
        ue1_0.activation_token,
        ue1_0.code,
        ue1_0.created_at,
        ue1_0.email,
        ue1_0.full_name,
        ue1_0.password,
        ue1_0.phone,
        ue1_0.provider,
        ue1_0.status,
        ue1_0.updated_at,
        ue1_0.user_image_url 
    from
        users ue1_0 
    where
        ue1_0.email=?
2026-06-08 16:39:28 INFO  JwtAuthenticationFilter:37 - ➡️ Request: GET /api/auth/account-info
2026-06-08 16:39:28 DEBUG SQL:135 - 
    select
        ue1_0.id,
        ue1_0.activation_token,
        ue1_0.code,
        ue1_0.created_at,
        ue1_0.email,
        ue1_0.full_name,
        ue1_0.password,
        ue1_0.phone,
        ue1_0.provider,
        ue1_0.status,
        ue1_0.updated_at,
        ue1_0.user_image_url 
    from
        users ue1_0 
    where
        ue1_0.email=?
2026-06-08 16:39:28 DEBUG SQL:135 - 
    select
        r1_0.user_id,
        r1_1.id,
        r1_1.name,
        p1_0.role_id,
        p1_1.id,
        p1_1.description,
        p1_1.name 
    from
        users_roles r1_0 
    join
        roles r1_1 
            on r1_1.id=r1_0.role_id 
    left join
        roles_permissions p1_0 
            on r1_1.id=p1_0.role_id 
    left join
        permissions p1_1 
            on p1_1.id=p1_0.permission_id 
    where
        r1_0.user_id=?
2026-06-08 16:39:28 DEBUG SQL:135 - 
    select
        r1_0.user_id,
        r1_1.id,
        r1_1.name,
        p1_0.role_id,
        p1_1.id,
        p1_1.description,
        p1_1.name 
    from
        users_roles r1_0 
    join
        roles r1_1 
            on r1_1.id=r1_0.role_id 
    left join
        roles_permissions p1_0 
            on r1_1.id=p1_0.role_id 
    left join
        permissions p1_1 
            on p1_1.id=p1_0.permission_id 
    where
        r1_0.user_id=?
2026-06-08 16:39:28 DEBUG SQL:135 - 
    select
        we1_0.id,
        we1_0.address,
        we1_0.code,
        we1_0.created_at,
        we1_0.name,
        we1_0.status,
        we1_0.updated_at 
    from
        warehouses we1_0 
    where
        we1_0.status=?
2026-06-08 16:39:28 INFO  JwtAuthenticationFilter:79 - ⬅️ Response: GET /api/auth/account-info - 200
2026-06-08 16:39:28 INFO  JwtAuthenticationFilter:79 - ⬅️ Response: GET /api/admin/warehouses/dropdown - 200
2026-06-08 16:39:45 INFO  JwtAuthenticationFilter:37 - ➡️ Request: GET /api/admin/warehouses/dropdown
2026-06-08 16:39:45 DEBUG SQL:135 - 
    select
        ue1_0.id,
        ue1_0.activation_token,
        ue1_0.code,
        ue1_0.created_at,
        ue1_0.email,
        ue1_0.full_name,
        ue1_0.password,
        ue1_0.phone,
        ue1_0.provider,
        ue1_0.status,
        ue1_0.updated_at,
        ue1_0.user_image_url 
    from
        users ue1_0 
    where
        ue1_0.email=?
2026-06-08 16:39:45 DEBUG SQL:135 - 
    select
        r1_0.user_id,
        r1_1.id,
        r1_1.name,
        p1_0.role_id,
        p1_1.id,
        p1_1.description,
        p1_1.name 
    from
        users_roles r1_0 
    join
        roles r1_1 
            on r1_1.id=r1_0.role_id 
    left join
        roles_permissions p1_0 
            on r1_1.id=p1_0.role_id 
    left join
        permissions p1_1 
            on p1_1.id=p1_0.permission_id 
    where
        r1_0.user_id=?
2026-06-08 16:39:45 DEBUG SQL:135 - 
    select
        we1_0.id,
        we1_0.address,
        we1_0.code,
        we1_0.created_at,
        we1_0.name,
        we1_0.status,
        we1_0.updated_at 
    from
        warehouses we1_0 
    where
        we1_0.status=?
2026-06-08 16:39:45 INFO  JwtAuthenticationFilter:79 - ⬅️ Response: GET /api/admin/warehouses/dropdown - 200
2026-06-08 16:40:41 INFO  JwtAuthenticationFilter:37 - ➡️ Request: GET /api/admin/warehouses/dropdown
2026-06-08 16:40:41 DEBUG SQL:135 - 
    select
        ue1_0.id,
        ue1_0.activation_token,
        ue1_0.code,
        ue1_0.created_at,
        ue1_0.email,
        ue1_0.full_name,
        ue1_0.password,
        ue1_0.phone,
        ue1_0.provider,
        ue1_0.status,
        ue1_0.updated_at,
        ue1_0.user_image_url 
    from
        users ue1_0 
    where
        ue1_0.email=?
2026-06-08 16:40:41 DEBUG SQL:135 - 
    select
        r1_0.user_id,
        r1_1.id,
        r1_1.name,
        p1_0.role_id,
        p1_1.id,
        p1_1.description,
        p1_1.name 
    from
        users_roles r1_0 
    join
        roles r1_1 
            on r1_1.id=r1_0.role_id 
    left join
        roles_permissions p1_0 
            on r1_1.id=p1_0.role_id 
    left join
        permissions p1_1 
            on p1_1.id=p1_0.permission_id 
    where
        r1_0.user_id=?
2026-06-08 16:40:41 DEBUG SQL:135 - 
    select
        we1_0.id,
        we1_0.address,
        we1_0.code,
        we1_0.created_at,
        we1_0.name,
        we1_0.status,
        we1_0.updated_at 
    from
        warehouses we1_0 
    where
        we1_0.status=?
2026-06-08 16:40:41 INFO  JwtAuthenticationFilter:79 - ⬅️ Response: GET /api/admin/warehouses/dropdown - 200
2026-06-08 16:40:59 INFO  JwtAuthenticationFilter:37 - ➡️ Request: GET /api/admin/warehouses/dropdown
2026-06-08 16:40:59 DEBUG SQL:135 - 
    select
        ue1_0.id,
        ue1_0.activation_token,
        ue1_0.code,
        ue1_0.created_at,
        ue1_0.email,
        ue1_0.full_name,
        ue1_0.password,
        ue1_0.phone,
        ue1_0.provider,
        ue1_0.status,
        ue1_0.updated_at,
        ue1_0.user_image_url 
    from
        users ue1_0 
    where
        ue1_0.email=?
2026-06-08 16:40:59 DEBUG SQL:135 - 
    select
        r1_0.user_id,
        r1_1.id,
        r1_1.name,
        p1_0.role_id,
        p1_1.id,
        p1_1.description,
        p1_1.name 
    from
        users_roles r1_0 
    join
        roles r1_1 
            on r1_1.id=r1_0.role_id 
    left join
        roles_permissions p1_0 
            on r1_1.id=p1_0.role_id 
    left join
        permissions p1_1 
            on p1_1.id=p1_0.permission_id 
    where
        r1_0.user_id=?
2026-06-08 16:40:59 DEBUG SQL:135 - 
    select
        we1_0.id,
        we1_0.address,
        we1_0.code,
        we1_0.created_at,
        we1_0.name,
        we1_0.status,
        we1_0.updated_at 
    from
        warehouses we1_0 
    where
        we1_0.status=?
2026-06-08 16:40:59 INFO  JwtAuthenticationFilter:79 - ⬅️ Response: GET /api/admin/warehouses/dropdown - 200
2026-06-08 16:41:16 INFO  JwtAuthenticationFilter:37 - ➡️ Request: GET /api/admin/warehouses/dropdown
2026-06-08 16:41:16 DEBUG SQL:135 - 
    select
        ue1_0.id,
        ue1_0.activation_token,
        ue1_0.code,
        ue1_0.created_at,
        ue1_0.email,
        ue1_0.full_name,
        ue1_0.password,
        ue1_0.phone,
        ue1_0.provider,
        ue1_0.status,
        ue1_0.updated_at,
        ue1_0.user_image_url 
    from
        users ue1_0 
    where
        ue1_0.email=?
2026-06-08 16:41:16 DEBUG SQL:135 - 
    select
        r1_0.user_id,
        r1_1.id,
        r1_1.name,
        p1_0.role_id,
        p1_1.id,
        p1_1.description,
        p1_1.name 
    from
        users_roles r1_0 
    join
        roles r1_1 
            on r1_1.id=r1_0.role_id 
    left join
        roles_permissions p1_0 
            on r1_1.id=p1_0.role_id 
    left join
        permissions p1_1 
            on p1_1.id=p1_0.permission_id 
    where
        r1_0.user_id=?
2026-06-08 16:41:16 DEBUG SQL:135 - 
    select
        we1_0.id,
        we1_0.address,
        we1_0.code,
        we1_0.created_at,
        we1_0.name,
        we1_0.status,
        we1_0.updated_at 
    from
        warehouses we1_0 
    where
        we1_0.status=?
2026-06-08 16:41:16 INFO  JwtAuthenticationFilter:79 - ⬅️ Response: GET /api/admin/warehouses/dropdown - 200
2026-06-08 16:41:35 INFO  JwtAuthenticationFilter:37 - ➡️ Request: GET /api/auth/account-info
2026-06-08 16:41:35 DEBUG SQL:135 - 
    select
        ue1_0.id,
        ue1_0.activation_token,
        ue1_0.code,
        ue1_0.created_at,
        ue1_0.email,
        ue1_0.full_name,
        ue1_0.password,
        ue1_0.phone,
        ue1_0.provider,
        ue1_0.status,
        ue1_0.updated_at,
        ue1_0.user_image_url 
    from
        users ue1_0 
    where
        ue1_0.email=?
2026-06-08 16:41:35 DEBUG SQL:135 - 
    select
        r1_0.user_id,
        r1_1.id,
        r1_1.name,
        p1_0.role_id,
        p1_1.id,
        p1_1.description,
        p1_1.name 
    from
        users_roles r1_0 
    join
        roles r1_1 
            on r1_1.id=r1_0.role_id 
    left join
        roles_permissions p1_0 
            on r1_1.id=p1_0.role_id 
    left join
        permissions p1_1 
            on p1_1.id=p1_0.permission_id 
    where
        r1_0.user_id=?
2026-06-08 16:41:35 INFO  JwtAuthenticationFilter:79 - ⬅️ Response: GET /api/auth/account-info - 200
2026-06-08 16:41:35 INFO  JwtAuthenticationFilter:37 - ➡️ Request: GET /api/admin/warehouses/dropdown
2026-06-08 16:41:35 DEBUG SQL:135 - 
    select
        ue1_0.id,
        ue1_0.activation_token,
        ue1_0.code,
        ue1_0.created_at,
        ue1_0.email,
        ue1_0.full_name,
        ue1_0.password,
        ue1_0.phone,
        ue1_0.provider,
        ue1_0.status,
        ue1_0.updated_at,
        ue1_0.user_image_url 
    from
        users ue1_0 
    where
        ue1_0.email=?
2026-06-08 16:41:35 DEBUG SQL:135 - 
    select
        r1_0.user_id,
        r1_1.id,
        r1_1.name,
        p1_0.role_id,
        p1_1.id,
        p1_1.description,
        p1_1.name 
    from
        users_roles r1_0 
    join
        roles r1_1 
            on r1_1.id=r1_0.role_id 
    left join
        roles_permissions p1_0 
            on r1_1.id=p1_0.role_id 
    left join
        permissions p1_1 
            on p1_1.id=p1_0.permission_id 
    where
        r1_0.user_id=?
2026-06-08 16:41:35 DEBUG SQL:135 - 
    select
        we1_0.id,
        we1_0.address,
        we1_0.code,
        we1_0.created_at,
        we1_0.name,
        we1_0.status,
        we1_0.updated_at 
    from
        warehouses we1_0 
    where
        we1_0.status=?
2026-06-08 16:41:35 INFO  JwtAuthenticationFilter:79 - ⬅️ Response: GET /api/admin/warehouses/dropdown - 200
2026-06-08 16:41:35 INFO  JwtAuthenticationFilter:37 - ➡️ Request: GET /api/auth/account-info
2026-06-08 16:41:35 DEBUG SQL:135 - 
    select
        ue1_0.id,
        ue1_0.activation_token,
        ue1_0.code,
        ue1_0.created_at,
        ue1_0.email,
        ue1_0.full_name,
        ue1_0.password,
        ue1_0.phone,
        ue1_0.provider,
        ue1_0.status,
        ue1_0.updated_at,
        ue1_0.user_image_url 
    from
        users ue1_0 
    where
        ue1_0.email=?
2026-06-08 16:41:35 DEBUG SQL:135 - 
    select
        r1_0.user_id,
        r1_1.id,
        r1_1.name,
        p1_0.role_id,
        p1_1.id,
        p1_1.description,
        p1_1.name 
    from
        users_roles r1_0 
    join
        roles r1_1 
            on r1_1.id=r1_0.role_id 
    left join
        roles_permissions p1_0 
            on r1_1.id=p1_0.role_id 
    left join
        permissions p1_1 
            on p1_1.id=p1_0.permission_id 
    where
        r1_0.user_id=?
2026-06-08 16:41:35 INFO  JwtAuthenticationFilter:79 - ⬅️ Response: GET /api/auth/account-info - 200
2026-06-08 16:41:35 INFO  JwtAuthenticationFilter:37 - ➡️ Request: GET /api/auth/account-info
2026-06-08 16:41:35 DEBUG SQL:135 - 
    select
        ue1_0.id,
        ue1_0.activation_token,
        ue1_0.code,
        ue1_0.created_at,
        ue1_0.email,
        ue1_0.full_name,
        ue1_0.password,
        ue1_0.phone,
        ue1_0.provider,
        ue1_0.status,
        ue1_0.updated_at,
        ue1_0.user_image_url 
    from
        users ue1_0 
    where
        ue1_0.email=?
2026-06-08 16:41:35 DEBUG SQL:135 - 
    select
        r1_0.user_id,
        r1_1.id,
        r1_1.name,
        p1_0.role_id,
        p1_1.id,
        p1_1.description,
        p1_1.name 
    from
        users_roles r1_0 
    join
        roles r1_1 
            on r1_1.id=r1_0.role_id 
    left join
        roles_permissions p1_0 
            on r1_1.id=p1_0.role_id 
    left join
        permissions p1_1 
            on p1_1.id=p1_0.permission_id 
    where
        r1_0.user_id=?
2026-06-08 16:41:35 INFO  JwtAuthenticationFilter:79 - ⬅️ Response: GET /api/auth/account-info - 200
2026-06-08 16:41:35 INFO  JwtAuthenticationFilter:37 - ➡️ Request: GET /api/auth/account-info
2026-06-08 16:41:35 DEBUG SQL:135 - 
    select
        ue1_0.id,
        ue1_0.activation_token,
        ue1_0.code,
        ue1_0.created_at,
        ue1_0.email,
        ue1_0.full_name,
        ue1_0.password,
        ue1_0.phone,
        ue1_0.provider,
        ue1_0.status,
        ue1_0.updated_at,
        ue1_0.user_image_url 
    from
        users ue1_0 
    where
        ue1_0.email=?
2026-06-08 16:41:35 DEBUG SQL:135 - 
    select
        r1_0.user_id,
        r1_1.id,
        r1_1.name,
        p1_0.role_id,
        p1_1.id,
        p1_1.description,
        p1_1.name 
    from
        users_roles r1_0 
    join
        roles r1_1 
            on r1_1.id=r1_0.role_id 
    left join
        roles_permissions p1_0 
            on r1_1.id=p1_0.role_id 
    left join
        permissions p1_1 
            on p1_1.id=p1_0.permission_id 
    where
        r1_0.user_id=?
2026-06-08 16:41:35 INFO  JwtAuthenticationFilter:79 - ⬅️ Response: GET /api/auth/account-info - 200
2026-06-08 16:41:35 INFO  JwtAuthenticationFilter:37 - ➡️ Request: GET /api/auth/account-info
2026-06-08 16:41:35 DEBUG SQL:135 - 
    select
        ue1_0.id,
        ue1_0.activation_token,
        ue1_0.code,
        ue1_0.created_at,
        ue1_0.email,
        ue1_0.full_name,
        ue1_0.password,
        ue1_0.phone,
        ue1_0.provider,
        ue1_0.status,
        ue1_0.updated_at,
        ue1_0.user_image_url 
    from
        users ue1_0 
    where
        ue1_0.email=?
2026-06-08 16:41:35 DEBUG SQL:135 - 
    select
        r1_0.user_id,
        r1_1.id,
        r1_1.name,
        p1_0.role_id,
        p1_1.id,
        p1_1.description,
        p1_1.name 
    from
        users_roles r1_0 
    join
        roles r1_1 
            on r1_1.id=r1_0.role_id 
    left join
        roles_permissions p1_0 
            on r1_1.id=p1_0.role_id 
    left join
        permissions p1_1 
            on p1_1.id=p1_0.permission_id 
    where
        r1_0.user_id=?
2026-06-08 16:41:35 INFO  JwtAuthenticationFilter:79 - ⬅️ Response: GET /api/auth/account-info - 200
2026-06-08 16:41:36 INFO  JwtAuthenticationFilter:37 - ➡️ Request: GET /api/auth/account-info
2026-06-08 16:41:36 DEBUG SQL:135 - 
    select
        ue1_0.id,
        ue1_0.activation_token,
        ue1_0.code,
        ue1_0.created_at,
        ue1_0.email,
        ue1_0.full_name,
        ue1_0.password,
        ue1_0.phone,
        ue1_0.provider,
        ue1_0.status,
        ue1_0.updated_at,
        ue1_0.user_image_url 
    from
        users ue1_0 
    where
        ue1_0.email=?
2026-06-08 16:41:36 DEBUG SQL:135 - 
    select
        r1_0.user_id,
        r1_1.id,
        r1_1.name,
        p1_0.role_id,
        p1_1.id,
        p1_1.description,
        p1_1.name 
    from
        users_roles r1_0 
    join
        roles r1_1 
            on r1_1.id=r1_0.role_id 
    left join
        roles_permissions p1_0 
            on r1_1.id=p1_0.role_id 
    left join
        permissions p1_1 
            on p1_1.id=p1_0.permission_id 
    where
        r1_0.user_id=?
2026-06-08 16:41:36 INFO  JwtAuthenticationFilter:79 - ⬅️ Response: GET /api/auth/account-info - 200
2026-06-08 16:41:36 INFO  JwtAuthenticationFilter:37 - ➡️ Request: GET /api/auth/account-info
2026-06-08 16:41:36 DEBUG SQL:135 - 
    select
        ue1_0.id,
        ue1_0.activation_token,
        ue1_0.code,
        ue1_0.created_at,
        ue1_0.email,
        ue1_0.full_name,
        ue1_0.password,
        ue1_0.phone,
        ue1_0.provider,
        ue1_0.status,
        ue1_0.updated_at,
        ue1_0.user_image_url 
    from
        users ue1_0 
    where
        ue1_0.email=?
2026-06-08 16:41:36 DEBUG SQL:135 - 
    select
        r1_0.user_id,
        r1_1.id,
        r1_1.name,
        p1_0.role_id,
        p1_1.id,
        p1_1.description,
        p1_1.name 
    from
        users_roles r1_0 
    join
        roles r1_1 
            on r1_1.id=r1_0.role_id 
    left join
        roles_permissions p1_0 
            on r1_1.id=p1_0.role_id 
    left join
        permissions p1_1 
            on p1_1.id=p1_0.permission_id 
    where
        r1_0.user_id=?
2026-06-08 16:41:36 INFO  JwtAuthenticationFilter:79 - ⬅️ Response: GET /api/auth/account-info - 200
2026-06-08 16:41:36 INFO  JwtAuthenticationFilter:37 - ➡️ Request: GET /api/auth/account-info
2026-06-08 16:41:36 DEBUG SQL:135 - 
    select
        ue1_0.id,
        ue1_0.activation_token,
        ue1_0.code,
        ue1_0.created_at,
        ue1_0.email,
        ue1_0.full_name,
        ue1_0.password,
        ue1_0.phone,
        ue1_0.provider,
        ue1_0.status,
        ue1_0.updated_at,
        ue1_0.user_image_url 
    from
        users ue1_0 
    where
        ue1_0.email=?
2026-06-08 16:41:36 DEBUG SQL:135 - 
    select
        r1_0.user_id,
        r1_1.id,
        r1_1.name,
        p1_0.role_id,
        p1_1.id,
        p1_1.description,
        p1_1.name 
    from
        users_roles r1_0 
    join
        roles r1_1 
            on r1_1.id=r1_0.role_id 
    left join
        roles_permissions p1_0 
            on r1_1.id=p1_0.role_id 
    left join
        permissions p1_1 
            on p1_1.id=p1_0.permission_id 
    where
        r1_0.user_id=?
2026-06-08 16:41:36 INFO  JwtAuthenticationFilter:79 - ⬅️ Response: GET /api/auth/account-info - 200
2026-06-08 16:41:36 INFO  JwtAuthenticationFilter:37 - ➡️ Request: GET /api/auth/account-info
2026-06-08 16:41:36 DEBUG SQL:135 - 
    select
        ue1_0.id,
        ue1_0.activation_token,
        ue1_0.code,
        ue1_0.created_at,
        ue1_0.email,
        ue1_0.full_name,
        ue1_0.password,
        ue1_0.phone,
        ue1_0.provider,
        ue1_0.status,
        ue1_0.updated_at,
        ue1_0.user_image_url 
    from
        users ue1_0 
    where
        ue1_0.email=?
2026-06-08 16:41:36 DEBUG SQL:135 - 
    select
        r1_0.user_id,
        r1_1.id,
        r1_1.name,
        p1_0.role_id,
        p1_1.id,
        p1_1.description,
        p1_1.name 
    from
        users_roles r1_0 
    join
        roles r1_1 
            on r1_1.id=r1_0.role_id 
    left join
        roles_permissions p1_0 
            on r1_1.id=p1_0.role_id 
    left join
        permissions p1_1 
            on p1_1.id=p1_0.permission_id 
    where
        r1_0.user_id=?
2026-06-08 16:41:36 INFO  JwtAuthenticationFilter:79 - ⬅️ Response: GET /api/auth/account-info - 200
2026-06-08 16:41:36 INFO  JwtAuthenticationFilter:37 - ➡️ Request: GET /api/auth/account-info
2026-06-08 16:41:36 DEBUG SQL:135 - 
    select
        ue1_0.id,
        ue1_0.activation_token,
        ue1_0.code,
        ue1_0.created_at,
        ue1_0.email,
        ue1_0.full_name,
        ue1_0.password,
        ue1_0.phone,
        ue1_0.provider,
        ue1_0.status,
        ue1_0.updated_at,
        ue1_0.user_image_url 
    from
        users ue1_0 
    where
        ue1_0.email=?
2026-06-08 16:41:36 DEBUG SQL:135 - 
    select
        r1_0.user_id,
        r1_1.id,
        r1_1.name,
        p1_0.role_id,
        p1_1.id,
        p1_1.description,
        p1_1.name 
    from
        users_roles r1_0 
    join
        roles r1_1 
            on r1_1.id=r1_0.role_id 
    left join
        roles_permissions p1_0 
            on r1_1.id=p1_0.role_id 
    left join
        permissions p1_1 
            on p1_1.id=p1_0.permission_id 
    where
        r1_0.user_id=?
2026-06-08 16:41:36 INFO  JwtAuthenticationFilter:79 - ⬅️ Response: GET /api/auth/account-info - 200
2026-06-08 16:41:36 INFO  JwtAuthenticationFilter:37 - ➡️ Request: GET /api/auth/account-info
2026-06-08 16:41:36 DEBUG SQL:135 - 
    select
        ue1_0.id,
        ue1_0.activation_token,
        ue1_0.code,
        ue1_0.created_at,
        ue1_0.email,
        ue1_0.full_name,
        ue1_0.password,
        ue1_0.phone,
        ue1_0.provider,
        ue1_0.status,
        ue1_0.updated_at,
        ue1_0.user_image_url 
    from
        users ue1_0 
    where
        ue1_0.email=?
2026-06-08 16:41:36 DEBUG SQL:135 - 
    select
        r1_0.user_id,
        r1_1.id,
        r1_1.name,
        p1_0.role_id,
        p1_1.id,
        p1_1.description,
        p1_1.name 
    from
        users_roles r1_0 
    join
        roles r1_1 
            on r1_1.id=r1_0.role_id 
    left join
        roles_permissions p1_0 
            on r1_1.id=p1_0.role_id 
    left join
        permissions p1_1 
            on p1_1.id=p1_0.permission_id 
    where
        r1_0.user_id=?
2026-06-08 16:41:36 INFO  JwtAuthenticationFilter:79 - ⬅️ Response: GET /api/auth/account-info - 200
2026-06-08 16:41:36 INFO  JwtAuthenticationFilter:37 - ➡️ Request: GET /api/auth/account-info
2026-06-08 16:41:36 DEBUG SQL:135 - 
    select
        ue1_0.id,
        ue1_0.activation_token,
        ue1_0.code,
        ue1_0.created_at,
        ue1_0.email,
        ue1_0.full_name,
        ue1_0.password,
        ue1_0.phone,
        ue1_0.provider,
        ue1_0.status,
        ue1_0.updated_at,
        ue1_0.user_image_url 
    from
        users ue1_0 
    where
        ue1_0.email=?
2026-06-08 16:41:36 DEBUG SQL:135 - 
    select
        r1_0.user_id,
        r1_1.id,
        r1_1.name,
        p1_0.role_id,
        p1_1.id,
        p1_1.description,
        p1_1.name 
    from
        users_roles r1_0 
    join
        roles r1_1 
            on r1_1.id=r1_0.role_id 
    left join
        roles_permissions p1_0 
            on r1_1.id=p1_0.role_id 
    left join
        permissions p1_1 
            on p1_1.id=p1_0.permission_id 
    where
        r1_0.user_id=?
2026-06-08 16:41:36 INFO  JwtAuthenticationFilter:79 - ⬅️ Response: GET /api/auth/account-info - 200
2026-06-08 16:41:36 INFO  JwtAuthenticationFilter:37 - ➡️ Request: GET /api/auth/account-info
2026-06-08 16:41:36 DEBUG SQL:135 - 
    select
        ue1_0.id,
        ue1_0.activation_token,
        ue1_0.code,
        ue1_0.created_at,
        ue1_0.email,
        ue1_0.full_name,
        ue1_0.password,
        ue1_0.phone,
        ue1_0.provider,
        ue1_0.status,
        ue1_0.updated_at,
        ue1_0.user_image_url 
    from
        users ue1_0 
    where
        ue1_0.email=?
2026-06-08 16:41:36 DEBUG SQL:135 - 
    select
        r1_0.user_id,
        r1_1.id,
        r1_1.name,
        p1_0.role_id,
        p1_1.id,
        p1_1.description,
        p1_1.name 
    from
        users_roles r1_0 
    join
        roles r1_1 
            on r1_1.id=r1_0.role_id 
    left join
        roles_permissions p1_0 
            on r1_1.id=p1_0.role_id 
    left join
        permissions p1_1 
            on p1_1.id=p1_0.permission_id 
    where
        r1_0.user_id=?
2026-06-08 16:41:36 INFO  JwtAuthenticationFilter:79 - ⬅️ Response: GET /api/auth/account-info - 200
2026-06-08 16:41:36 INFO  JwtAuthenticationFilter:37 - ➡️ Request: GET /api/auth/account-info
2026-06-08 16:41:36 DEBUG SQL:135 - 
    select
        ue1_0.id,
        ue1_0.activation_token,
        ue1_0.code,
        ue1_0.created_at,
        ue1_0.email,
        ue1_0.full_name,
        ue1_0.password,
        ue1_0.phone,
        ue1_0.provider,
        ue1_0.status,
        ue1_0.updated_at,
        ue1_0.user_image_url 
    from
        users ue1_0 
    where
        ue1_0.email=?
2026-06-08 16:41:36 DEBUG SQL:135 - 
    select
        r1_0.user_id,
        r1_1.id,
        r1_1.name,
        p1_0.role_id,
        p1_1.id,
        p1_1.description,
        p1_1.name 
    from
        users_roles r1_0 
    join
        roles r1_1 
            on r1_1.id=r1_0.role_id 
    left join
        roles_permissions p1_0 
            on r1_1.id=p1_0.role_id 
    left join
        permissions p1_1 
            on p1_1.id=p1_0.permission_id 
    where
        r1_0.user_id=?
2026-06-08 16:41:36 INFO  JwtAuthenticationFilter:79 - ⬅️ Response: GET /api/auth/account-info - 200
2026-06-08 16:41:36 INFO  JwtAuthenticationFilter:37 - ➡️ Request: GET /api/auth/account-info
2026-06-08 16:41:36 DEBUG SQL:135 - 
    select
        ue1_0.id,
        ue1_0.activation_token,
        ue1_0.code,
        ue1_0.created_at,
        ue1_0.email,
        ue1_0.full_name,
        ue1_0.password,
        ue1_0.phone,
        ue1_0.provider,
        ue1_0.status,
        ue1_0.updated_at,
        ue1_0.user_image_url 
    from
        users ue1_0 
    where
        ue1_0.email=?
2026-06-08 16:41:36 DEBUG SQL:135 - 
    select
        r1_0.user_id,
        r1_1.id,
        r1_1.name,
        p1_0.role_id,
        p1_1.id,
        p1_1.description,
        p1_1.name 
    from
        users_roles r1_0 
    join
        roles r1_1 
            on r1_1.id=r1_0.role_id 
    left join
        roles_permissions p1_0 
            on r1_1.id=p1_0.role_id 
    left join
        permissions p1_1 
            on p1_1.id=p1_0.permission_id 
    where
        r1_0.user_id=?
2026-06-08 16:41:36 INFO  JwtAuthenticationFilter:79 - ⬅️ Response: GET /api/auth/account-info - 200
2026-06-08 16:41:36 INFO  JwtAuthenticationFilter:37 - ➡️ Request: GET /api/auth/account-info
2026-06-08 16:41:36 DEBUG SQL:135 - 
    select
        ue1_0.id,
        ue1_0.activation_token,
        ue1_0.code,
        ue1_0.created_at,
        ue1_0.email,
        ue1_0.full_name,
        ue1_0.password,
        ue1_0.phone,
        ue1_0.provider,
        ue1_0.status,
        ue1_0.updated_at,
        ue1_0.user_image_url 
    from
        users ue1_0 
    where
        ue1_0.email=?
2026-06-08 16:41:36 DEBUG SQL:135 - 
    select
        r1_0.user_id,
        r1_1.id,
        r1_1.name,
        p1_0.role_id,
        p1_1.id,
        p1_1.description,
        p1_1.name 
    from
        users_roles r1_0 
    join
        roles r1_1 
            on r1_1.id=r1_0.role_id 
    left join
        roles_permissions p1_0 
            on r1_1.id=p1_0.role_id 
    left join
        permissions p1_1 
            on p1_1.id=p1_0.permission_id 
    where
        r1_0.user_id=?
2026-06-08 16:41:36 INFO  JwtAuthenticationFilter:79 - ⬅️ Response: GET /api/auth/account-info - 200
2026-06-08 16:41:36 INFO  JwtAuthenticationFilter:37 - ➡️ Request: GET /api/auth/account-info
2026-06-08 16:41:36 DEBUG SQL:135 - 
    select
        ue1_0.id,
        ue1_0.activation_token,
        ue1_0.code,
        ue1_0.created_at,
        ue1_0.email,
        ue1_0.full_name,
        ue1_0.password,
        ue1_0.phone,
        ue1_0.provider,
        ue1_0.status,
        ue1_0.updated_at,
        ue1_0.user_image_url 
    from
        users ue1_0 
    where
        ue1_0.email=?
2026-06-08 16:41:36 DEBUG SQL:135 - 
    select
        r1_0.user_id,
        r1_1.id,
        r1_1.name,
        p1_0.role_id,
        p1_1.id,
        p1_1.description,
        p1_1.name 
    from
        users_roles r1_0 
    join
        roles r1_1 
            on r1_1.id=r1_0.role_id 
    left join
        roles_permissions p1_0 
            on r1_1.id=p1_0.role_id 
    left join
        permissions p1_1 
            on p1_1.id=p1_0.permission_id 
    where
        r1_0.user_id=?
2026-06-08 16:41:36 INFO  JwtAuthenticationFilter:79 - ⬅️ Response: GET /api/auth/account-info - 200
2026-06-08 16:41:36 INFO  JwtAuthenticationFilter:37 - ➡️ Request: GET /api/auth/account-info
2026-06-08 16:41:36 DEBUG SQL:135 - 
    select
        ue1_0.id,
        ue1_0.activation_token,
        ue1_0.code,
        ue1_0.created_at,
        ue1_0.email,
        ue1_0.full_name,
        ue1_0.password,
        ue1_0.phone,
        ue1_0.provider,
        ue1_0.status,
        ue1_0.updated_at,
        ue1_0.user_image_url 
    from
        users ue1_0 
    where
        ue1_0.email=?
2026-06-08 16:41:36 DEBUG SQL:135 - 
    select
        r1_0.user_id,
        r1_1.id,
        r1_1.name,
        p1_0.role_id,
        p1_1.id,
        p1_1.description,
        p1_1.name 
    from
        users_roles r1_0 
    join
        roles r1_1 
            on r1_1.id=r1_0.role_id 
    left join
        roles_permissions p1_0 
            on r1_1.id=p1_0.role_id 
    left join
        permissions p1_1 
            on p1_1.id=p1_0.permission_id 
    where
        r1_0.user_id=?
2026-06-08 16:41:36 INFO  JwtAuthenticationFilter:79 - ⬅️ Response: GET /api/auth/account-info - 200
2026-06-08 16:41:36 INFO  JwtAuthenticationFilter:37 - ➡️ Request: GET /api/auth/account-info
2026-06-08 16:41:36 DEBUG SQL:135 - 
    select
        ue1_0.id,
        ue1_0.activation_token,
        ue1_0.code,
        ue1_0.created_at,
        ue1_0.email,
        ue1_0.full_name,
        ue1_0.password,
        ue1_0.phone,
        ue1_0.provider,
        ue1_0.status,
        ue1_0.updated_at,
        ue1_0.user_image_url 
    from
        users ue1_0 
    where
        ue1_0.email=?
2026-06-08 16:41:36 DEBUG SQL:135 - 
    select
        r1_0.user_id,
        r1_1.id,
        r1_1.name,
        p1_0.role_id,
        p1_1.id,
        p1_1.description,
        p1_1.name 
    from
        users_roles r1_0 
    join
        roles r1_1 
            on r1_1.id=r1_0.role_id 
    left join
        roles_permissions p1_0 
            on r1_1.id=p1_0.role_id 
    left join
        permissions p1_1 
            on p1_1.id=p1_0.permission_id 
    where
        r1_0.user_id=?
2026-06-08 16:41:36 INFO  JwtAuthenticationFilter:79 - ⬅️ Response: GET /api/auth/account-info - 200
2026-06-08 16:41:36 INFO  JwtAuthenticationFilter:37 - ➡️ Request: GET /api/auth/account-info
2026-06-08 16:41:36 DEBUG SQL:135 - 
    select
        ue1_0.id,
        ue1_0.activation_token,
        ue1_0.code,
        ue1_0.created_at,
        ue1_0.email,
        ue1_0.full_name,
        ue1_0.password,
        ue1_0.phone,
        ue1_0.provider,
        ue1_0.status,
        ue1_0.updated_at,
        ue1_0.user_image_url 
    from
        users ue1_0 
    where
        ue1_0.email=?
2026-06-08 16:41:36 DEBUG SQL:135 - 
    select
        r1_0.user_id,
        r1_1.id,
        r1_1.name,
        p1_0.role_id,
        p1_1.id,
        p1_1.description,
        p1_1.name 
    from
        users_roles r1_0 
    join
        roles r1_1 
            on r1_1.id=r1_0.role_id 
    left join
        roles_permissions p1_0 
            on r1_1.id=p1_0.role_id 
    left join
        permissions p1_1 
            on p1_1.id=p1_0.permission_id 
    where
        r1_0.user_id=?
2026-06-08 16:41:36 INFO  JwtAuthenticationFilter:79 - ⬅️ Response: GET /api/auth/account-info - 200
2026-06-08 16:41:36 INFO  JwtAuthenticationFilter:37 - ➡️ Request: GET /api/auth/account-info
2026-06-08 16:41:36 DEBUG SQL:135 - 
    select
        ue1_0.id,
        ue1_0.activation_token,
        ue1_0.code,
        ue1_0.created_at,
        ue1_0.email,
        ue1_0.full_name,
        ue1_0.password,
        ue1_0.phone,
        ue1_0.provider,
        ue1_0.status,
        ue1_0.updated_at,
        ue1_0.user_image_url 
    from
        users ue1_0 
    where
        ue1_0.email=?
2026-06-08 16:41:36 DEBUG SQL:135 - 
    select
        r1_0.user_id,
        r1_1.id,
        r1_1.name,
        p1_0.role_id,
        p1_1.id,
        p1_1.description,
        p1_1.name 
    from
        users_roles r1_0 
    join
        roles r1_1 
            on r1_1.id=r1_0.role_id 
    left join
        roles_permissions p1_0 
            on r1_1.id=p1_0.role_id 
    left join
        permissions p1_1 
            on p1_1.id=p1_0.permission_id 
    where
        r1_0.user_id=?
2026-06-08 16:41:36 INFO  JwtAuthenticationFilter:79 - ⬅️ Response: GET /api/auth/account-info - 200
2026-06-08 16:41:36 INFO  JwtAuthenticationFilter:37 - ➡️ Request: GET /api/auth/account-info
2026-06-08 16:41:36 DEBUG SQL:135 - 
    select
        ue1_0.id,
        ue1_0.activation_token,
        ue1_0.code,
        ue1_0.created_at,
        ue1_0.email,
        ue1_0.full_name,
        ue1_0.password,
        ue1_0.phone,
        ue1_0.provider,
        ue1_0.status,
        ue1_0.updated_at,
        ue1_0.user_image_url 
    from
        users ue1_0 
    where
        ue1_0.email=?
2026-06-08 16:41:36 DEBUG SQL:135 - 
    select
        r1_0.user_id,
        r1_1.id,
        r1_1.name,
        p1_0.role_id,
        p1_1.id,
        p1_1.description,
        p1_1.name 
    from
        users_roles r1_0 
    join
        roles r1_1 
            on r1_1.id=r1_0.role_id 
    left join
        roles_permissions p1_0 
            on r1_1.id=p1_0.role_id 
    left join
        permissions p1_1 
            on p1_1.id=p1_0.permission_id 
    where
        r1_0.user_id=?
2026-06-08 16:41:36 INFO  JwtAuthenticationFilter:79 - ⬅️ Response: GET /api/auth/account-info - 200
2026-06-08 16:41:36 INFO  JwtAuthenticationFilter:37 - ➡️ Request: GET /api/auth/account-info
2026-06-08 16:41:36 DEBUG SQL:135 - 
    select
        ue1_0.id,
        ue1_0.activation_token,
        ue1_0.code,
        ue1_0.created_at,
        ue1_0.email,
        ue1_0.full_name,
        ue1_0.password,
        ue1_0.phone,
        ue1_0.provider,
        ue1_0.status,
        ue1_0.updated_at,
        ue1_0.user_image_url 
    from
        users ue1_0 
    where
        ue1_0.email=?
2026-06-08 16:41:36 DEBUG SQL:135 - 
    select
        r1_0.user_id,
        r1_1.id,
        r1_1.name,
        p1_0.role_id,
        p1_1.id,
        p1_1.description,
        p1_1.name 
    from
        users_roles r1_0 
    join
        roles r1_1 
            on r1_1.id=r1_0.role_id 
    left join
        roles_permissions p1_0 
            on r1_1.id=p1_0.role_id 
    left join
        permissions p1_1 
            on p1_1.id=p1_0.permission_id 
    where
        r1_0.user_id=?
2026-06-08 16:41:36 INFO  JwtAuthenticationFilter:79 - ⬅️ Response: GET /api/auth/account-info - 200
2026-06-08 16:41:36 INFO  JwtAuthenticationFilter:37 - ➡️ Request: GET /api/auth/account-info
2026-06-08 16:41:36 DEBUG SQL:135 - 
    select
        ue1_0.id,
        ue1_0.activation_token,
        ue1_0.code,
        ue1_0.created_at,
        ue1_0.email,
        ue1_0.full_name,
        ue1_0.password,
        ue1_0.phone,
        ue1_0.provider,
        ue1_0.status,
        ue1_0.updated_at,
        ue1_0.user_image_url 
    from
        users ue1_0 
    where
        ue1_0.email=?
2026-06-08 16:41:36 DEBUG SQL:135 - 
    select
        r1_0.user_id,
        r1_1.id,
        r1_1.name,
        p1_0.role_id,
        p1_1.id,
        p1_1.description,
        p1_1.name 
    from
        users_roles r1_0 
    join
        roles r1_1 
            on r1_1.id=r1_0.role_id 
    left join
        roles_permissions p1_0 
            on r1_1.id=p1_0.role_id 
    left join
        permissions p1_1 
            on p1_1.id=p1_0.permission_id 
    where
        r1_0.user_id=?
2026-06-08 16:41:36 INFO  JwtAuthenticationFilter:79 - ⬅️ Response: GET /api/auth/account-info - 200
2026-06-08 16:41:36 INFO  JwtAuthenticationFilter:37 - ➡️ Request: GET /api/auth/account-info
2026-06-08 16:41:36 DEBUG SQL:135 - 
    select
        ue1_0.id,
        ue1_0.activation_token,
        ue1_0.code,
        ue1_0.created_at,
        ue1_0.email,
        ue1_0.full_name,
        ue1_0.password,
        ue1_0.phone,
        ue1_0.provider,
        ue1_0.status,
        ue1_0.updated_at,
        ue1_0.user_image_url 
    from
        users ue1_0 
    where
        ue1_0.email=?
2026-06-08 16:41:36 DEBUG SQL:135 - 
    select
        r1_0.user_id,
        r1_1.id,
        r1_1.name,
        p1_0.role_id,
        p1_1.id,
        p1_1.description,
        p1_1.name 
    from
        users_roles r1_0 
    join
        roles r1_1 
            on r1_1.id=r1_0.role_id 
    left join
        roles_permissions p1_0 
            on r1_1.id=p1_0.role_id 
    left join
        permissions p1_1 
            on p1_1.id=p1_0.permission_id 
    where
        r1_0.user_id=?
2026-06-08 16:41:36 INFO  JwtAuthenticationFilter:79 - ⬅️ Response: GET /api/auth/account-info - 200
2026-06-08 16:41:36 INFO  JwtAuthenticationFilter:37 - ➡️ Request: GET /api/auth/account-info
2026-06-08 16:41:36 DEBUG SQL:135 - 
    select
        ue1_0.id,
        ue1_0.activation_token,
        ue1_0.code,
        ue1_0.created_at,
        ue1_0.email,
        ue1_0.full_name,
        ue1_0.password,
        ue1_0.phone,
        ue1_0.provider,
        ue1_0.status,
        ue1_0.updated_at,
        ue1_0.user_image_url 
    from
        users ue1_0 
    where
        ue1_0.email=?
2026-06-08 16:41:36 DEBUG SQL:135 - 
    select
        r1_0.user_id,
        r1_1.id,
        r1_1.name,
        p1_0.role_id,
        p1_1.id,
        p1_1.description,
        p1_1.name 
    from
        users_roles r1_0 
    join
        roles r1_1 
            on r1_1.id=r1_0.role_id 
    left join
        roles_permissions p1_0 
            on r1_1.id=p1_0.role_id 
    left join
        permissions p1_1 
            on p1_1.id=p1_0.permission_id 
    where
        r1_0.user_id=?
2026-06-08 16:41:36 INFO  JwtAuthenticationFilter:79 - ⬅️ Response: GET /api/auth/account-info - 200
2026-06-08 16:41:36 INFO  JwtAuthenticationFilter:37 - ➡️ Request: GET /api/auth/account-info
2026-06-08 16:41:36 DEBUG SQL:135 - 
    select
        ue1_0.id,
        ue1_0.activation_token,
        ue1_0.code,
        ue1_0.created_at,
        ue1_0.email,
        ue1_0.full_name,
        ue1_0.password,
        ue1_0.phone,
        ue1_0.provider,
        ue1_0.status,
        ue1_0.updated_at,
        ue1_0.user_image_url 
    from
        users ue1_0 
    where
        ue1_0.email=?
2026-06-08 16:41:36 DEBUG SQL:135 - 
    select
        r1_0.user_id,
        r1_1.id,
        r1_1.name,
        p1_0.role_id,
        p1_1.id,
        p1_1.description,
        p1_1.name 
    from
        users_roles r1_0 
    join
        roles r1_1 
            on r1_1.id=r1_0.role_id 
    left join
        roles_permissions p1_0 
            on r1_1.id=p1_0.role_id 
    left join
        permissions p1_1 
            on p1_1.id=p1_0.permission_id 
    where
        r1_0.user_id=?
2026-06-08 16:41:36 INFO  JwtAuthenticationFilter:79 - ⬅️ Response: GET /api/auth/account-info - 200
2026-06-08 16:41:36 INFO  JwtAuthenticationFilter:37 - ➡️ Request: GET /api/auth/account-info
2026-06-08 16:41:36 DEBUG SQL:135 - 
    select
        ue1_0.id,
        ue1_0.activation_token,
        ue1_0.code,
        ue1_0.created_at,
        ue1_0.email,
        ue1_0.full_name,
        ue1_0.password,
        ue1_0.phone,
        ue1_0.provider,
        ue1_0.status,
        ue1_0.updated_at,
        ue1_0.user_image_url 
    from
        users ue1_0 
    where
        ue1_0.email=?
2026-06-08 16:41:36 DEBUG SQL:135 - 
    select
        r1_0.user_id,
        r1_1.id,
        r1_1.name,
        p1_0.role_id,
        p1_1.id,
        p1_1.description,
        p1_1.name 
    from
        users_roles r1_0 
    join
        roles r1_1 
            on r1_1.id=r1_0.role_id 
    left join
        roles_permissions p1_0 
            on r1_1.id=p1_0.role_id 
    left join
        permissions p1_1 
            on p1_1.id=p1_0.permission_id 
    where
        r1_0.user_id=?
2026-06-08 16:41:36 INFO  JwtAuthenticationFilter:79 - ⬅️ Response: GET /api/auth/account-info - 200
2026-06-08 16:41:36 INFO  JwtAuthenticationFilter:37 - ➡️ Request: GET /api/auth/account-info
2026-06-08 16:41:36 DEBUG SQL:135 - 
    select
        ue1_0.id,
        ue1_0.activation_token,
        ue1_0.code,
        ue1_0.created_at,
        ue1_0.email,
        ue1_0.full_name,
        ue1_0.password,
        ue1_0.phone,
        ue1_0.provider,
        ue1_0.status,
        ue1_0.updated_at,
        ue1_0.user_image_url 
    from
        users ue1_0 
    where
        ue1_0.email=?
2026-06-08 16:41:36 DEBUG SQL:135 - 
    select
        r1_0.user_id,
        r1_1.id,
        r1_1.name,
        p1_0.role_id,
        p1_1.id,
        p1_1.description,
        p1_1.name 
    from
        users_roles r1_0 
    join
        roles r1_1 
            on r1_1.id=r1_0.role_id 
    left join
        roles_permissions p1_0 
            on r1_1.id=p1_0.role_id 
    left join
        permissions p1_1 
            on p1_1.id=p1_0.permission_id 
    where
        r1_0.user_id=?
2026-06-08 16:41:36 INFO  JwtAuthenticationFilter:79 - ⬅️ Response: GET /api/auth/account-info - 200
2026-06-08 16:41:36 INFO  JwtAuthenticationFilter:37 - ➡️ Request: GET /api/auth/account-info
2026-06-08 16:41:36 DEBUG SQL:135 - 
    select
        ue1_0.id,
        ue1_0.activation_token,
        ue1_0.code,
        ue1_0.created_at,
        ue1_0.email,
        ue1_0.full_name,
        ue1_0.password,
        ue1_0.phone,
        ue1_0.provider,
        ue1_0.status,
        ue1_0.updated_at,
        ue1_0.user_image_url 
    from
        users ue1_0 
    where
        ue1_0.email=?
2026-06-08 16:41:36 DEBUG SQL:135 - 
    select
        r1_0.user_id,
        r1_1.id,
        r1_1.name,
        p1_0.role_id,
        p1_1.id,
        p1_1.description,
        p1_1.name 
    from
        users_roles r1_0 
    join
        roles r1_1 
            on r1_1.id=r1_0.role_id 
    left join
        roles_permissions p1_0 
            on r1_1.id=p1_0.role_id 
    left join
        permissions p1_1 
            on p1_1.id=p1_0.permission_id 
    where
        r1_0.user_id=?
2026-06-08 16:41:36 INFO  JwtAuthenticationFilter:79 - ⬅️ Response: GET /api/auth/account-info - 200
2026-06-08 16:41:36 INFO  JwtAuthenticationFilter:37 - ➡️ Request: GET /api/auth/account-info
2026-06-08 16:41:36 DEBUG SQL:135 - 
    select
        ue1_0.id,
        ue1_0.activation_token,
        ue1_0.code,
        ue1_0.created_at,
        ue1_0.email,
        ue1_0.full_name,
        ue1_0.password,
        ue1_0.phone,
        ue1_0.provider,
        ue1_0.status,
        ue1_0.updated_at,
        ue1_0.user_image_url 
    from
        users ue1_0 
    where
        ue1_0.email=?
2026-06-08 16:41:36 DEBUG SQL:135 - 
    select
        r1_0.user_id,
        r1_1.id,
        r1_1.name,
        p1_0.role_id,
        p1_1.id,
        p1_1.description,
        p1_1.name 
    from
        users_roles r1_0 
    join
        roles r1_1 
            on r1_1.id=r1_0.role_id 
    left join
        roles_permissions p1_0 
            on r1_1.id=p1_0.role_id 
    left join
        permissions p1_1 
            on p1_1.id=p1_0.permission_id 
    where
        r1_0.user_id=?
2026-06-08 16:41:36 INFO  JwtAuthenticationFilter:79 - ⬅️ Response: GET /api/auth/account-info - 200
2026-06-08 16:41:36 INFO  JwtAuthenticationFilter:37 - ➡️ Request: GET /api/auth/account-info
2026-06-08 16:41:36 DEBUG SQL:135 - 
    select
        ue1_0.id,
        ue1_0.activation_token,
        ue1_0.code,
        ue1_0.created_at,
        ue1_0.email,
        ue1_0.full_name,
        ue1_0.password,
        ue1_0.phone,
        ue1_0.provider,
        ue1_0.status,
        ue1_0.updated_at,
        ue1_0.user_image_url 
    from
        users ue1_0 
    where
        ue1_0.email=?
2026-06-08 16:41:36 DEBUG SQL:135 - 
    select
        r1_0.user_id,
        r1_1.id,
        r1_1.name,
        p1_0.role_id,
        p1_1.id,
        p1_1.description,
        p1_1.name 
    from
        users_roles r1_0 
    join
        roles r1_1 
            on r1_1.id=r1_0.role_id 
    left join
        roles_permissions p1_0 
            on r1_1.id=p1_0.role_id 
    left join
        permissions p1_1 
            on p1_1.id=p1_0.permission_id 
    where
        r1_0.user_id=?
2026-06-08 16:41:36 INFO  JwtAuthenticationFilter:79 - ⬅️ Response: GET /api/auth/account-info - 200
2026-06-08 16:41:36 INFO  JwtAuthenticationFilter:37 - ➡️ Request: GET /api/auth/account-info
2026-06-08 16:41:36 DEBUG SQL:135 - 
    select
        ue1_0.id,
        ue1_0.activation_token,
        ue1_0.code,
        ue1_0.created_at,
        ue1_0.email,
        ue1_0.full_name,
        ue1_0.password,
        ue1_0.phone,
        ue1_0.provider,
        ue1_0.status,
        ue1_0.updated_at,
        ue1_0.user_image_url 
    from
        users ue1_0 
    where
        ue1_0.email=?
2026-06-08 16:41:36 DEBUG SQL:135 - 
    select
        r1_0.user_id,
        r1_1.id,
        r1_1.name,
        p1_0.role_id,
        p1_1.id,
        p1_1.description,
        p1_1.name 
    from
        users_roles r1_0 
    join
        roles r1_1 
            on r1_1.id=r1_0.role_id 
    left join
        roles_permissions p1_0 
            on r1_1.id=p1_0.role_id 
    left join
        permissions p1_1 
            on p1_1.id=p1_0.permission_id 
    where
        r1_0.user_id=?
2026-06-08 16:41:36 INFO  JwtAuthenticationFilter:79 - ⬅️ Response: GET /api/auth/account-info - 200
2026-06-08 16:41:36 INFO  JwtAuthenticationFilter:37 - ➡️ Request: GET /api/auth/account-info
2026-06-08 16:41:36 DEBUG SQL:135 - 
    select
        ue1_0.id,
        ue1_0.activation_token,
        ue1_0.code,
        ue1_0.created_at,
        ue1_0.email,
        ue1_0.full_name,
        ue1_0.password,
        ue1_0.phone,
        ue1_0.provider,
        ue1_0.status,
        ue1_0.updated_at,
        ue1_0.user_image_url 
    from
        users ue1_0 
    where
        ue1_0.email=?
2026-06-08 16:41:36 DEBUG SQL:135 - 
    select
        r1_0.user_id,
        r1_1.id,
        r1_1.name,
        p1_0.role_id,
        p1_1.id,
        p1_1.description,
        p1_1.name 
    from
        users_roles r1_0 
    join
        roles r1_1 
            on r1_1.id=r1_0.role_id 
    left join
        roles_permissions p1_0 
            on r1_1.id=p1_0.role_id 
    left join
        permissions p1_1 
            on p1_1.id=p1_0.permission_id 
    where
        r1_0.user_id=?
2026-06-08 16:41:37 INFO  JwtAuthenticationFilter:79 - ⬅️ Response: GET /api/auth/account-info - 200
2026-06-08 16:41:37 INFO  JwtAuthenticationFilter:37 - ➡️ Request: GET /api/auth/account-info
2026-06-08 16:41:37 DEBUG SQL:135 - 
    select
        ue1_0.id,
        ue1_0.activation_token,
        ue1_0.code,
        ue1_0.created_at,
        ue1_0.email,
        ue1_0.full_name,
        ue1_0.password,
        ue1_0.phone,
        ue1_0.provider,
        ue1_0.status,
        ue1_0.updated_at,
        ue1_0.user_image_url 
    from
        users ue1_0 
    where
        ue1_0.email=?
2026-06-08 16:41:37 DEBUG SQL:135 - 
    select
        r1_0.user_id,
        r1_1.id,
        r1_1.name,
        p1_0.role_id,
        p1_1.id,
        p1_1.description,
        p1_1.name 
    from
        users_roles r1_0 
    join
        roles r1_1 
            on r1_1.id=r1_0.role_id 
    left join
        roles_permissions p1_0 
            on r1_1.id=p1_0.role_id 
    left join
        permissions p1_1 
            on p1_1.id=p1_0.permission_id 
    where
        r1_0.user_id=?
2026-06-08 16:41:37 INFO  JwtAuthenticationFilter:79 - ⬅️ Response: GET /api/auth/account-info - 200
2026-06-08 16:41:37 INFO  JwtAuthenticationFilter:37 - ➡️ Request: GET /api/auth/account-info
2026-06-08 16:41:37 DEBUG SQL:135 - 
    select
        ue1_0.id,
        ue1_0.activation_token,
        ue1_0.code,
        ue1_0.created_at,
        ue1_0.email,
        ue1_0.full_name,
        ue1_0.password,
        ue1_0.phone,
        ue1_0.provider,
        ue1_0.status,
        ue1_0.updated_at,
        ue1_0.user_image_url 
    from
        users ue1_0 
    where
        ue1_0.email=?
2026-06-08 16:41:37 DEBUG SQL:135 - 
    select
        r1_0.user_id,
        r1_1.id,
        r1_1.name,
        p1_0.role_id,
        p1_1.id,
        p1_1.description,
        p1_1.name 
    from
        users_roles r1_0 
    join
        roles r1_1 
            on r1_1.id=r1_0.role_id 
    left join
        roles_permissions p1_0 
            on r1_1.id=p1_0.role_id 
    left join
        permissions p1_1 
            on p1_1.id=p1_0.permission_id 
    where
        r1_0.user_id=?
2026-06-08 16:41:37 INFO  JwtAuthenticationFilter:79 - ⬅️ Response: GET /api/auth/account-info - 200
2026-06-08 16:41:37 INFO  JwtAuthenticationFilter:37 - ➡️ Request: GET /api/auth/account-info
2026-06-08 16:41:37 DEBUG SQL:135 - 
    select
        ue1_0.id,
        ue1_0.activation_token,
        ue1_0.code,
        ue1_0.created_at,
        ue1_0.email,
        ue1_0.full_name,
        ue1_0.password,
        ue1_0.phone,
        ue1_0.provider,
        ue1_0.status,
        ue1_0.updated_at,
        ue1_0.user_image_url 
    from
        users ue1_0 
    where
        ue1_0.email=?
2026-06-08 16:41:37 DEBUG SQL:135 - 
    select
        r1_0.user_id,
        r1_1.id,
        r1_1.name,
        p1_0.role_id,
        p1_1.id,
        p1_1.description,
        p1_1.name 
    from
        users_roles r1_0 
    join
        roles r1_1 
            on r1_1.id=r1_0.role_id 
    left join
        roles_permissions p1_0 
            on r1_1.id=p1_0.role_id 
    left join
        permissions p1_1 
            on p1_1.id=p1_0.permission_id 
    where
        r1_0.user_id=?
2026-06-08 16:41:37 INFO  JwtAuthenticationFilter:79 - ⬅️ Response: GET /api/auth/account-info - 200
2026-06-08 16:41:37 INFO  JwtAuthenticationFilter:37 - ➡️ Request: GET /api/auth/account-info
2026-06-08 16:41:37 DEBUG SQL:135 - 
    select
        ue1_0.id,
        ue1_0.activation_token,
        ue1_0.code,
        ue1_0.created_at,
        ue1_0.email,
        ue1_0.full_name,
        ue1_0.password,
        ue1_0.phone,
        ue1_0.provider,
        ue1_0.status,
        ue1_0.updated_at,
        ue1_0.user_image_url 
    from
        users ue1_0 
    where
        ue1_0.email=?
2026-06-08 16:41:37 DEBUG SQL:135 - 
    select
        r1_0.user_id,
        r1_1.id,
        r1_1.name,
        p1_0.role_id,
        p1_1.id,
        p1_1.description,
        p1_1.name 
    from
        users_roles r1_0 
    join
        roles r1_1 
            on r1_1.id=r1_0.role_id 
    left join
        roles_permissions p1_0 
            on r1_1.id=p1_0.role_id 
    left join
        permissions p1_1 
            on p1_1.id=p1_0.permission_id 
    where
        r1_0.user_id=?
2026-06-08 16:41:37 INFO  JwtAuthenticationFilter:79 - ⬅️ Response: GET /api/auth/account-info - 200
2026-06-08 16:42:46 INFO  JwtAuthenticationFilter:37 - ➡️ Request: GET /api/admin/warehouses/dropdown
2026-06-08 16:42:46 DEBUG SQL:135 - 
    select
        ue1_0.id,
        ue1_0.activation_token,
        ue1_0.code,
        ue1_0.created_at,
        ue1_0.email,
        ue1_0.full_name,
        ue1_0.password,
        ue1_0.phone,
        ue1_0.provider,
        ue1_0.status,
        ue1_0.updated_at,
        ue1_0.user_image_url 
    from
        users ue1_0 
    where
        ue1_0.email=?
2026-06-08 16:42:46 DEBUG SQL:135 - 
    select
        r1_0.user_id,
        r1_1.id,
        r1_1.name,
        p1_0.role_id,
        p1_1.id,
        p1_1.description,
        p1_1.name 
    from
        users_roles r1_0 
    join
        roles r1_1 
            on r1_1.id=r1_0.role_id 
    left join
        roles_permissions p1_0 
            on r1_1.id=p1_0.role_id 
    left join
        permissions p1_1 
            on p1_1.id=p1_0.permission_id 
    where
        r1_0.user_id=?
2026-06-08 16:42:46 DEBUG SQL:135 - 
    select
        we1_0.id,
        we1_0.address,
        we1_0.code,
        we1_0.created_at,
        we1_0.name,
        we1_0.status,
        we1_0.updated_at 
    from
        warehouses we1_0 
    where
        we1_0.status=?
2026-06-08 16:42:46 INFO  JwtAuthenticationFilter:79 - ⬅️ Response: GET /api/admin/warehouses/dropdown - 200
2026-06-08 16:42:49 INFO  JwtAuthenticationFilter:37 - ➡️ Request: GET /api/admin/stocktakes/warehouses/1/materials
2026-06-08 16:42:49 DEBUG SQL:135 - 
    select
        ue1_0.id,
        ue1_0.activation_token,
        ue1_0.code,
        ue1_0.created_at,
        ue1_0.email,
        ue1_0.full_name,
        ue1_0.password,
        ue1_0.phone,
        ue1_0.provider,
        ue1_0.status,
        ue1_0.updated_at,
        ue1_0.user_image_url 
    from
        users ue1_0 
    where
        ue1_0.email=?
2026-06-08 16:42:49 DEBUG SQL:135 - 
    select
        r1_0.user_id,
        r1_1.id,
        r1_1.name,
        p1_0.role_id,
        p1_1.id,
        p1_1.description,
        p1_1.name 
    from
        users_roles r1_0 
    join
        roles r1_1 
            on r1_1.id=r1_0.role_id 
    left join
        roles_permissions p1_0 
            on r1_1.id=p1_0.role_id 
    left join
        permissions p1_1 
            on p1_1.id=p1_0.permission_id 
    where
        r1_0.user_id=?
2026-06-08 16:42:49 DEBUG SQL:135 - 
    select
        we1_0.id,
        we1_0.address,
        we1_0.code,
        we1_0.created_at,
        we1_0.name,
        we1_0.status,
        we1_0.updated_at 
    from
        warehouses we1_0 
    where
        we1_0.id=?
2026-06-08 16:42:49 DEBUG SQL:135 - 
    select
        mie1_0.id,
        mie1_0.cost_price,
        mie1_0.created_at,
        mie1_0.material_id,
        m1_0.id,
        m1_0.category_id,
        m1_0.code,
        m1_0.created_at,
        m1_0.low_stock_threshold,
        m1_0.name,
        m1_0.status,
        m1_0.thumbnail,
        m1_0.thumbnail_public_id,
        m1_0.unit,
        m1_0.updated_at,
        mie1_0.on_hand,
        mie1_0.reserved,
        mie1_0.updated_at,
        mie1_0.version,
        mie1_0.warehouse_id 
    from
        material_inventories mie1_0 
    join
        materials m1_0 
            on m1_0.id=mie1_0.material_id 
    where
        mie1_0.warehouse_id=? 
        and m1_0.status<>? 
        and mie1_0.on_hand>0
2026-06-08 16:42:49 INFO  JwtAuthenticationFilter:79 - ⬅️ Response: GET /api/admin/stocktakes/warehouses/1/materials - 200
2026-06-08 16:43:34 INFO  JwtAuthenticationFilter:37 - ➡️ Request: GET /api/admin/warehouses/dropdown
2026-06-08 16:43:34 INFO  JwtAuthenticationFilter:37 - ➡️ Request: GET /api/admin/stocktakes/warehouses/1/materials
2026-06-08 16:43:34 DEBUG SQL:135 - 
    select
        ue1_0.id,
        ue1_0.activation_token,
        ue1_0.code,
        ue1_0.created_at,
        ue1_0.email,
        ue1_0.full_name,
        ue1_0.password,
        ue1_0.phone,
        ue1_0.provider,
        ue1_0.status,
        ue1_0.updated_at,
        ue1_0.user_image_url 
    from
        users ue1_0 
    where
        ue1_0.email=?
2026-06-08 16:43:34 DEBUG SQL:135 - 
    select
        ue1_0.id,
        ue1_0.activation_token,
        ue1_0.code,
        ue1_0.created_at,
        ue1_0.email,
        ue1_0.full_name,
        ue1_0.password,
        ue1_0.phone,
        ue1_0.provider,
        ue1_0.status,
        ue1_0.updated_at,
        ue1_0.user_image_url 
    from
        users ue1_0 
    where
        ue1_0.email=?
2026-06-08 16:43:34 DEBUG SQL:135 - 
    select
        r1_0.user_id,
        r1_1.id,
        r1_1.name,
        p1_0.role_id,
        p1_1.id,
        p1_1.description,
        p1_1.name 
    from
        users_roles r1_0 
    join
        roles r1_1 
            on r1_1.id=r1_0.role_id 
    left join
        roles_permissions p1_0 
            on r1_1.id=p1_0.role_id 
    left join
        permissions p1_1 
            on p1_1.id=p1_0.permission_id 
    where
        r1_0.user_id=?
2026-06-08 16:43:34 DEBUG SQL:135 - 
    select
        r1_0.user_id,
        r1_1.id,
        r1_1.name,
        p1_0.role_id,
        p1_1.id,
        p1_1.description,
        p1_1.name 
    from
        users_roles r1_0 
    join
        roles r1_1 
            on r1_1.id=r1_0.role_id 
    left join
        roles_permissions p1_0 
            on r1_1.id=p1_0.role_id 
    left join
        permissions p1_1 
            on p1_1.id=p1_0.permission_id 
    where
        r1_0.user_id=?
2026-06-08 16:43:34 DEBUG SQL:135 - 
    select
        we1_0.id,
        we1_0.address,
        we1_0.code,
        we1_0.created_at,
        we1_0.name,
        we1_0.status,
        we1_0.updated_at 
    from
        warehouses we1_0 
    where
        we1_0.id=?
2026-06-08 16:43:34 DEBUG SQL:135 - 
    select
        we1_0.id,
        we1_0.address,
        we1_0.code,
        we1_0.created_at,
        we1_0.name,
        we1_0.status,
        we1_0.updated_at 
    from
        warehouses we1_0 
    where
        we1_0.status=?
2026-06-08 16:43:34 DEBUG SQL:135 - 
    select
        mie1_0.id,
        mie1_0.cost_price,
        mie1_0.created_at,
        mie1_0.material_id,
        m1_0.id,
        m1_0.category_id,
        m1_0.code,
        m1_0.created_at,
        m1_0.low_stock_threshold,
        m1_0.name,
        m1_0.status,
        m1_0.thumbnail,
        m1_0.thumbnail_public_id,
        m1_0.unit,
        m1_0.updated_at,
        mie1_0.on_hand,
        mie1_0.reserved,
        mie1_0.updated_at,
        mie1_0.version,
        mie1_0.warehouse_id 
    from
        material_inventories mie1_0 
    join
        materials m1_0 
            on m1_0.id=mie1_0.material_id 
    where
        mie1_0.warehouse_id=? 
        and m1_0.status<>? 
        and mie1_0.on_hand>0
2026-06-08 16:43:34 INFO  JwtAuthenticationFilter:79 - ⬅️ Response: GET /api/admin/warehouses/dropdown - 200
2026-06-08 16:43:34 INFO  JwtAuthenticationFilter:79 - ⬅️ Response: GET /api/admin/stocktakes/warehouses/1/materials - 200
2026-06-08 16:43:53 INFO  JwtAuthenticationFilter:37 - ➡️ Request: GET /api/admin/stocktakes/warehouses/1/materials
2026-06-08 16:43:53 INFO  JwtAuthenticationFilter:37 - ➡️ Request: GET /api/admin/warehouses/dropdown
2026-06-08 16:43:53 DEBUG SQL:135 - 
    select
        ue1_0.id,
        ue1_0.activation_token,
        ue1_0.code,
        ue1_0.created_at,
        ue1_0.email,
        ue1_0.full_name,
        ue1_0.password,
        ue1_0.phone,
        ue1_0.provider,
        ue1_0.status,
        ue1_0.updated_at,
        ue1_0.user_image_url 
    from
        users ue1_0 
    where
        ue1_0.email=?
2026-06-08 16:43:53 DEBUG SQL:135 - 
    select
        ue1_0.id,
        ue1_0.activation_token,
        ue1_0.code,
        ue1_0.created_at,
        ue1_0.email,
        ue1_0.full_name,
        ue1_0.password,
        ue1_0.phone,
        ue1_0.provider,
        ue1_0.status,
        ue1_0.updated_at,
        ue1_0.user_image_url 
    from
        users ue1_0 
    where
        ue1_0.email=?
2026-06-08 16:43:53 DEBUG SQL:135 - 
    select
        r1_0.user_id,
        r1_1.id,
        r1_1.name,
        p1_0.role_id,
        p1_1.id,
        p1_1.description,
        p1_1.name 
    from
        users_roles r1_0 
    join
        roles r1_1 
            on r1_1.id=r1_0.role_id 
    left join
        roles_permissions p1_0 
            on r1_1.id=p1_0.role_id 
    left join
        permissions p1_1 
            on p1_1.id=p1_0.permission_id 
    where
        r1_0.user_id=?
2026-06-08 16:43:53 DEBUG SQL:135 - 
    select
        r1_0.user_id,
        r1_1.id,
        r1_1.name,
        p1_0.role_id,
        p1_1.id,
        p1_1.description,
        p1_1.name 
    from
        users_roles r1_0 
    join
        roles r1_1 
            on r1_1.id=r1_0.role_id 
    left join
        roles_permissions p1_0 
            on r1_1.id=p1_0.role_id 
    left join
        permissions p1_1 
            on p1_1.id=p1_0.permission_id 
    where
        r1_0.user_id=?
2026-06-08 16:43:53 DEBUG SQL:135 - 
    select
        we1_0.id,
        we1_0.address,
        we1_0.code,
        we1_0.created_at,
        we1_0.name,
        we1_0.status,
        we1_0.updated_at 
    from
        warehouses we1_0 
    where
        we1_0.id=?
2026-06-08 16:43:53 DEBUG SQL:135 - 
    select
        we1_0.id,
        we1_0.address,
        we1_0.code,
        we1_0.created_at,
        we1_0.name,
        we1_0.status,
        we1_0.updated_at 
    from
        warehouses we1_0 
    where
        we1_0.status=?
2026-06-08 16:43:53 DEBUG SQL:135 - 
    select
        mie1_0.id,
        mie1_0.cost_price,
        mie1_0.created_at,
        mie1_0.material_id,
        m1_0.id,
        m1_0.category_id,
        m1_0.code,
        m1_0.created_at,
        m1_0.low_stock_threshold,
        m1_0.name,
        m1_0.status,
        m1_0.thumbnail,
        m1_0.thumbnail_public_id,
        m1_0.unit,
        m1_0.updated_at,
        mie1_0.on_hand,
        mie1_0.reserved,
        mie1_0.updated_at,
        mie1_0.version,
        mie1_0.warehouse_id 
    from
        material_inventories mie1_0 
    join
        materials m1_0 
            on m1_0.id=mie1_0.material_id 
    where
        mie1_0.warehouse_id=? 
        and m1_0.status<>? 
        and mie1_0.on_hand>0
2026-06-08 16:43:53 INFO  JwtAuthenticationFilter:79 - ⬅️ Response: GET /api/admin/warehouses/dropdown - 200
2026-06-08 16:43:53 INFO  JwtAuthenticationFilter:79 - ⬅️ Response: GET /api/admin/stocktakes/warehouses/1/materials - 200
2026-06-08 16:43:54 INFO  JwtAuthenticationFilter:37 - ➡️ Request: GET /api/admin/stocktakes/warehouses/1/materials
2026-06-08 16:43:54 DEBUG SQL:135 - 
    select
        ue1_0.id,
        ue1_0.activation_token,
        ue1_0.code,
        ue1_0.created_at,
        ue1_0.email,
        ue1_0.full_name,
        ue1_0.password,
        ue1_0.phone,
        ue1_0.provider,
        ue1_0.status,
        ue1_0.updated_at,
        ue1_0.user_image_url 
    from
        users ue1_0 
    where
        ue1_0.email=?
2026-06-08 16:43:54 INFO  JwtAuthenticationFilter:37 - ➡️ Request: GET /api/admin/warehouses/dropdown
2026-06-08 16:43:54 DEBUG SQL:135 - 
    select
        ue1_0.id,
        ue1_0.activation_token,
        ue1_0.code,
        ue1_0.created_at,
        ue1_0.email,
        ue1_0.full_name,
        ue1_0.password,
        ue1_0.phone,
        ue1_0.provider,
        ue1_0.status,
        ue1_0.updated_at,
        ue1_0.user_image_url 
    from
        users ue1_0 
    where
        ue1_0.email=?
2026-06-08 16:43:54 DEBUG SQL:135 - 
    select
        r1_0.user_id,
        r1_1.id,
        r1_1.name,
        p1_0.role_id,
        p1_1.id,
        p1_1.description,
        p1_1.name 
    from
        users_roles r1_0 
    join
        roles r1_1 
            on r1_1.id=r1_0.role_id 
    left join
        roles_permissions p1_0 
            on r1_1.id=p1_0.role_id 
    left join
        permissions p1_1 
            on p1_1.id=p1_0.permission_id 
    where
        r1_0.user_id=?
2026-06-08 16:43:54 DEBUG SQL:135 - 
    select
        r1_0.user_id,
        r1_1.id,
        r1_1.name,
        p1_0.role_id,
        p1_1.id,
        p1_1.description,
        p1_1.name 
    from
        users_roles r1_0 
    join
        roles r1_1 
            on r1_1.id=r1_0.role_id 
    left join
        roles_permissions p1_0 
            on r1_1.id=p1_0.role_id 
    left join
        permissions p1_1 
            on p1_1.id=p1_0.permission_id 
    where
        r1_0.user_id=?
2026-06-08 16:43:54 DEBUG SQL:135 - 
    select
        we1_0.id,
        we1_0.address,
        we1_0.code,
        we1_0.created_at,
        we1_0.name,
        we1_0.status,
        we1_0.updated_at 
    from
        warehouses we1_0 
    where
        we1_0.id=?
2026-06-08 16:43:54 DEBUG SQL:135 - 
    select
        we1_0.id,
        we1_0.address,
        we1_0.code,
        we1_0.created_at,
        we1_0.name,
        we1_0.status,
        we1_0.updated_at 
    from
        warehouses we1_0 
    where
        we1_0.status=?
2026-06-08 16:43:54 DEBUG SQL:135 - 
    select
        mie1_0.id,
        mie1_0.cost_price,
        mie1_0.created_at,
        mie1_0.material_id,
        m1_0.id,
        m1_0.category_id,
        m1_0.code,
        m1_0.created_at,
        m1_0.low_stock_threshold,
        m1_0.name,
        m1_0.status,
        m1_0.thumbnail,
        m1_0.thumbnail_public_id,
        m1_0.unit,
        m1_0.updated_at,
        mie1_0.on_hand,
        mie1_0.reserved,
        mie1_0.updated_at,
        mie1_0.version,
        mie1_0.warehouse_id 
    from
        material_inventories mie1_0 
    join
        materials m1_0 
            on m1_0.id=mie1_0.material_id 
    where
        mie1_0.warehouse_id=? 
        and m1_0.status<>? 
        and mie1_0.on_hand>0
2026-06-08 16:43:54 INFO  JwtAuthenticationFilter:79 - ⬅️ Response: GET /api/admin/warehouses/dropdown - 200
2026-06-08 16:43:54 INFO  JwtAuthenticationFilter:79 - ⬅️ Response: GET /api/admin/stocktakes/warehouses/1/materials - 200
2026-06-08 16:44:08 INFO  JwtAuthenticationFilter:37 - ➡️ Request: GET /api/admin/warehouses/dropdown
2026-06-08 16:44:08 INFO  JwtAuthenticationFilter:37 - ➡️ Request: GET /api/admin/stocktakes/warehouses/1/materials
2026-06-08 16:44:08 DEBUG SQL:135 - 
    select
        ue1_0.id,
        ue1_0.activation_token,
        ue1_0.code,
        ue1_0.created_at,
        ue1_0.email,
        ue1_0.full_name,
        ue1_0.password,
        ue1_0.phone,
        ue1_0.provider,
        ue1_0.status,
        ue1_0.updated_at,
        ue1_0.user_image_url 
    from
        users ue1_0 
    where
        ue1_0.email=?
2026-06-08 16:44:08 DEBUG SQL:135 - 
    select
        ue1_0.id,
        ue1_0.activation_token,
        ue1_0.code,
        ue1_0.created_at,
        ue1_0.email,
        ue1_0.full_name,
        ue1_0.password,
        ue1_0.phone,
        ue1_0.provider,
        ue1_0.status,
        ue1_0.updated_at,
        ue1_0.user_image_url 
    from
        users ue1_0 
    where
        ue1_0.email=?
2026-06-08 16:44:08 DEBUG SQL:135 - 
    select
        r1_0.user_id,
        r1_1.id,
        r1_1.name,
        p1_0.role_id,
        p1_1.id,
        p1_1.description,
        p1_1.name 
    from
        users_roles r1_0 
    join
        roles r1_1 
            on r1_1.id=r1_0.role_id 
    left join
        roles_permissions p1_0 
            on r1_1.id=p1_0.role_id 
    left join
        permissions p1_1 
            on p1_1.id=p1_0.permission_id 
    where
        r1_0.user_id=?
2026-06-08 16:44:08 DEBUG SQL:135 - 
    select
        r1_0.user_id,
        r1_1.id,
        r1_1.name,
        p1_0.role_id,
        p1_1.id,
        p1_1.description,
        p1_1.name 
    from
        users_roles r1_0 
    join
        roles r1_1 
            on r1_1.id=r1_0.role_id 
    left join
        roles_permissions p1_0 
            on r1_1.id=p1_0.role_id 
    left join
        permissions p1_1 
            on p1_1.id=p1_0.permission_id 
    where
        r1_0.user_id=?
2026-06-08 16:44:08 DEBUG SQL:135 - 
    select
        we1_0.id,
        we1_0.address,
        we1_0.code,
        we1_0.created_at,
        we1_0.name,
        we1_0.status,
        we1_0.updated_at 
    from
        warehouses we1_0 
    where
        we1_0.status=?
2026-06-08 16:44:08 DEBUG SQL:135 - 
    select
        we1_0.id,
        we1_0.address,
        we1_0.code,
        we1_0.created_at,
        we1_0.name,
        we1_0.status,
        we1_0.updated_at 
    from
        warehouses we1_0 
    where
        we1_0.id=?
2026-06-08 16:44:08 DEBUG SQL:135 - 
    select
        mie1_0.id,
        mie1_0.cost_price,
        mie1_0.created_at,
        mie1_0.material_id,
        m1_0.id,
        m1_0.category_id,
        m1_0.code,
        m1_0.created_at,
        m1_0.low_stock_threshold,
        m1_0.name,
        m1_0.status,
        m1_0.thumbnail,
        m1_0.thumbnail_public_id,
        m1_0.unit,
        m1_0.updated_at,
        mie1_0.on_hand,
        mie1_0.reserved,
        mie1_0.updated_at,
        mie1_0.version,
        mie1_0.warehouse_id 
    from
        material_inventories mie1_0 
    join
        materials m1_0 
            on m1_0.id=mie1_0.material_id 
    where
        mie1_0.warehouse_id=? 
        and m1_0.status<>? 
        and mie1_0.on_hand>0
2026-06-08 16:44:08 INFO  JwtAuthenticationFilter:79 - ⬅️ Response: GET /api/admin/warehouses/dropdown - 200
2026-06-08 16:44:08 INFO  JwtAuthenticationFilter:79 - ⬅️ Response: GET /api/admin/stocktakes/warehouses/1/materials - 200
2026-06-08 16:44:22 INFO  JwtAuthenticationFilter:37 - ➡️ Request: GET /api/auth/account-info
2026-06-08 16:44:22 DEBUG SQL:135 - 
    select
        ue1_0.id,
        ue1_0.activation_token,
        ue1_0.code,
        ue1_0.created_at,
        ue1_0.email,
        ue1_0.full_name,
        ue1_0.password,
        ue1_0.phone,
        ue1_0.provider,
        ue1_0.status,
        ue1_0.updated_at,
        ue1_0.user_image_url 
    from
        users ue1_0 
    where
        ue1_0.email=?
2026-06-08 16:44:22 DEBUG SQL:135 - 
    select
        r1_0.user_id,
        r1_1.id,
        r1_1.name,
        p1_0.role_id,
        p1_1.id,
        p1_1.description,
        p1_1.name 
    from
        users_roles r1_0 
    join
        roles r1_1 
            on r1_1.id=r1_0.role_id 
    left join
        roles_permissions p1_0 
            on r1_1.id=p1_0.role_id 
    left join
        permissions p1_1 
            on p1_1.id=p1_0.permission_id 
    where
        r1_0.user_id=?
2026-06-08 16:44:22 INFO  JwtAuthenticationFilter:79 - ⬅️ Response: GET /api/auth/account-info - 200
2026-06-08 16:44:22 INFO  JwtAuthenticationFilter:37 - ➡️ Request: GET /api/auth/account-info
2026-06-08 16:44:22 DEBUG SQL:135 - 
    select
        ue1_0.id,
        ue1_0.activation_token,
        ue1_0.code,
        ue1_0.created_at,
        ue1_0.email,
        ue1_0.full_name,
        ue1_0.password,
        ue1_0.phone,
        ue1_0.provider,
        ue1_0.status,
        ue1_0.updated_at,
        ue1_0.user_image_url 
    from
        users ue1_0 
    where
        ue1_0.email=?
2026-06-08 16:44:22 DEBUG SQL:135 - 
    select
        r1_0.user_id,
        r1_1.id,
        r1_1.name,
        p1_0.role_id,
        p1_1.id,
        p1_1.description,
        p1_1.name 
    from
        users_roles r1_0 
    join
        roles r1_1 
            on r1_1.id=r1_0.role_id 
    left join
        roles_permissions p1_0 
            on r1_1.id=p1_0.role_id 
    left join
        permissions p1_1 
            on p1_1.id=p1_0.permission_id 
    where
        r1_0.user_id=?
2026-06-08 16:44:22 INFO  JwtAuthenticationFilter:79 - ⬅️ Response: GET /api/auth/account-info - 200
2026-06-08 16:44:22 INFO  JwtAuthenticationFilter:37 - ➡️ Request: GET /api/auth/account-info
2026-06-08 16:44:22 DEBUG SQL:135 - 
    select
        ue1_0.id,
        ue1_0.activation_token,
        ue1_0.code,
        ue1_0.created_at,
        ue1_0.email,
        ue1_0.full_name,
        ue1_0.password,
        ue1_0.phone,
        ue1_0.provider,
        ue1_0.status,
        ue1_0.updated_at,
        ue1_0.user_image_url 
    from
        users ue1_0 
    where
        ue1_0.email=?
2026-06-08 16:44:22 DEBUG SQL:135 - 
    select
        r1_0.user_id,
        r1_1.id,
        r1_1.name,
        p1_0.role_id,
        p1_1.id,
        p1_1.description,
        p1_1.name 
    from
        users_roles r1_0 
    join
        roles r1_1 
            on r1_1.id=r1_0.role_id 
    left join
        roles_permissions p1_0 
            on r1_1.id=p1_0.role_id 
    left join
        permissions p1_1 
            on p1_1.id=p1_0.permission_id 
    where
        r1_0.user_id=?
2026-06-08 16:44:22 INFO  JwtAuthenticationFilter:79 - ⬅️ Response: GET /api/auth/account-info - 200
2026-06-08 16:44:22 INFO  JwtAuthenticationFilter:37 - ➡️ Request: GET /api/admin/stocktakes/warehouses/1/materials
2026-06-08 16:44:22 INFO  JwtAuthenticationFilter:37 - ➡️ Request: GET /api/admin/warehouses/dropdown
2026-06-08 16:44:22 DEBUG SQL:135 - 
    select
        ue1_0.id,
        ue1_0.activation_token,
        ue1_0.code,
        ue1_0.created_at,
        ue1_0.email,
        ue1_0.full_name,
        ue1_0.password,
        ue1_0.phone,
        ue1_0.provider,
        ue1_0.status,
        ue1_0.updated_at,
        ue1_0.user_image_url 
    from
        users ue1_0 
    where
        ue1_0.email=?
2026-06-08 16:44:22 DEBUG SQL:135 - 
    select
        ue1_0.id,
        ue1_0.activation_token,
        ue1_0.code,
        ue1_0.created_at,
        ue1_0.email,
        ue1_0.full_name,
        ue1_0.password,
        ue1_0.phone,
        ue1_0.provider,
        ue1_0.status,
        ue1_0.updated_at,
        ue1_0.user_image_url 
    from
        users ue1_0 
    where
        ue1_0.email=?
2026-06-08 16:44:23 DEBUG SQL:135 - 
    select
        r1_0.user_id,
        r1_1.id,
        r1_1.name,
        p1_0.role_id,
        p1_1.id,
        p1_1.description,
        p1_1.name 
    from
        users_roles r1_0 
    join
        roles r1_1 
            on r1_1.id=r1_0.role_id 
    left join
        roles_permissions p1_0 
            on r1_1.id=p1_0.role_id 
    left join
        permissions p1_1 
            on p1_1.id=p1_0.permission_id 
    where
        r1_0.user_id=?
2026-06-08 16:44:23 DEBUG SQL:135 - 
    select
        r1_0.user_id,
        r1_1.id,
        r1_1.name,
        p1_0.role_id,
        p1_1.id,
        p1_1.description,
        p1_1.name 
    from
        users_roles r1_0 
    join
        roles r1_1 
            on r1_1.id=r1_0.role_id 
    left join
        roles_permissions p1_0 
            on r1_1.id=p1_0.role_id 
    left join
        permissions p1_1 
            on p1_1.id=p1_0.permission_id 
    where
        r1_0.user_id=?
2026-06-08 16:44:23 DEBUG SQL:135 - 
    select
        we1_0.id,
        we1_0.address,
        we1_0.code,
        we1_0.created_at,
        we1_0.name,
        we1_0.status,
        we1_0.updated_at 
    from
        warehouses we1_0 
    where
        we1_0.id=?
2026-06-08 16:44:23 DEBUG SQL:135 - 
    select
        we1_0.id,
        we1_0.address,
        we1_0.code,
        we1_0.created_at,
        we1_0.name,
        we1_0.status,
        we1_0.updated_at 
    from
        warehouses we1_0 
    where
        we1_0.status=?
2026-06-08 16:44:23 DEBUG SQL:135 - 
    select
        mie1_0.id,
        mie1_0.cost_price,
        mie1_0.created_at,
        mie1_0.material_id,
        m1_0.id,
        m1_0.category_id,
        m1_0.code,
        m1_0.created_at,
        m1_0.low_stock_threshold,
        m1_0.name,
        m1_0.status,
        m1_0.thumbnail,
        m1_0.thumbnail_public_id,
        m1_0.unit,
        m1_0.updated_at,
        mie1_0.on_hand,
        mie1_0.reserved,
        mie1_0.updated_at,
        mie1_0.version,
        mie1_0.warehouse_id 
    from
        material_inventories mie1_0 
    join
        materials m1_0 
            on m1_0.id=mie1_0.material_id 
    where
        mie1_0.warehouse_id=? 
        and m1_0.status<>? 
        and mie1_0.on_hand>0
2026-06-08 16:44:23 INFO  JwtAuthenticationFilter:79 - ⬅️ Response: GET /api/admin/warehouses/dropdown - 200
2026-06-08 16:44:23 INFO  JwtAuthenticationFilter:79 - ⬅️ Response: GET /api/admin/stocktakes/warehouses/1/materials - 200
2026-06-08 16:44:23 INFO  JwtAuthenticationFilter:37 - ➡️ Request: GET /api/auth/account-info
2026-06-08 16:44:23 DEBUG SQL:135 - 
    select
        ue1_0.id,
        ue1_0.activation_token,
        ue1_0.code,
        ue1_0.created_at,
        ue1_0.email,
        ue1_0.full_name,
        ue1_0.password,
        ue1_0.phone,
        ue1_0.provider,
        ue1_0.status,
        ue1_0.updated_at,
        ue1_0.user_image_url 
    from
        users ue1_0 
    where
        ue1_0.email=?
2026-06-08 16:44:23 DEBUG SQL:135 - 
    select
        r1_0.user_id,
        r1_1.id,
        r1_1.name,
        p1_0.role_id,
        p1_1.id,
        p1_1.description,
        p1_1.name 
    from
        users_roles r1_0 
    join
        roles r1_1 
            on r1_1.id=r1_0.role_id 
    left join
        roles_permissions p1_0 
            on r1_1.id=p1_0.role_id 
    left join
        permissions p1_1 
            on p1_1.id=p1_0.permission_id 
    where
        r1_0.user_id=?
2026-06-08 16:44:23 INFO  JwtAuthenticationFilter:79 - ⬅️ Response: GET /api/auth/account-info - 200
2026-06-08 16:44:23 INFO  JwtAuthenticationFilter:37 - ➡️ Request: GET /api/auth/account-info
2026-06-08 16:44:23 DEBUG SQL:135 - 
    select
        ue1_0.id,
        ue1_0.activation_token,
        ue1_0.code,
        ue1_0.created_at,
        ue1_0.email,
        ue1_0.full_name,
        ue1_0.password,
        ue1_0.phone,
        ue1_0.provider,
        ue1_0.status,
        ue1_0.updated_at,
        ue1_0.user_image_url 
    from
        users ue1_0 
    where
        ue1_0.email=?
2026-06-08 16:44:23 DEBUG SQL:135 - 
    select
        r1_0.user_id,
        r1_1.id,
        r1_1.name,
        p1_0.role_id,
        p1_1.id,
        p1_1.description,
        p1_1.name 
    from
        users_roles r1_0 
    join
        roles r1_1 
            on r1_1.id=r1_0.role_id 
    left join
        roles_permissions p1_0 
            on r1_1.id=p1_0.role_id 
    left join
        permissions p1_1 
            on p1_1.id=p1_0.permission_id 
    where
        r1_0.user_id=?
2026-06-08 16:44:23 INFO  JwtAuthenticationFilter:79 - ⬅️ Response: GET /api/auth/account-info - 200
2026-06-08 16:44:23 INFO  JwtAuthenticationFilter:37 - ➡️ Request: GET /api/auth/account-info
2026-06-08 16:44:23 DEBUG SQL:135 - 
    select
        ue1_0.id,
        ue1_0.activation_token,
        ue1_0.code,
        ue1_0.created_at,
        ue1_0.email,
        ue1_0.full_name,
        ue1_0.password,
        ue1_0.phone,
        ue1_0.provider,
        ue1_0.status,
        ue1_0.updated_at,
        ue1_0.user_image_url 
    from
        users ue1_0 
    where
        ue1_0.email=?
2026-06-08 16:44:23 DEBUG SQL:135 - 
    select
        r1_0.user_id,
        r1_1.id,
        r1_1.name,
        p1_0.role_id,
        p1_1.id,
        p1_1.description,
        p1_1.name 
    from
        users_roles r1_0 
    join
        roles r1_1 
            on r1_1.id=r1_0.role_id 
    left join
        roles_permissions p1_0 
            on r1_1.id=p1_0.role_id 
    left join
        permissions p1_1 
            on p1_1.id=p1_0.permission_id 
    where
        r1_0.user_id=?
2026-06-08 16:44:23 INFO  JwtAuthenticationFilter:79 - ⬅️ Response: GET /api/auth/account-info - 200
2026-06-08 16:44:23 INFO  JwtAuthenticationFilter:37 - ➡️ Request: GET /api/auth/account-info
2026-06-08 16:44:23 DEBUG SQL:135 - 
    select
        ue1_0.id,
        ue1_0.activation_token,
        ue1_0.code,
        ue1_0.created_at,
        ue1_0.email,
        ue1_0.full_name,
        ue1_0.password,
        ue1_0.phone,
        ue1_0.provider,
        ue1_0.status,
        ue1_0.updated_at,
        ue1_0.user_image_url 
    from
        users ue1_0 
    where
        ue1_0.email=?
2026-06-08 16:44:23 DEBUG SQL:135 - 
    select
        r1_0.user_id,
        r1_1.id,
        r1_1.name,
        p1_0.role_id,
        p1_1.id,
        p1_1.description,
        p1_1.name 
    from
        users_roles r1_0 
    join
        roles r1_1 
            on r1_1.id=r1_0.role_id 
    left join
        roles_permissions p1_0 
            on r1_1.id=p1_0.role_id 
    left join
        permissions p1_1 
            on p1_1.id=p1_0.permission_id 
    where
        r1_0.user_id=?
2026-06-08 16:44:23 INFO  JwtAuthenticationFilter:79 - ⬅️ Response: GET /api/auth/account-info - 200
2026-06-08 16:44:23 INFO  JwtAuthenticationFilter:37 - ➡️ Request: GET /api/auth/account-info
2026-06-08 16:44:23 DEBUG SQL:135 - 
    select
        ue1_0.id,
        ue1_0.activation_token,
        ue1_0.code,
        ue1_0.created_at,
        ue1_0.email,
        ue1_0.full_name,
        ue1_0.password,
        ue1_0.phone,
        ue1_0.provider,
        ue1_0.status,
        ue1_0.updated_at,
        ue1_0.user_image_url 
    from
        users ue1_0 
    where
        ue1_0.email=?
2026-06-08 16:44:23 DEBUG SQL:135 - 
    select
        r1_0.user_id,
        r1_1.id,
        r1_1.name,
        p1_0.role_id,
        p1_1.id,
        p1_1.description,
        p1_1.name 
    from
        users_roles r1_0 
    join
        roles r1_1 
            on r1_1.id=r1_0.role_id 
    left join
        roles_permissions p1_0 
            on r1_1.id=p1_0.role_id 
    left join
        permissions p1_1 
            on p1_1.id=p1_0.permission_id 
    where
        r1_0.user_id=?
2026-06-08 16:44:23 INFO  JwtAuthenticationFilter:79 - ⬅️ Response: GET /api/auth/account-info - 200
2026-06-08 16:44:23 INFO  JwtAuthenticationFilter:37 - ➡️ Request: GET /api/auth/account-info
2026-06-08 16:44:23 DEBUG SQL:135 - 
    select
        ue1_0.id,
        ue1_0.activation_token,
        ue1_0.code,
        ue1_0.created_at,
        ue1_0.email,
        ue1_0.full_name,
        ue1_0.password,
        ue1_0.phone,
        ue1_0.provider,
        ue1_0.status,
        ue1_0.updated_at,
        ue1_0.user_image_url 
    from
        users ue1_0 
    where
        ue1_0.email=?
2026-06-08 16:44:23 DEBUG SQL:135 - 
    select
        r1_0.user_id,
        r1_1.id,
        r1_1.name,
        p1_0.role_id,
        p1_1.id,
        p1_1.description,
        p1_1.name 
    from
        users_roles r1_0 
    join
        roles r1_1 
            on r1_1.id=r1_0.role_id 
    left join
        roles_permissions p1_0 
            on r1_1.id=p1_0.role_id 
    left join
        permissions p1_1 
            on p1_1.id=p1_0.permission_id 
    where
        r1_0.user_id=?
2026-06-08 16:44:23 INFO  JwtAuthenticationFilter:79 - ⬅️ Response: GET /api/auth/account-info - 200
2026-06-08 16:44:23 INFO  JwtAuthenticationFilter:37 - ➡️ Request: GET /api/auth/account-info
2026-06-08 16:44:23 DEBUG SQL:135 - 
    select
        ue1_0.id,
        ue1_0.activation_token,
        ue1_0.code,
        ue1_0.created_at,
        ue1_0.email,
        ue1_0.full_name,
        ue1_0.password,
        ue1_0.phone,
        ue1_0.provider,
        ue1_0.status,
        ue1_0.updated_at,
        ue1_0.user_image_url 
    from
        users ue1_0 
    where
        ue1_0.email=?
2026-06-08 16:44:23 DEBUG SQL:135 - 
    select
        r1_0.user_id,
        r1_1.id,
        r1_1.name,
        p1_0.role_id,
        p1_1.id,
        p1_1.description,
        p1_1.name 
    from
        users_roles r1_0 
    join
        roles r1_1 
            on r1_1.id=r1_0.role_id 
    left join
        roles_permissions p1_0 
            on r1_1.id=p1_0.role_id 
    left join
        permissions p1_1 
            on p1_1.id=p1_0.permission_id 
    where
        r1_0.user_id=?
2026-06-08 16:44:23 INFO  JwtAuthenticationFilter:79 - ⬅️ Response: GET /api/auth/account-info - 200
2026-06-08 16:44:23 INFO  JwtAuthenticationFilter:37 - ➡️ Request: GET /api/auth/account-info
2026-06-08 16:44:23 DEBUG SQL:135 - 
    select
        ue1_0.id,
        ue1_0.activation_token,
        ue1_0.code,
        ue1_0.created_at,
        ue1_0.email,
        ue1_0.full_name,
        ue1_0.password,
        ue1_0.phone,
        ue1_0.provider,
        ue1_0.status,
        ue1_0.updated_at,
        ue1_0.user_image_url 
    from
        users ue1_0 
    where
        ue1_0.email=?
2026-06-08 16:44:23 DEBUG SQL:135 - 
    select
        r1_0.user_id,
        r1_1.id,
        r1_1.name,
        p1_0.role_id,
        p1_1.id,
        p1_1.description,
        p1_1.name 
    from
        users_roles r1_0 
    join
        roles r1_1 
            on r1_1.id=r1_0.role_id 
    left join
        roles_permissions p1_0 
            on r1_1.id=p1_0.role_id 
    left join
        permissions p1_1 
            on p1_1.id=p1_0.permission_id 
    where
        r1_0.user_id=?
2026-06-08 16:44:23 INFO  JwtAuthenticationFilter:79 - ⬅️ Response: GET /api/auth/account-info - 200
2026-06-08 16:44:23 INFO  JwtAuthenticationFilter:37 - ➡️ Request: GET /api/auth/account-info
2026-06-08 16:44:23 DEBUG SQL:135 - 
    select
        ue1_0.id,
        ue1_0.activation_token,
        ue1_0.code,
        ue1_0.created_at,
        ue1_0.email,
        ue1_0.full_name,
        ue1_0.password,
        ue1_0.phone,
        ue1_0.provider,
        ue1_0.status,
        ue1_0.updated_at,
        ue1_0.user_image_url 
    from
        users ue1_0 
    where
        ue1_0.email=?
2026-06-08 16:44:23 DEBUG SQL:135 - 
    select
        r1_0.user_id,
        r1_1.id,
        r1_1.name,
        p1_0.role_id,
        p1_1.id,
        p1_1.description,
        p1_1.name 
    from
        users_roles r1_0 
    join
        roles r1_1 
            on r1_1.id=r1_0.role_id 
    left join
        roles_permissions p1_0 
            on r1_1.id=p1_0.role_id 
    left join
        permissions p1_1 
            on p1_1.id=p1_0.permission_id 
    where
        r1_0.user_id=?
2026-06-08 16:44:23 INFO  JwtAuthenticationFilter:79 - ⬅️ Response: GET /api/auth/account-info - 200
2026-06-08 16:44:23 INFO  JwtAuthenticationFilter:37 - ➡️ Request: GET /api/auth/account-info
2026-06-08 16:44:23 DEBUG SQL:135 - 
    select
        ue1_0.id,
        ue1_0.activation_token,
        ue1_0.code,
        ue1_0.created_at,
        ue1_0.email,
        ue1_0.full_name,
        ue1_0.password,
        ue1_0.phone,
        ue1_0.provider,
        ue1_0.status,
        ue1_0.updated_at,
        ue1_0.user_image_url 
    from
        users ue1_0 
    where
        ue1_0.email=?
2026-06-08 16:44:23 DEBUG SQL:135 - 
    select
        r1_0.user_id,
        r1_1.id,
        r1_1.name,
        p1_0.role_id,
        p1_1.id,
        p1_1.description,
        p1_1.name 
    from
        users_roles r1_0 
    join
        roles r1_1 
            on r1_1.id=r1_0.role_id 
    left join
        roles_permissions p1_0 
            on r1_1.id=p1_0.role_id 
    left join
        permissions p1_1 
            on p1_1.id=p1_0.permission_id 
    where
        r1_0.user_id=?
2026-06-08 16:44:23 INFO  JwtAuthenticationFilter:79 - ⬅️ Response: GET /api/auth/account-info - 200
2026-06-08 16:44:23 INFO  JwtAuthenticationFilter:37 - ➡️ Request: GET /api/auth/account-info
2026-06-08 16:44:23 DEBUG SQL:135 - 
    select
        ue1_0.id,
        ue1_0.activation_token,
        ue1_0.code,
        ue1_0.created_at,
        ue1_0.email,
        ue1_0.full_name,
        ue1_0.password,
        ue1_0.phone,
        ue1_0.provider,
        ue1_0.status,
        ue1_0.updated_at,
        ue1_0.user_image_url 
    from
        users ue1_0 
    where
        ue1_0.email=?
2026-06-08 16:44:23 DEBUG SQL:135 - 
    select
        r1_0.user_id,
        r1_1.id,
        r1_1.name,
        p1_0.role_id,
        p1_1.id,
        p1_1.description,
        p1_1.name 
    from
        users_roles r1_0 
    join
        roles r1_1 
            on r1_1.id=r1_0.role_id 
    left join
        roles_permissions p1_0 
            on r1_1.id=p1_0.role_id 
    left join
        permissions p1_1 
            on p1_1.id=p1_0.permission_id 
    where
        r1_0.user_id=?
2026-06-08 16:44:23 INFO  JwtAuthenticationFilter:79 - ⬅️ Response: GET /api/auth/account-info - 200
2026-06-08 16:44:23 INFO  JwtAuthenticationFilter:37 - ➡️ Request: GET /api/auth/account-info
2026-06-08 16:44:23 DEBUG SQL:135 - 
    select
        ue1_0.id,
        ue1_0.activation_token,
        ue1_0.code,
        ue1_0.created_at,
        ue1_0.email,
        ue1_0.full_name,
        ue1_0.password,
        ue1_0.phone,
        ue1_0.provider,
        ue1_0.status,
        ue1_0.updated_at,
        ue1_0.user_image_url 
    from
        users ue1_0 
    where
        ue1_0.email=?
2026-06-08 16:44:23 DEBUG SQL:135 - 
    select
        r1_0.user_id,
        r1_1.id,
        r1_1.name,
        p1_0.role_id,
        p1_1.id,
        p1_1.description,
        p1_1.name 
    from
        users_roles r1_0 
    join
        roles r1_1 
            on r1_1.id=r1_0.role_id 
    left join
        roles_permissions p1_0 
            on r1_1.id=p1_0.role_id 
    left join
        permissions p1_1 
            on p1_1.id=p1_0.permission_id 
    where
        r1_0.user_id=?
2026-06-08 16:44:23 INFO  JwtAuthenticationFilter:79 - ⬅️ Response: GET /api/auth/account-info - 200
2026-06-08 16:44:23 INFO  JwtAuthenticationFilter:37 - ➡️ Request: GET /api/auth/account-info
2026-06-08 16:44:23 DEBUG SQL:135 - 
    select
        ue1_0.id,
        ue1_0.activation_token,
        ue1_0.code,
        ue1_0.created_at,
        ue1_0.email,
        ue1_0.full_name,
        ue1_0.password,
        ue1_0.phone,
        ue1_0.provider,
        ue1_0.status,
        ue1_0.updated_at,
        ue1_0.user_image_url 
    from
        users ue1_0 
    where
        ue1_0.email=?
2026-06-08 16:44:23 DEBUG SQL:135 - 
    select
        r1_0.user_id,
        r1_1.id,
        r1_1.name,
        p1_0.role_id,
        p1_1.id,
        p1_1.description,
        p1_1.name 
    from
        users_roles r1_0 
    join
        roles r1_1 
            on r1_1.id=r1_0.role_id 
    left join
        roles_permissions p1_0 
            on r1_1.id=p1_0.role_id 
    left join
        permissions p1_1 
            on p1_1.id=p1_0.permission_id 
    where
        r1_0.user_id=?
2026-06-08 16:44:23 INFO  JwtAuthenticationFilter:79 - ⬅️ Response: GET /api/auth/account-info - 200
2026-06-08 16:44:23 INFO  JwtAuthenticationFilter:37 - ➡️ Request: GET /api/auth/account-info
2026-06-08 16:44:23 DEBUG SQL:135 - 
    select
        ue1_0.id,
        ue1_0.activation_token,
        ue1_0.code,
        ue1_0.created_at,
        ue1_0.email,
        ue1_0.full_name,
        ue1_0.password,
        ue1_0.phone,
        ue1_0.provider,
        ue1_0.status,
        ue1_0.updated_at,
        ue1_0.user_image_url 
    from
        users ue1_0 
    where
        ue1_0.email=?
2026-06-08 16:44:23 DEBUG SQL:135 - 
    select
        r1_0.user_id,
        r1_1.id,
        r1_1.name,
        p1_0.role_id,
        p1_1.id,
        p1_1.description,
        p1_1.name 
    from
        users_roles r1_0 
    join
        roles r1_1 
            on r1_1.id=r1_0.role_id 
    left join
        roles_permissions p1_0 
            on r1_1.id=p1_0.role_id 
    left join
        permissions p1_1 
            on p1_1.id=p1_0.permission_id 
    where
        r1_0.user_id=?
2026-06-08 16:44:23 INFO  JwtAuthenticationFilter:79 - ⬅️ Response: GET /api/auth/account-info - 200
2026-06-08 16:44:23 INFO  JwtAuthenticationFilter:37 - ➡️ Request: GET /api/auth/account-info
2026-06-08 16:44:23 DEBUG SQL:135 - 
    select
        ue1_0.id,
        ue1_0.activation_token,
        ue1_0.code,
        ue1_0.created_at,
        ue1_0.email,
        ue1_0.full_name,
        ue1_0.password,
        ue1_0.phone,
        ue1_0.provider,
        ue1_0.status,
        ue1_0.updated_at,
        ue1_0.user_image_url 
    from
        users ue1_0 
    where
        ue1_0.email=?
2026-06-08 16:44:23 DEBUG SQL:135 - 
    select
        r1_0.user_id,
        r1_1.id,
        r1_1.name,
        p1_0.role_id,
        p1_1.id,
        p1_1.description,
        p1_1.name 
    from
        users_roles r1_0 
    join
        roles r1_1 
            on r1_1.id=r1_0.role_id 
    left join
        roles_permissions p1_0 
            on r1_1.id=p1_0.role_id 
    left join
        permissions p1_1 
            on p1_1.id=p1_0.permission_id 
    where
        r1_0.user_id=?
2026-06-08 16:44:23 INFO  JwtAuthenticationFilter:79 - ⬅️ Response: GET /api/auth/account-info - 200
2026-06-08 16:44:28 INFO  JwtAuthenticationFilter:37 - ➡️ Request: GET /api/auth/account-info
2026-06-08 16:44:28 DEBUG SQL:135 - 
    select
        ue1_0.id,
        ue1_0.activation_token,
        ue1_0.code,
        ue1_0.created_at,
        ue1_0.email,
        ue1_0.full_name,
        ue1_0.password,
        ue1_0.phone,
        ue1_0.provider,
        ue1_0.status,
        ue1_0.updated_at,
        ue1_0.user_image_url 
    from
        users ue1_0 
    where
        ue1_0.email=?
2026-06-08 16:44:28 DEBUG SQL:135 - 
    select
        r1_0.user_id,
        r1_1.id,
        r1_1.name,
        p1_0.role_id,
        p1_1.id,
        p1_1.description,
        p1_1.name 
    from
        users_roles r1_0 
    join
        roles r1_1 
            on r1_1.id=r1_0.role_id 
    left join
        roles_permissions p1_0 
            on r1_1.id=p1_0.role_id 
    left join
        permissions p1_1 
            on p1_1.id=p1_0.permission_id 
    where
        r1_0.user_id=?
2026-06-08 16:44:28 INFO  JwtAuthenticationFilter:79 - ⬅️ Response: GET /api/auth/account-info - 200
2026-06-08 16:44:28 INFO  JwtAuthenticationFilter:37 - ➡️ Request: GET /api/auth/account-info
2026-06-08 16:44:28 DEBUG SQL:135 - 
    select
        ue1_0.id,
        ue1_0.activation_token,
        ue1_0.code,
        ue1_0.created_at,
        ue1_0.email,
        ue1_0.full_name,
        ue1_0.password,
        ue1_0.phone,
        ue1_0.provider,
        ue1_0.status,
        ue1_0.updated_at,
        ue1_0.user_image_url 
    from
        users ue1_0 
    where
        ue1_0.email=?
2026-06-08 16:44:28 DEBUG SQL:135 - 
    select
        r1_0.user_id,
        r1_1.id,
        r1_1.name,
        p1_0.role_id,
        p1_1.id,
        p1_1.description,
        p1_1.name 
    from
        users_roles r1_0 
    join
        roles r1_1 
            on r1_1.id=r1_0.role_id 
    left join
        roles_permissions p1_0 
            on r1_1.id=p1_0.role_id 
    left join
        permissions p1_1 
            on p1_1.id=p1_0.permission_id 
    where
        r1_0.user_id=?
2026-06-08 16:44:28 INFO  JwtAuthenticationFilter:79 - ⬅️ Response: GET /api/auth/account-info - 200
2026-06-08 16:44:28 INFO  JwtAuthenticationFilter:37 - ➡️ Request: GET /api/auth/account-info
2026-06-08 16:44:28 DEBUG SQL:135 - 
    select
        ue1_0.id,
        ue1_0.activation_token,
        ue1_0.code,
        ue1_0.created_at,
        ue1_0.email,
        ue1_0.full_name,
        ue1_0.password,
        ue1_0.phone,
        ue1_0.provider,
        ue1_0.status,
        ue1_0.updated_at,
        ue1_0.user_image_url 
    from
        users ue1_0 
    where
        ue1_0.email=?
2026-06-08 16:44:28 DEBUG SQL:135 - 
    select
        r1_0.user_id,
        r1_1.id,
        r1_1.name,
        p1_0.role_id,
        p1_1.id,
        p1_1.description,
        p1_1.name 
    from
        users_roles r1_0 
    join
        roles r1_1 
            on r1_1.id=r1_0.role_id 
    left join
        roles_permissions p1_0 
            on r1_1.id=p1_0.role_id 
    left join
        permissions p1_1 
            on p1_1.id=p1_0.permission_id 
    where
        r1_0.user_id=?
2026-06-08 16:44:28 INFO  JwtAuthenticationFilter:79 - ⬅️ Response: GET /api/auth/account-info - 200
2026-06-08 16:44:28 INFO  JwtAuthenticationFilter:37 - ➡️ Request: GET /api/auth/account-info
2026-06-08 16:44:28 DEBUG SQL:135 - 
    select
        ue1_0.id,
        ue1_0.activation_token,
        ue1_0.code,
        ue1_0.created_at,
        ue1_0.email,
        ue1_0.full_name,
        ue1_0.password,
        ue1_0.phone,
        ue1_0.provider,
        ue1_0.status,
        ue1_0.updated_at,
        ue1_0.user_image_url 
    from
        users ue1_0 
    where
        ue1_0.email=?
2026-06-08 16:44:28 DEBUG SQL:135 - 
    select
        r1_0.user_id,
        r1_1.id,
        r1_1.name,
        p1_0.role_id,
        p1_1.id,
        p1_1.description,
        p1_1.name 
    from
        users_roles r1_0 
    join
        roles r1_1 
            on r1_1.id=r1_0.role_id 
    left join
        roles_permissions p1_0 
            on r1_1.id=p1_0.role_id 
    left join
        permissions p1_1 
            on p1_1.id=p1_0.permission_id 
    where
        r1_0.user_id=?
2026-06-08 16:44:28 INFO  JwtAuthenticationFilter:79 - ⬅️ Response: GET /api/auth/account-info - 200
2026-06-08 16:44:28 INFO  JwtAuthenticationFilter:37 - ➡️ Request: GET /api/auth/account-info
2026-06-08 16:44:28 DEBUG SQL:135 - 
    select
        ue1_0.id,
        ue1_0.activation_token,
        ue1_0.code,
        ue1_0.created_at,
        ue1_0.email,
        ue1_0.full_name,
        ue1_0.password,
        ue1_0.phone,
        ue1_0.provider,
        ue1_0.status,
        ue1_0.updated_at,
        ue1_0.user_image_url 
    from
        users ue1_0 
    where
        ue1_0.email=?
2026-06-08 16:44:28 DEBUG SQL:135 - 
    select
        r1_0.user_id,
        r1_1.id,
        r1_1.name,
        p1_0.role_id,
        p1_1.id,
        p1_1.description,
        p1_1.name 
    from
        users_roles r1_0 
    join
        roles r1_1 
            on r1_1.id=r1_0.role_id 
    left join
        roles_permissions p1_0 
            on r1_1.id=p1_0.role_id 
    left join
        permissions p1_1 
            on p1_1.id=p1_0.permission_id 
    where
        r1_0.user_id=?
2026-06-08 16:44:28 INFO  JwtAuthenticationFilter:79 - ⬅️ Response: GET /api/auth/account-info - 200
2026-06-08 16:44:28 INFO  JwtAuthenticationFilter:37 - ➡️ Request: GET /api/auth/account-info
2026-06-08 16:44:28 DEBUG SQL:135 - 
    select
        ue1_0.id,
        ue1_0.activation_token,
        ue1_0.code,
        ue1_0.created_at,
        ue1_0.email,
        ue1_0.full_name,
        ue1_0.password,
        ue1_0.phone,
        ue1_0.provider,
        ue1_0.status,
        ue1_0.updated_at,
        ue1_0.user_image_url 
    from
        users ue1_0 
    where
        ue1_0.email=?
2026-06-08 16:44:28 DEBUG SQL:135 - 
    select
        r1_0.user_id,
        r1_1.id,
        r1_1.name,
        p1_0.role_id,
        p1_1.id,
        p1_1.description,
        p1_1.name 
    from
        users_roles r1_0 
    join
        roles r1_1 
            on r1_1.id=r1_0.role_id 
    left join
        roles_permissions p1_0 
            on r1_1.id=p1_0.role_id 
    left join
        permissions p1_1 
            on p1_1.id=p1_0.permission_id 
    where
        r1_0.user_id=?
2026-06-08 16:44:28 INFO  JwtAuthenticationFilter:79 - ⬅️ Response: GET /api/auth/account-info - 200
2026-06-08 16:44:28 INFO  JwtAuthenticationFilter:37 - ➡️ Request: GET /api/admin/warehouses/dropdown
2026-06-08 16:44:28 INFO  JwtAuthenticationFilter:37 - ➡️ Request: GET /api/admin/stocktakes/warehouses/1/materials
2026-06-08 16:44:28 DEBUG SQL:135 - 
    select
        ue1_0.id,
        ue1_0.activation_token,
        ue1_0.code,
        ue1_0.created_at,
        ue1_0.email,
        ue1_0.full_name,
        ue1_0.password,
        ue1_0.phone,
        ue1_0.provider,
        ue1_0.status,
        ue1_0.updated_at,
        ue1_0.user_image_url 
    from
        users ue1_0 
    where
        ue1_0.email=?
2026-06-08 16:44:28 DEBUG SQL:135 - 
    select
        ue1_0.id,
        ue1_0.activation_token,
        ue1_0.code,
        ue1_0.created_at,
        ue1_0.email,
        ue1_0.full_name,
        ue1_0.password,
        ue1_0.phone,
        ue1_0.provider,
        ue1_0.status,
        ue1_0.updated_at,
        ue1_0.user_image_url 
    from
        users ue1_0 
    where
        ue1_0.email=?
2026-06-08 16:44:28 DEBUG SQL:135 - 
    select
        r1_0.user_id,
        r1_1.id,
        r1_1.name,
        p1_0.role_id,
        p1_1.id,
        p1_1.description,
        p1_1.name 
    from
        users_roles r1_0 
    join
        roles r1_1 
            on r1_1.id=r1_0.role_id 
    left join
        roles_permissions p1_0 
            on r1_1.id=p1_0.role_id 
    left join
        permissions p1_1 
            on p1_1.id=p1_0.permission_id 
    where
        r1_0.user_id=?
2026-06-08 16:44:28 DEBUG SQL:135 - 
    select
        r1_0.user_id,
        r1_1.id,
        r1_1.name,
        p1_0.role_id,
        p1_1.id,
        p1_1.description,
        p1_1.name 
    from
        users_roles r1_0 
    join
        roles r1_1 
            on r1_1.id=r1_0.role_id 
    left join
        roles_permissions p1_0 
            on r1_1.id=p1_0.role_id 
    left join
        permissions p1_1 
            on p1_1.id=p1_0.permission_id 
    where
        r1_0.user_id=?
2026-06-08 16:44:28 DEBUG SQL:135 - 
    select
        we1_0.id,
        we1_0.address,
        we1_0.code,
        we1_0.created_at,
        we1_0.name,
        we1_0.status,
        we1_0.updated_at 
    from
        warehouses we1_0 
    where
        we1_0.status=?
2026-06-08 16:44:28 DEBUG SQL:135 - 
    select
        we1_0.id,
        we1_0.address,
        we1_0.code,
        we1_0.created_at,
        we1_0.name,
        we1_0.status,
        we1_0.updated_at 
    from
        warehouses we1_0 
    where
        we1_0.id=?
2026-06-08 16:44:28 DEBUG SQL:135 - 
    select
        mie1_0.id,
        mie1_0.cost_price,
        mie1_0.created_at,
        mie1_0.material_id,
        m1_0.id,
        m1_0.category_id,
        m1_0.code,
        m1_0.created_at,
        m1_0.low_stock_threshold,
        m1_0.name,
        m1_0.status,
        m1_0.thumbnail,
        m1_0.thumbnail_public_id,
        m1_0.unit,
        m1_0.updated_at,
        mie1_0.on_hand,
        mie1_0.reserved,
        mie1_0.updated_at,
        mie1_0.version,
        mie1_0.warehouse_id 
    from
        material_inventories mie1_0 
    join
        materials m1_0 
            on m1_0.id=mie1_0.material_id 
    where
        mie1_0.warehouse_id=? 
        and m1_0.status<>? 
        and mie1_0.on_hand>0
2026-06-08 16:44:28 INFO  JwtAuthenticationFilter:79 - ⬅️ Response: GET /api/admin/warehouses/dropdown - 200
2026-06-08 16:44:28 INFO  JwtAuthenticationFilter:79 - ⬅️ Response: GET /api/admin/stocktakes/warehouses/1/materials - 200
2026-06-08 16:44:28 INFO  JwtAuthenticationFilter:37 - ➡️ Request: GET /api/auth/account-info
2026-06-08 16:44:28 DEBUG SQL:135 - 
    select
        ue1_0.id,
        ue1_0.activation_token,
        ue1_0.code,
        ue1_0.created_at,
        ue1_0.email,
        ue1_0.full_name,
        ue1_0.password,
        ue1_0.phone,
        ue1_0.provider,
        ue1_0.status,
        ue1_0.updated_at,
        ue1_0.user_image_url 
    from
        users ue1_0 
    where
        ue1_0.email=?
2026-06-08 16:44:28 DEBUG SQL:135 - 
    select
        r1_0.user_id,
        r1_1.id,
        r1_1.name,
        p1_0.role_id,
        p1_1.id,
        p1_1.description,
        p1_1.name 
    from
        users_roles r1_0 
    join
        roles r1_1 
            on r1_1.id=r1_0.role_id 
    left join
        roles_permissions p1_0 
            on r1_1.id=p1_0.role_id 
    left join
        permissions p1_1 
            on p1_1.id=p1_0.permission_id 
    where
        r1_0.user_id=?
2026-06-08 16:44:28 INFO  JwtAuthenticationFilter:79 - ⬅️ Response: GET /api/auth/account-info - 200
2026-06-08 16:44:29 INFO  JwtAuthenticationFilter:37 - ➡️ Request: GET /api/auth/account-info
2026-06-08 16:44:29 DEBUG SQL:135 - 
    select
        ue1_0.id,
        ue1_0.activation_token,
        ue1_0.code,
        ue1_0.created_at,
        ue1_0.email,
        ue1_0.full_name,
        ue1_0.password,
        ue1_0.phone,
        ue1_0.provider,
        ue1_0.status,
        ue1_0.updated_at,
        ue1_0.user_image_url 
    from
        users ue1_0 
    where
        ue1_0.email=?
2026-06-08 16:44:29 DEBUG SQL:135 - 
    select
        r1_0.user_id,
        r1_1.id,
        r1_1.name,
        p1_0.role_id,
        p1_1.id,
        p1_1.description,
        p1_1.name 
    from
        users_roles r1_0 
    join
        roles r1_1 
            on r1_1.id=r1_0.role_id 
    left join
        roles_permissions p1_0 
            on r1_1.id=p1_0.role_id 
    left join
        permissions p1_1 
            on p1_1.id=p1_0.permission_id 
    where
        r1_0.user_id=?
2026-06-08 16:44:29 INFO  JwtAuthenticationFilter:79 - ⬅️ Response: GET /api/auth/account-info - 200
2026-06-08 16:44:29 INFO  JwtAuthenticationFilter:37 - ➡️ Request: GET /api/auth/account-info
2026-06-08 16:44:29 DEBUG SQL:135 - 
    select
        ue1_0.id,
        ue1_0.activation_token,
        ue1_0.code,
        ue1_0.created_at,
        ue1_0.email,
        ue1_0.full_name,
        ue1_0.password,
        ue1_0.phone,
        ue1_0.provider,
        ue1_0.status,
        ue1_0.updated_at,
        ue1_0.user_image_url 
    from
        users ue1_0 
    where
        ue1_0.email=?
2026-06-08 16:44:29 DEBUG SQL:135 - 
    select
        r1_0.user_id,
        r1_1.id,
        r1_1.name,
        p1_0.role_id,
        p1_1.id,
        p1_1.description,
        p1_1.name 
    from
        users_roles r1_0 
    join
        roles r1_1 
            on r1_1.id=r1_0.role_id 
    left join
        roles_permissions p1_0 
            on r1_1.id=p1_0.role_id 
    left join
        permissions p1_1 
            on p1_1.id=p1_0.permission_id 
    where
        r1_0.user_id=?
2026-06-08 16:44:29 INFO  JwtAuthenticationFilter:79 - ⬅️ Response: GET /api/auth/account-info - 200
2026-06-08 16:44:30 INFO  JwtAuthenticationFilter:37 - ➡️ Request: GET /api/auth/account-info
2026-06-08 16:44:30 DEBUG SQL:135 - 
    select
        ue1_0.id,
        ue1_0.activation_token,
        ue1_0.code,
        ue1_0.created_at,
        ue1_0.email,
        ue1_0.full_name,
        ue1_0.password,
        ue1_0.phone,
        ue1_0.provider,
        ue1_0.status,
        ue1_0.updated_at,
        ue1_0.user_image_url 
    from
        users ue1_0 
    where
        ue1_0.email=?
2026-06-08 16:44:30 DEBUG SQL:135 - 
    select
        r1_0.user_id,
        r1_1.id,
        r1_1.name,
        p1_0.role_id,
        p1_1.id,
        p1_1.description,
        p1_1.name 
    from
        users_roles r1_0 
    join
        roles r1_1 
            on r1_1.id=r1_0.role_id 
    left join
        roles_permissions p1_0 
            on r1_1.id=p1_0.role_id 
    left join
        permissions p1_1 
            on p1_1.id=p1_0.permission_id 
    where
        r1_0.user_id=?
2026-06-08 16:44:30 INFO  JwtAuthenticationFilter:79 - ⬅️ Response: GET /api/auth/account-info - 200
2026-06-08 16:44:30 INFO  JwtAuthenticationFilter:37 - ➡️ Request: GET /api/auth/account-info
2026-06-08 16:44:30 DEBUG SQL:135 - 
    select
        ue1_0.id,
        ue1_0.activation_token,
        ue1_0.code,
        ue1_0.created_at,
        ue1_0.email,
        ue1_0.full_name,
        ue1_0.password,
        ue1_0.phone,
        ue1_0.provider,
        ue1_0.status,
        ue1_0.updated_at,
        ue1_0.user_image_url 
    from
        users ue1_0 
    where
        ue1_0.email=?
2026-06-08 16:44:30 DEBUG SQL:135 - 
    select
        r1_0.user_id,
        r1_1.id,
        r1_1.name,
        p1_0.role_id,
        p1_1.id,
        p1_1.description,
        p1_1.name 
    from
        users_roles r1_0 
    join
        roles r1_1 
            on r1_1.id=r1_0.role_id 
    left join
        roles_permissions p1_0 
            on r1_1.id=p1_0.role_id 
    left join
        permissions p1_1 
            on p1_1.id=p1_0.permission_id 
    where
        r1_0.user_id=?
2026-06-08 16:44:30 INFO  JwtAuthenticationFilter:79 - ⬅️ Response: GET /api/auth/account-info - 200
2026-06-08 16:44:30 INFO  JwtAuthenticationFilter:37 - ➡️ Request: GET /api/auth/account-info
2026-06-08 16:44:30 DEBUG SQL:135 - 
    select
        ue1_0.id,
        ue1_0.activation_token,
        ue1_0.code,
        ue1_0.created_at,
        ue1_0.email,
        ue1_0.full_name,
        ue1_0.password,
        ue1_0.phone,
        ue1_0.provider,
        ue1_0.status,
        ue1_0.updated_at,
        ue1_0.user_image_url 
    from
        users ue1_0 
    where
        ue1_0.email=?
2026-06-08 16:44:30 DEBUG SQL:135 - 
    select
        r1_0.user_id,
        r1_1.id,
        r1_1.name,
        p1_0.role_id,
        p1_1.id,
        p1_1.description,
        p1_1.name 
    from
        users_roles r1_0 
    join
        roles r1_1 
            on r1_1.id=r1_0.role_id 
    left join
        roles_permissions p1_0 
            on r1_1.id=p1_0.role_id 
    left join
        permissions p1_1 
            on p1_1.id=p1_0.permission_id 
    where
        r1_0.user_id=?
2026-06-08 16:44:30 INFO  JwtAuthenticationFilter:79 - ⬅️ Response: GET /api/auth/account-info - 200
2026-06-08 16:44:30 INFO  JwtAuthenticationFilter:37 - ➡️ Request: GET /api/auth/account-info
2026-06-08 16:44:30 DEBUG SQL:135 - 
    select
        ue1_0.id,
        ue1_0.activation_token,
        ue1_0.code,
        ue1_0.created_at,
        ue1_0.email,
        ue1_0.full_name,
        ue1_0.password,
        ue1_0.phone,
        ue1_0.provider,
        ue1_0.status,
        ue1_0.updated_at,
        ue1_0.user_image_url 
    from
        users ue1_0 
    where
        ue1_0.email=?
2026-06-08 16:44:30 DEBUG SQL:135 - 
    select
        r1_0.user_id,
        r1_1.id,
        r1_1.name,
        p1_0.role_id,
        p1_1.id,
        p1_1.description,
        p1_1.name 
    from
        users_roles r1_0 
    join
        roles r1_1 
            on r1_1.id=r1_0.role_id 
    left join
        roles_permissions p1_0 
            on r1_1.id=p1_0.role_id 
    left join
        permissions p1_1 
            on p1_1.id=p1_0.permission_id 
    where
        r1_0.user_id=?
2026-06-08 16:44:30 INFO  JwtAuthenticationFilter:79 - ⬅️ Response: GET /api/auth/account-info - 200
2026-06-08 16:44:30 INFO  JwtAuthenticationFilter:37 - ➡️ Request: GET /api/auth/account-info
2026-06-08 16:44:30 DEBUG SQL:135 - 
    select
        ue1_0.id,
        ue1_0.activation_token,
        ue1_0.code,
        ue1_0.created_at,
        ue1_0.email,
        ue1_0.full_name,
        ue1_0.password,
        ue1_0.phone,
        ue1_0.provider,
        ue1_0.status,
        ue1_0.updated_at,
        ue1_0.user_image_url 
    from
        users ue1_0 
    where
        ue1_0.email=?
2026-06-08 16:44:30 DEBUG SQL:135 - 
    select
        r1_0.user_id,
        r1_1.id,
        r1_1.name,
        p1_0.role_id,
        p1_1.id,
        p1_1.description,
        p1_1.name 
    from
        users_roles r1_0 
    join
        roles r1_1 
            on r1_1.id=r1_0.role_id 
    left join
        roles_permissions p1_0 
            on r1_1.id=p1_0.role_id 
    left join
        permissions p1_1 
            on p1_1.id=p1_0.permission_id 
    where
        r1_0.user_id=?
2026-06-08 16:44:30 INFO  JwtAuthenticationFilter:79 - ⬅️ Response: GET /api/auth/account-info - 200
2026-06-08 16:44:30 INFO  JwtAuthenticationFilter:37 - ➡️ Request: GET /api/auth/account-info
2026-06-08 16:44:30 DEBUG SQL:135 - 
    select
        ue1_0.id,
        ue1_0.activation_token,
        ue1_0.code,
        ue1_0.created_at,
        ue1_0.email,
        ue1_0.full_name,
        ue1_0.password,
        ue1_0.phone,
        ue1_0.provider,
        ue1_0.status,
        ue1_0.updated_at,
        ue1_0.user_image_url 
    from
        users ue1_0 
    where
        ue1_0.email=?
2026-06-08 16:44:30 DEBUG SQL:135 - 
    select
        r1_0.user_id,
        r1_1.id,
        r1_1.name,
        p1_0.role_id,
        p1_1.id,
        p1_1.description,
        p1_1.name 
    from
        users_roles r1_0 
    join
        roles r1_1 
            on r1_1.id=r1_0.role_id 
    left join
        roles_permissions p1_0 
            on r1_1.id=p1_0.role_id 
    left join
        permissions p1_1 
            on p1_1.id=p1_0.permission_id 
    where
        r1_0.user_id=?
2026-06-08 16:44:30 INFO  JwtAuthenticationFilter:79 - ⬅️ Response: GET /api/auth/account-info - 200
2026-06-08 16:44:30 INFO  JwtAuthenticationFilter:37 - ➡️ Request: GET /api/auth/account-info
2026-06-08 16:44:30 DEBUG SQL:135 - 
    select
        ue1_0.id,
        ue1_0.activation_token,
        ue1_0.code,
        ue1_0.created_at,
        ue1_0.email,
        ue1_0.full_name,
        ue1_0.password,
        ue1_0.phone,
        ue1_0.provider,
        ue1_0.status,
        ue1_0.updated_at,
        ue1_0.user_image_url 
    from
        users ue1_0 
    where
        ue1_0.email=?
2026-06-08 16:44:30 DEBUG SQL:135 - 
    select
        r1_0.user_id,
        r1_1.id,
        r1_1.name,
        p1_0.role_id,
        p1_1.id,
        p1_1.description,
        p1_1.name 
    from
        users_roles r1_0 
    join
        roles r1_1 
            on r1_1.id=r1_0.role_id 
    left join
        roles_permissions p1_0 
            on r1_1.id=p1_0.role_id 
    left join
        permissions p1_1 
            on p1_1.id=p1_0.permission_id 
    where
        r1_0.user_id=?
2026-06-08 16:44:30 INFO  JwtAuthenticationFilter:79 - ⬅️ Response: GET /api/auth/account-info - 200
2026-06-08 16:44:30 INFO  JwtAuthenticationFilter:37 - ➡️ Request: GET /api/auth/account-info
2026-06-08 16:44:30 DEBUG SQL:135 - 
    select
        ue1_0.id,
        ue1_0.activation_token,
        ue1_0.code,
        ue1_0.created_at,
        ue1_0.email,
        ue1_0.full_name,
        ue1_0.password,
        ue1_0.phone,
        ue1_0.provider,
        ue1_0.status,
        ue1_0.updated_at,
        ue1_0.user_image_url 
    from
        users ue1_0 
    where
        ue1_0.email=?
2026-06-08 16:44:30 DEBUG SQL:135 - 
    select
        r1_0.user_id,
        r1_1.id,
        r1_1.name,
        p1_0.role_id,
        p1_1.id,
        p1_1.description,
        p1_1.name 
    from
        users_roles r1_0 
    join
        roles r1_1 
            on r1_1.id=r1_0.role_id 
    left join
        roles_permissions p1_0 
            on r1_1.id=p1_0.role_id 
    left join
        permissions p1_1 
            on p1_1.id=p1_0.permission_id 
    where
        r1_0.user_id=?
2026-06-08 16:44:30 INFO  JwtAuthenticationFilter:79 - ⬅️ Response: GET /api/auth/account-info - 200
2026-06-08 16:44:30 INFO  JwtAuthenticationFilter:37 - ➡️ Request: GET /api/auth/account-info
2026-06-08 16:44:30 DEBUG SQL:135 - 
    select
        ue1_0.id,
        ue1_0.activation_token,
        ue1_0.code,
        ue1_0.created_at,
        ue1_0.email,
        ue1_0.full_name,
        ue1_0.password,
        ue1_0.phone,
        ue1_0.provider,
        ue1_0.status,
        ue1_0.updated_at,
        ue1_0.user_image_url 
    from
        users ue1_0 
    where
        ue1_0.email=?
2026-06-08 16:44:30 DEBUG SQL:135 - 
    select
        r1_0.user_id,
        r1_1.id,
        r1_1.name,
        p1_0.role_id,
        p1_1.id,
        p1_1.description,
        p1_1.name 
    from
        users_roles r1_0 
    join
        roles r1_1 
            on r1_1.id=r1_0.role_id 
    left join
        roles_permissions p1_0 
            on r1_1.id=p1_0.role_id 
    left join
        permissions p1_1 
            on p1_1.id=p1_0.permission_id 
    where
        r1_0.user_id=?
2026-06-08 16:44:30 INFO  JwtAuthenticationFilter:79 - ⬅️ Response: GET /api/auth/account-info - 200
2026-06-08 16:44:39 INFO  JwtAuthenticationFilter:37 - ➡️ Request: GET /api/admin/stocktakes/warehouses/1/materials
2026-06-08 16:44:39 INFO  JwtAuthenticationFilter:37 - ➡️ Request: GET /api/auth/account-info
2026-06-08 16:44:39 INFO  JwtAuthenticationFilter:37 - ➡️ Request: GET /api/admin/warehouses/dropdown
2026-06-08 16:44:39 DEBUG SQL:135 - 
    select
        ue1_0.id,
        ue1_0.activation_token,
        ue1_0.code,
        ue1_0.created_at,
        ue1_0.email,
        ue1_0.full_name,
        ue1_0.password,
        ue1_0.phone,
        ue1_0.provider,
        ue1_0.status,
        ue1_0.updated_at,
        ue1_0.user_image_url 
    from
        users ue1_0 
    where
        ue1_0.email=?
2026-06-08 16:44:39 DEBUG SQL:135 - 
    select
        ue1_0.id,
        ue1_0.activation_token,
        ue1_0.code,
        ue1_0.created_at,
        ue1_0.email,
        ue1_0.full_name,
        ue1_0.password,
        ue1_0.phone,
        ue1_0.provider,
        ue1_0.status,
        ue1_0.updated_at,
        ue1_0.user_image_url 
    from
        users ue1_0 
    where
        ue1_0.email=?
2026-06-08 16:44:39 DEBUG SQL:135 - 
    select
        ue1_0.id,
        ue1_0.activation_token,
        ue1_0.code,
        ue1_0.created_at,
        ue1_0.email,
        ue1_0.full_name,
        ue1_0.password,
        ue1_0.phone,
        ue1_0.provider,
        ue1_0.status,
        ue1_0.updated_at,
        ue1_0.user_image_url 
    from
        users ue1_0 
    where
        ue1_0.email=?
2026-06-08 16:44:39 DEBUG SQL:135 - 
    select
        r1_0.user_id,
        r1_1.id,
        r1_1.name,
        p1_0.role_id,
        p1_1.id,
        p1_1.description,
        p1_1.name 
    from
        users_roles r1_0 
    join
        roles r1_1 
            on r1_1.id=r1_0.role_id 
    left join
        roles_permissions p1_0 
            on r1_1.id=p1_0.role_id 
    left join
        permissions p1_1 
            on p1_1.id=p1_0.permission_id 
    where
        r1_0.user_id=?
2026-06-08 16:44:39 DEBUG SQL:135 - 
    select
        r1_0.user_id,
        r1_1.id,
        r1_1.name,
        p1_0.role_id,
        p1_1.id,
        p1_1.description,
        p1_1.name 
    from
        users_roles r1_0 
    join
        roles r1_1 
            on r1_1.id=r1_0.role_id 
    left join
        roles_permissions p1_0 
            on r1_1.id=p1_0.role_id 
    left join
        permissions p1_1 
            on p1_1.id=p1_0.permission_id 
    where
        r1_0.user_id=?
2026-06-08 16:44:39 DEBUG SQL:135 - 
    select
        r1_0.user_id,
        r1_1.id,
        r1_1.name,
        p1_0.role_id,
        p1_1.id,
        p1_1.description,
        p1_1.name 
    from
        users_roles r1_0 
    join
        roles r1_1 
            on r1_1.id=r1_0.role_id 
    left join
        roles_permissions p1_0 
            on r1_1.id=p1_0.role_id 
    left join
        permissions p1_1 
            on p1_1.id=p1_0.permission_id 
    where
        r1_0.user_id=?
2026-06-08 16:44:39 INFO  JwtAuthenticationFilter:79 - ⬅️ Response: GET /api/auth/account-info - 200
2026-06-08 16:44:39 DEBUG SQL:135 - 
    select
        we1_0.id,
        we1_0.address,
        we1_0.code,
        we1_0.created_at,
        we1_0.name,
        we1_0.status,
        we1_0.updated_at 
    from
        warehouses we1_0 
    where
        we1_0.id=?
2026-06-08 16:44:39 DEBUG SQL:135 - 
    select
        mie1_0.id,
        mie1_0.cost_price,
        mie1_0.created_at,
        mie1_0.material_id,
        m1_0.id,
        m1_0.category_id,
        m1_0.code,
        m1_0.created_at,
        m1_0.low_stock_threshold,
        m1_0.name,
        m1_0.status,
        m1_0.thumbnail,
        m1_0.thumbnail_public_id,
        m1_0.unit,
        m1_0.updated_at,
        mie1_0.on_hand,
        mie1_0.reserved,
        mie1_0.updated_at,
        mie1_0.version,
        mie1_0.warehouse_id 
    from
        material_inventories mie1_0 
    join
        materials m1_0 
            on m1_0.id=mie1_0.material_id 
    where
        mie1_0.warehouse_id=? 
        and m1_0.status<>? 
        and mie1_0.on_hand>0
2026-06-08 16:44:39 DEBUG SQL:135 - 
    select
        we1_0.id,
        we1_0.address,
        we1_0.code,
        we1_0.created_at,
        we1_0.name,
        we1_0.status,
        we1_0.updated_at 
    from
        warehouses we1_0 
    where
        we1_0.status=?
2026-06-08 16:44:39 INFO  JwtAuthenticationFilter:79 - ⬅️ Response: GET /api/admin/stocktakes/warehouses/1/materials - 200
2026-06-08 16:44:39 INFO  JwtAuthenticationFilter:79 - ⬅️ Response: GET /api/admin/warehouses/dropdown - 200
2026-06-08 16:44:49 INFO  JwtAuthenticationFilter:37 - ➡️ Request: GET /api/admin/stocktakes/warehouses/1/materials
2026-06-08 16:44:49 INFO  JwtAuthenticationFilter:37 - ➡️ Request: GET /api/admin/warehouses/dropdown
2026-06-08 16:44:49 DEBUG SQL:135 - 
    select
        ue1_0.id,
        ue1_0.activation_token,
        ue1_0.code,
        ue1_0.created_at,
        ue1_0.email,
        ue1_0.full_name,
        ue1_0.password,
        ue1_0.phone,
        ue1_0.provider,
        ue1_0.status,
        ue1_0.updated_at,
        ue1_0.user_image_url 
    from
        users ue1_0 
    where
        ue1_0.email=?
2026-06-08 16:44:49 DEBUG SQL:135 - 
    select
        ue1_0.id,
        ue1_0.activation_token,
        ue1_0.code,
        ue1_0.created_at,
        ue1_0.email,
        ue1_0.full_name,
        ue1_0.password,
        ue1_0.phone,
        ue1_0.provider,
        ue1_0.status,
        ue1_0.updated_at,
        ue1_0.user_image_url 
    from
        users ue1_0 
    where
        ue1_0.email=?
2026-06-08 16:44:49 DEBUG SQL:135 - 
    select
        r1_0.user_id,
        r1_1.id,
        r1_1.name,
        p1_0.role_id,
        p1_1.id,
        p1_1.description,
        p1_1.name 
    from
        users_roles r1_0 
    join
        roles r1_1 
            on r1_1.id=r1_0.role_id 
    left join
        roles_permissions p1_0 
            on r1_1.id=p1_0.role_id 
    left join
        permissions p1_1 
            on p1_1.id=p1_0.permission_id 
    where
        r1_0.user_id=?
2026-06-08 16:44:49 DEBUG SQL:135 - 
    select
        r1_0.user_id,
        r1_1.id,
        r1_1.name,
        p1_0.role_id,
        p1_1.id,
        p1_1.description,
        p1_1.name 
    from
        users_roles r1_0 
    join
        roles r1_1 
            on r1_1.id=r1_0.role_id 
    left join
        roles_permissions p1_0 
            on r1_1.id=p1_0.role_id 
    left join
        permissions p1_1 
            on p1_1.id=p1_0.permission_id 
    where
        r1_0.user_id=?
2026-06-08 16:44:49 DEBUG SQL:135 - 
    select
        we1_0.id,
        we1_0.address,
        we1_0.code,
        we1_0.created_at,
        we1_0.name,
        we1_0.status,
        we1_0.updated_at 
    from
        warehouses we1_0 
    where
        we1_0.id=?
2026-06-08 16:44:49 DEBUG SQL:135 - 
    select
        we1_0.id,
        we1_0.address,
        we1_0.code,
        we1_0.created_at,
        we1_0.name,
        we1_0.status,
        we1_0.updated_at 
    from
        warehouses we1_0 
    where
        we1_0.status=?
2026-06-08 16:44:49 DEBUG SQL:135 - 
    select
        mie1_0.id,
        mie1_0.cost_price,
        mie1_0.created_at,
        mie1_0.material_id,
        m1_0.id,
        m1_0.category_id,
        m1_0.code,
        m1_0.created_at,
        m1_0.low_stock_threshold,
        m1_0.name,
        m1_0.status,
        m1_0.thumbnail,
        m1_0.thumbnail_public_id,
        m1_0.unit,
        m1_0.updated_at,
        mie1_0.on_hand,
        mie1_0.reserved,
        mie1_0.updated_at,
        mie1_0.version,
        mie1_0.warehouse_id 
    from
        material_inventories mie1_0 
    join
        materials m1_0 
            on m1_0.id=mie1_0.material_id 
    where
        mie1_0.warehouse_id=? 
        and m1_0.status<>? 
        and mie1_0.on_hand>0
2026-06-08 16:44:49 INFO  JwtAuthenticationFilter:79 - ⬅️ Response: GET /api/admin/warehouses/dropdown - 200
2026-06-08 16:44:49 INFO  JwtAuthenticationFilter:79 - ⬅️ Response: GET /api/admin/stocktakes/warehouses/1/materials - 200
2026-06-08 16:46:14 INFO  JwtAuthenticationFilter:37 - ➡️ Request: GET /api/auth/account-info
2026-06-08 16:46:14 DEBUG SQL:135 - 
    select
        ue1_0.id,
        ue1_0.activation_token,
        ue1_0.code,
        ue1_0.created_at,
        ue1_0.email,
        ue1_0.full_name,
        ue1_0.password,
        ue1_0.phone,
        ue1_0.provider,
        ue1_0.status,
        ue1_0.updated_at,
        ue1_0.user_image_url 
    from
        users ue1_0 
    where
        ue1_0.email=?
2026-06-08 16:46:14 DEBUG SQL:135 - 
    select
        r1_0.user_id,
        r1_1.id,
        r1_1.name,
        p1_0.role_id,
        p1_1.id,
        p1_1.description,
        p1_1.name 
    from
        users_roles r1_0 
    join
        roles r1_1 
            on r1_1.id=r1_0.role_id 
    left join
        roles_permissions p1_0 
            on r1_1.id=p1_0.role_id 
    left join
        permissions p1_1 
            on p1_1.id=p1_0.permission_id 
    where
        r1_0.user_id=?
2026-06-08 16:46:14 INFO  JwtAuthenticationFilter:79 - ⬅️ Response: GET /api/auth/account-info - 200
2026-06-08 16:46:14 INFO  JwtAuthenticationFilter:37 - ➡️ Request: GET /api/auth/account-info
2026-06-08 16:46:14 DEBUG SQL:135 - 
    select
        ue1_0.id,
        ue1_0.activation_token,
        ue1_0.code,
        ue1_0.created_at,
        ue1_0.email,
        ue1_0.full_name,
        ue1_0.password,
        ue1_0.phone,
        ue1_0.provider,
        ue1_0.status,
        ue1_0.updated_at,
        ue1_0.user_image_url 
    from
        users ue1_0 
    where
        ue1_0.email=?
2026-06-08 16:46:14 DEBUG SQL:135 - 
    select
        r1_0.user_id,
        r1_1.id,
        r1_1.name,
        p1_0.role_id,
        p1_1.id,
        p1_1.description,
        p1_1.name 
    from
        users_roles r1_0 
    join
        roles r1_1 
            on r1_1.id=r1_0.role_id 
    left join
        roles_permissions p1_0 
            on r1_1.id=p1_0.role_id 
    left join
        permissions p1_1 
            on p1_1.id=p1_0.permission_id 
    where
        r1_0.user_id=?
2026-06-08 16:46:14 INFO  JwtAuthenticationFilter:79 - ⬅️ Response: GET /api/auth/account-info - 200
2026-06-08 16:46:14 INFO  JwtAuthenticationFilter:37 - ➡️ Request: GET /api/admin/stocktakes/warehouses/1/materials
2026-06-08 16:46:14 INFO  JwtAuthenticationFilter:37 - ➡️ Request: GET /api/admin/warehouses/dropdown
2026-06-08 16:46:14 DEBUG SQL:135 - 
    select
        ue1_0.id,
        ue1_0.activation_token,
        ue1_0.code,
        ue1_0.created_at,
        ue1_0.email,
        ue1_0.full_name,
        ue1_0.password,
        ue1_0.phone,
        ue1_0.provider,
        ue1_0.status,
        ue1_0.updated_at,
        ue1_0.user_image_url 
    from
        users ue1_0 
    where
        ue1_0.email=?
2026-06-08 16:46:14 DEBUG SQL:135 - 
    select
        ue1_0.id,
        ue1_0.activation_token,
        ue1_0.code,
        ue1_0.created_at,
        ue1_0.email,
        ue1_0.full_name,
        ue1_0.password,
        ue1_0.phone,
        ue1_0.provider,
        ue1_0.status,
        ue1_0.updated_at,
        ue1_0.user_image_url 
    from
        users ue1_0 
    where
        ue1_0.email=?
2026-06-08 16:46:14 DEBUG SQL:135 - 
    select
        r1_0.user_id,
        r1_1.id,
        r1_1.name,
        p1_0.role_id,
        p1_1.id,
        p1_1.description,
        p1_1.name 
    from
        users_roles r1_0 
    join
        roles r1_1 
            on r1_1.id=r1_0.role_id 
    left join
        roles_permissions p1_0 
            on r1_1.id=p1_0.role_id 
    left join
        permissions p1_1 
            on p1_1.id=p1_0.permission_id 
    where
        r1_0.user_id=?
2026-06-08 16:46:14 DEBUG SQL:135 - 
    select
        r1_0.user_id,
        r1_1.id,
        r1_1.name,
        p1_0.role_id,
        p1_1.id,
        p1_1.description,
        p1_1.name 
    from
        users_roles r1_0 
    join
        roles r1_1 
            on r1_1.id=r1_0.role_id 
    left join
        roles_permissions p1_0 
            on r1_1.id=p1_0.role_id 
    left join
        permissions p1_1 
            on p1_1.id=p1_0.permission_id 
    where
        r1_0.user_id=?
2026-06-08 16:46:14 DEBUG SQL:135 - 
    select
        we1_0.id,
        we1_0.address,
        we1_0.code,
        we1_0.created_at,
        we1_0.name,
        we1_0.status,
        we1_0.updated_at 
    from
        warehouses we1_0 
    where
        we1_0.id=?
2026-06-08 16:46:14 DEBUG SQL:135 - 
    select
        we1_0.id,
        we1_0.address,
        we1_0.code,
        we1_0.created_at,
        we1_0.name,
        we1_0.status,
        we1_0.updated_at 
    from
        warehouses we1_0 
    where
        we1_0.status=?
2026-06-08 16:46:14 DEBUG SQL:135 - 
    select
        mie1_0.id,
        mie1_0.cost_price,
        mie1_0.created_at,
        mie1_0.material_id,
        m1_0.id,
        m1_0.category_id,
        m1_0.code,
        m1_0.created_at,
        m1_0.low_stock_threshold,
        m1_0.name,
        m1_0.status,
        m1_0.thumbnail,
        m1_0.thumbnail_public_id,
        m1_0.unit,
        m1_0.updated_at,
        mie1_0.on_hand,
        mie1_0.reserved,
        mie1_0.updated_at,
        mie1_0.version,
        mie1_0.warehouse_id 
    from
        material_inventories mie1_0 
    join
        materials m1_0 
            on m1_0.id=mie1_0.material_id 
    where
        mie1_0.warehouse_id=? 
        and m1_0.status<>? 
        and mie1_0.on_hand>0
2026-06-08 16:46:14 INFO  JwtAuthenticationFilter:79 - ⬅️ Response: GET /api/admin/warehouses/dropdown - 200
2026-06-08 16:46:14 INFO  JwtAuthenticationFilter:79 - ⬅️ Response: GET /api/admin/stocktakes/warehouses/1/materials - 200
2026-06-08 16:46:14 INFO  JwtAuthenticationFilter:37 - ➡️ Request: GET /api/auth/account-info
2026-06-08 16:46:14 DEBUG SQL:135 - 
    select
        ue1_0.id,
        ue1_0.activation_token,
        ue1_0.code,
        ue1_0.created_at,
        ue1_0.email,
        ue1_0.full_name,
        ue1_0.password,
        ue1_0.phone,
        ue1_0.provider,
        ue1_0.status,
        ue1_0.updated_at,
        ue1_0.user_image_url 
    from
        users ue1_0 
    where
        ue1_0.email=?
2026-06-08 16:46:14 DEBUG SQL:135 - 
    select
        r1_0.user_id,
        r1_1.id,
        r1_1.name,
        p1_0.role_id,
        p1_1.id,
        p1_1.description,
        p1_1.name 
    from
        users_roles r1_0 
    join
        roles r1_1 
            on r1_1.id=r1_0.role_id 
    left join
        roles_permissions p1_0 
            on r1_1.id=p1_0.role_id 
    left join
        permissions p1_1 
            on p1_1.id=p1_0.permission_id 
    where
        r1_0.user_id=?
2026-06-08 16:46:14 INFO  JwtAuthenticationFilter:79 - ⬅️ Response: GET /api/auth/account-info - 200
2026-06-08 16:46:14 INFO  JwtAuthenticationFilter:37 - ➡️ Request: GET /api/auth/account-info
2026-06-08 16:46:14 DEBUG SQL:135 - 
    select
        ue1_0.id,
        ue1_0.activation_token,
        ue1_0.code,
        ue1_0.created_at,
        ue1_0.email,
        ue1_0.full_name,
        ue1_0.password,
        ue1_0.phone,
        ue1_0.provider,
        ue1_0.status,
        ue1_0.updated_at,
        ue1_0.user_image_url 
    from
        users ue1_0 
    where
        ue1_0.email=?
2026-06-08 16:46:14 DEBUG SQL:135 - 
    select
        r1_0.user_id,
        r1_1.id,
        r1_1.name,
        p1_0.role_id,
        p1_1.id,
        p1_1.description,
        p1_1.name 
    from
        users_roles r1_0 
    join
        roles r1_1 
            on r1_1.id=r1_0.role_id 
    left join
        roles_permissions p1_0 
            on r1_1.id=p1_0.role_id 
    left join
        permissions p1_1 
            on p1_1.id=p1_0.permission_id 
    where
        r1_0.user_id=?
2026-06-08 16:46:14 INFO  JwtAuthenticationFilter:79 - ⬅️ Response: GET /api/auth/account-info - 200
2026-06-08 16:46:15 INFO  JwtAuthenticationFilter:37 - ➡️ Request: GET /api/admin/warehouses/dropdown
2026-06-08 16:46:15 DEBUG SQL:135 - 
    select
        ue1_0.id,
        ue1_0.activation_token,
        ue1_0.code,
        ue1_0.created_at,
        ue1_0.email,
        ue1_0.full_name,
        ue1_0.password,
        ue1_0.phone,
        ue1_0.provider,
        ue1_0.status,
        ue1_0.updated_at,
        ue1_0.user_image_url 
    from
        users ue1_0 
    where
        ue1_0.email=?
2026-06-08 16:46:15 INFO  JwtAuthenticationFilter:37 - ➡️ Request: GET /api/auth/account-info
2026-06-08 16:46:15 DEBUG SQL:135 - 
    select
        r1_0.user_id,
        r1_1.id,
        r1_1.name,
        p1_0.role_id,
        p1_1.id,
        p1_1.description,
        p1_1.name 
    from
        users_roles r1_0 
    join
        roles r1_1 
            on r1_1.id=r1_0.role_id 
    left join
        roles_permissions p1_0 
            on r1_1.id=p1_0.role_id 
    left join
        permissions p1_1 
            on p1_1.id=p1_0.permission_id 
    where
        r1_0.user_id=?
2026-06-08 16:46:15 DEBUG SQL:135 - 
    select
        ue1_0.id,
        ue1_0.activation_token,
        ue1_0.code,
        ue1_0.created_at,
        ue1_0.email,
        ue1_0.full_name,
        ue1_0.password,
        ue1_0.phone,
        ue1_0.provider,
        ue1_0.status,
        ue1_0.updated_at,
        ue1_0.user_image_url 
    from
        users ue1_0 
    where
        ue1_0.email=?
2026-06-08 16:46:15 DEBUG SQL:135 - 
    select
        r1_0.user_id,
        r1_1.id,
        r1_1.name,
        p1_0.role_id,
        p1_1.id,
        p1_1.description,
        p1_1.name 
    from
        users_roles r1_0 
    join
        roles r1_1 
            on r1_1.id=r1_0.role_id 
    left join
        roles_permissions p1_0 
            on r1_1.id=p1_0.role_id 
    left join
        permissions p1_1 
            on p1_1.id=p1_0.permission_id 
    where
        r1_0.user_id=?
2026-06-08 16:46:15 DEBUG SQL:135 - 
    select
        we1_0.id,
        we1_0.address,
        we1_0.code,
        we1_0.created_at,
        we1_0.name,
        we1_0.status,
        we1_0.updated_at 
    from
        warehouses we1_0 
    where
        we1_0.status=?
2026-06-08 16:46:15 INFO  JwtAuthenticationFilter:79 - ⬅️ Response: GET /api/auth/account-info - 200
2026-06-08 16:46:15 INFO  JwtAuthenticationFilter:79 - ⬅️ Response: GET /api/admin/warehouses/dropdown - 200
2026-06-08 16:46:15 INFO  JwtAuthenticationFilter:37 - ➡️ Request: GET /api/auth/account-info
2026-06-08 16:46:15 DEBUG SQL:135 - 
    select
        ue1_0.id,
        ue1_0.activation_token,
        ue1_0.code,
        ue1_0.created_at,
        ue1_0.email,
        ue1_0.full_name,
        ue1_0.password,
        ue1_0.phone,
        ue1_0.provider,
        ue1_0.status,
        ue1_0.updated_at,
        ue1_0.user_image_url 
    from
        users ue1_0 
    where
        ue1_0.email=?
2026-06-08 16:46:15 DEBUG SQL:135 - 
    select
        r1_0.user_id,
        r1_1.id,
        r1_1.name,
        p1_0.role_id,
        p1_1.id,
        p1_1.description,
        p1_1.name 
    from
        users_roles r1_0 
    join
        roles r1_1 
            on r1_1.id=r1_0.role_id 
    left join
        roles_permissions p1_0 
            on r1_1.id=p1_0.role_id 
    left join
        permissions p1_1 
            on p1_1.id=p1_0.permission_id 
    where
        r1_0.user_id=?
2026-06-08 16:46:15 INFO  JwtAuthenticationFilter:79 - ⬅️ Response: GET /api/auth/account-info - 200
2026-06-08 16:46:16 INFO  JwtAuthenticationFilter:37 - ➡️ Request: GET /api/admin/warehouses/dropdown
2026-06-08 16:46:16 INFO  JwtAuthenticationFilter:37 - ➡️ Request: GET /api/auth/account-info
2026-06-08 16:46:16 DEBUG SQL:135 - 
    select
        ue1_0.id,
        ue1_0.activation_token,
        ue1_0.code,
        ue1_0.created_at,
        ue1_0.email,
        ue1_0.full_name,
        ue1_0.password,
        ue1_0.phone,
        ue1_0.provider,
        ue1_0.status,
        ue1_0.updated_at,
        ue1_0.user_image_url 
    from
        users ue1_0 
    where
        ue1_0.email=?
2026-06-08 16:46:16 DEBUG SQL:135 - 
    select
        ue1_0.id,
        ue1_0.activation_token,
        ue1_0.code,
        ue1_0.created_at,
        ue1_0.email,
        ue1_0.full_name,
        ue1_0.password,
        ue1_0.phone,
        ue1_0.provider,
        ue1_0.status,
        ue1_0.updated_at,
        ue1_0.user_image_url 
    from
        users ue1_0 
    where
        ue1_0.email=?
2026-06-08 16:46:16 DEBUG SQL:135 - 
    select
        r1_0.user_id,
        r1_1.id,
        r1_1.name,
        p1_0.role_id,
        p1_1.id,
        p1_1.description,
        p1_1.name 
    from
        users_roles r1_0 
    join
        roles r1_1 
            on r1_1.id=r1_0.role_id 
    left join
        roles_permissions p1_0 
            on r1_1.id=p1_0.role_id 
    left join
        permissions p1_1 
            on p1_1.id=p1_0.permission_id 
    where
        r1_0.user_id=?
2026-06-08 16:46:16 DEBUG SQL:135 - 
    select
        r1_0.user_id,
        r1_1.id,
        r1_1.name,
        p1_0.role_id,
        p1_1.id,
        p1_1.description,
        p1_1.name 
    from
        users_roles r1_0 
    join
        roles r1_1 
            on r1_1.id=r1_0.role_id 
    left join
        roles_permissions p1_0 
            on r1_1.id=p1_0.role_id 
    left join
        permissions p1_1 
            on p1_1.id=p1_0.permission_id 
    where
        r1_0.user_id=?
2026-06-08 16:46:16 INFO  JwtAuthenticationFilter:79 - ⬅️ Response: GET /api/auth/account-info - 200
2026-06-08 16:46:16 DEBUG SQL:135 - 
    select
        we1_0.id,
        we1_0.address,
        we1_0.code,
        we1_0.created_at,
        we1_0.name,
        we1_0.status,
        we1_0.updated_at 
    from
        warehouses we1_0 
    where
        we1_0.status=?
2026-06-08 16:46:16 INFO  JwtAuthenticationFilter:79 - ⬅️ Response: GET /api/admin/warehouses/dropdown - 200
2026-06-08 16:46:18 INFO  JwtAuthenticationFilter:37 - ➡️ Request: GET /api/admin/stocktakes/warehouses/1/materials
2026-06-08 16:46:18 DEBUG SQL:135 - 
    select
        ue1_0.id,
        ue1_0.activation_token,
        ue1_0.code,
        ue1_0.created_at,
        ue1_0.email,
        ue1_0.full_name,
        ue1_0.password,
        ue1_0.phone,
        ue1_0.provider,
        ue1_0.status,
        ue1_0.updated_at,
        ue1_0.user_image_url 
    from
        users ue1_0 
    where
        ue1_0.email=?
2026-06-08 16:46:18 DEBUG SQL:135 - 
    select
        r1_0.user_id,
        r1_1.id,
        r1_1.name,
        p1_0.role_id,
        p1_1.id,
        p1_1.description,
        p1_1.name 
    from
        users_roles r1_0 
    join
        roles r1_1 
            on r1_1.id=r1_0.role_id 
    left join
        roles_permissions p1_0 
            on r1_1.id=p1_0.role_id 
    left join
        permissions p1_1 
            on p1_1.id=p1_0.permission_id 
    where
        r1_0.user_id=?
2026-06-08 16:46:18 DEBUG SQL:135 - 
    select
        we1_0.id,
        we1_0.address,
        we1_0.code,
        we1_0.created_at,
        we1_0.name,
        we1_0.status,
        we1_0.updated_at 
    from
        warehouses we1_0 
    where
        we1_0.id=?
2026-06-08 16:46:18 DEBUG SQL:135 - 
    select
        mie1_0.id,
        mie1_0.cost_price,
        mie1_0.created_at,
        mie1_0.material_id,
        m1_0.id,
        m1_0.category_id,
        m1_0.code,
        m1_0.created_at,
        m1_0.low_stock_threshold,
        m1_0.name,
        m1_0.status,
        m1_0.thumbnail,
        m1_0.thumbnail_public_id,
        m1_0.unit,
        m1_0.updated_at,
        mie1_0.on_hand,
        mie1_0.reserved,
        mie1_0.updated_at,
        mie1_0.version,
        mie1_0.warehouse_id 
    from
        material_inventories mie1_0 
    join
        materials m1_0 
            on m1_0.id=mie1_0.material_id 
    where
        mie1_0.warehouse_id=? 
        and m1_0.status<>? 
        and mie1_0.on_hand>0
2026-06-08 16:46:18 INFO  JwtAuthenticationFilter:79 - ⬅️ Response: GET /api/admin/stocktakes/warehouses/1/materials - 200
2026-06-08 16:46:25 INFO  JwtAuthenticationFilter:37 - ➡️ Request: POST /api/admin/stocktakes
2026-06-08 16:46:25 DEBUG SQL:135 - 
    select
        ue1_0.id,
        ue1_0.activation_token,
        ue1_0.code,
        ue1_0.created_at,
        ue1_0.email,
        ue1_0.full_name,
        ue1_0.password,
        ue1_0.phone,
        ue1_0.provider,
        ue1_0.status,
        ue1_0.updated_at,
        ue1_0.user_image_url 
    from
        users ue1_0 
    where
        ue1_0.email=?
2026-06-08 16:46:25 DEBUG SQL:135 - 
    select
        r1_0.user_id,
        r1_1.id,
        r1_1.name,
        p1_0.role_id,
        p1_1.id,
        p1_1.description,
        p1_1.name 
    from
        users_roles r1_0 
    join
        roles r1_1 
            on r1_1.id=r1_0.role_id 
    left join
        roles_permissions p1_0 
            on r1_1.id=p1_0.role_id 
    left join
        permissions p1_1 
            on p1_1.id=p1_0.permission_id 
    where
        r1_0.user_id=?
2026-06-08 16:46:25 DEBUG SQL:135 - 
    select
        we1_0.id,
        we1_0.address,
        we1_0.code,
        we1_0.created_at,
        we1_0.name,
        we1_0.status,
        we1_0.updated_at 
    from
        warehouses we1_0 
    where
        we1_0.id=?
2026-06-08 16:46:25 DEBUG SQL:135 - 
    select
        cse1_0.prefix,
        cse1_0.value 
    from
        code_sequences cse1_0 
    where
        cse1_0.prefix=?
2026-06-08 16:46:25 DEBUG SQL:135 - 
    select
        mie1_0.id,
        mie1_0.cost_price,
        mie1_0.created_at,
        mie1_0.material_id,
        mie1_0.on_hand,
        mie1_0.reserved,
        mie1_0.updated_at,
        mie1_0.version,
        mie1_0.warehouse_id 
    from
        material_inventories mie1_0 
    left join
        materials m1_0 
            on m1_0.id=mie1_0.material_id 
    left join
        warehouses w1_0 
            on w1_0.id=mie1_0.warehouse_id 
    where
        m1_0.id=? 
        and w1_0.id=?
2026-06-08 16:46:25 DEBUG SQL:135 - 
    select
        mie1_0.id,
        mie1_0.cost_price,
        mie1_0.created_at,
        mie1_0.material_id,
        mie1_0.on_hand,
        mie1_0.reserved,
        mie1_0.updated_at,
        mie1_0.version,
        mie1_0.warehouse_id 
    from
        material_inventories mie1_0 
    left join
        materials m1_0 
            on m1_0.id=mie1_0.material_id 
    left join
        warehouses w1_0 
            on w1_0.id=mie1_0.warehouse_id 
    where
        m1_0.id=? 
        and w1_0.id=?
2026-06-08 16:46:25 DEBUG SQL:135 - 
    select
        cse1_0.prefix,
        cse1_0.value 
    from
        code_sequences cse1_0 
    where
        cse1_0.prefix=?
2026-06-08 16:46:25 DEBUG SQL:135 - 
    insert 
    into
        material_inventory_movements
        (actor_email, actor_id, after_on_hand, after_reserved, before_on_hand, before_reserved, code, created_at, material_id, note, quantity, reference_id, reference_type, type, updated_at, warehouse_id) 
    values
        (?, ?, ?, ?, ?, ?, ?, ?, ?, ?, ?, ?, ?, ?, ?, ?)
2026-06-08 16:46:25 DEBUG SQL:135 - 
    update
        code_sequences 
    set
        value=? 
    where
        prefix=?
2026-06-08 16:46:25 DEBUG SQL:135 - 
    update
        material_inventories 
    set
        cost_price=?,
        material_id=?,
        on_hand=?,
        reserved=?,
        updated_at=?,
        version=?,
        warehouse_id=? 
    where
        id=? 
        and version=?
2026-06-08 16:46:25 DEBUG SQL:135 - 
    update
        code_sequences 
    set
        value=? 
    where
        prefix=?
2026-06-08 16:46:25 DEBUG SQL:135 - 
    update
        material_inventory_movements 
    set
        actor_email=?,
        actor_id=?,
        after_on_hand=?,
        after_reserved=?,
        before_on_hand=?,
        before_reserved=?,
        code=?,
        material_id=?,
        note=?,
        quantity=?,
        reference_id=?,
        reference_type=?,
        type=?,
        updated_at=?,
        warehouse_id=? 
    where
        id=?
2026-06-08 16:46:25 DEBUG SQL:135 - 
    select
        mie1_0.id,
        mie1_0.cost_price,
        mie1_0.created_at,
        mie1_0.material_id,
        mie1_0.on_hand,
        mie1_0.reserved,
        mie1_0.updated_at,
        mie1_0.version,
        mie1_0.warehouse_id 
    from
        material_inventories mie1_0 
    left join
        materials m1_0 
            on m1_0.id=mie1_0.material_id 
    left join
        warehouses w1_0 
            on w1_0.id=mie1_0.warehouse_id 
    where
        m1_0.id=? 
        and w1_0.id=?
2026-06-08 16:46:25 DEBUG SQL:135 - 
    select
        null,
        ue1_0.activation_token,
        ue1_0.code,
        ue1_0.created_at,
        ue1_0.email,
        ue1_0.full_name,
        ue1_0.password,
        ue1_0.phone,
        ue1_0.provider,
        ue1_0.status,
        ue1_0.updated_at,
        ue1_0.user_image_url 
    from
        users ue1_0 
    where
        ue1_0.id=?
2026-06-08 16:46:25 DEBUG SQL:135 - 
    insert 
    into
        stocktakes
        (code, created_at, created_by, note, updated_at, warehouse_id) 
    values
        (?, ?, ?, ?, ?, ?)
2026-06-08 16:46:25 DEBUG SQL:135 - 
    insert 
    into
        stocktake_details
        (actual_qty, created_at, difference, material_id, stocktake_id, system_qty, updated_at) 
    values
        (?, ?, ?, ?, ?, ?, ?)
2026-06-08 16:46:25 DEBUG SQL:135 - 
    select
        me1_0.id,
        me1_0.category_id,
        me1_0.code,
        me1_0.created_at,
        me1_0.low_stock_threshold,
        me1_0.name,
        me1_0.status,
        me1_0.thumbnail,
        me1_0.thumbnail_public_id,
        me1_0.unit,
        me1_0.updated_at 
    from
        materials me1_0 
    where
        me1_0.id=?
2026-06-08 16:46:25 INFO  JwtAuthenticationFilter:79 - ⬅️ Response: POST /api/admin/stocktakes - 201
2026-06-08 16:46:31 INFO  JwtAuthenticationFilter:37 - ➡️ Request: GET /api/admin/warehouses/dropdown
2026-06-08 16:46:31 INFO  JwtAuthenticationFilter:37 - ➡️ Request: GET /api/admin/stocktakes
2026-06-08 16:46:31 DEBUG SQL:135 - 
    select
        ue1_0.id,
        ue1_0.activation_token,
        ue1_0.code,
        ue1_0.created_at,
        ue1_0.email,
        ue1_0.full_name,
        ue1_0.password,
        ue1_0.phone,
        ue1_0.provider,
        ue1_0.status,
        ue1_0.updated_at,
        ue1_0.user_image_url 
    from
        users ue1_0 
    where
        ue1_0.email=?
2026-06-08 16:46:31 DEBUG SQL:135 - 
    select
        ue1_0.id,
        ue1_0.activation_token,
        ue1_0.code,
        ue1_0.created_at,
        ue1_0.email,
        ue1_0.full_name,
        ue1_0.password,
        ue1_0.phone,
        ue1_0.provider,
        ue1_0.status,
        ue1_0.updated_at,
        ue1_0.user_image_url 
    from
        users ue1_0 
    where
        ue1_0.email=?
2026-06-08 16:46:31 DEBUG SQL:135 - 
    select
        r1_0.user_id,
        r1_1.id,
        r1_1.name,
        p1_0.role_id,
        p1_1.id,
        p1_1.description,
        p1_1.name 
    from
        users_roles r1_0 
    join
        roles r1_1 
            on r1_1.id=r1_0.role_id 
    left join
        roles_permissions p1_0 
            on r1_1.id=p1_0.role_id 
    left join
        permissions p1_1 
            on p1_1.id=p1_0.permission_id 
    where
        r1_0.user_id=?
2026-06-08 16:46:31 DEBUG SQL:135 - 
    select
        r1_0.user_id,
        r1_1.id,
        r1_1.name,
        p1_0.role_id,
        p1_1.id,
        p1_1.description,
        p1_1.name 
    from
        users_roles r1_0 
    join
        roles r1_1 
            on r1_1.id=r1_0.role_id 
    left join
        roles_permissions p1_0 
            on r1_1.id=p1_0.role_id 
    left join
        permissions p1_1 
            on p1_1.id=p1_0.permission_id 
    where
        r1_0.user_id=?
2026-06-08 16:46:31 DEBUG SQL:135 - 
    select
        we1_0.id,
        we1_0.address,
        we1_0.code,
        we1_0.created_at,
        we1_0.name,
        we1_0.status,
        we1_0.updated_at 
    from
        warehouses we1_0 
    where
        we1_0.status=?
2026-06-08 16:46:31 DEBUG SQL:135 - 
    select
        se1_0.id,
        se1_0.code,
        se1_0.created_at,
        se1_0.created_by,
        se1_0.note,
        se1_0.updated_at,
        se1_0.warehouse_id 
    from
        stocktakes se1_0 
    where
        1=1 
    order by
        se1_0.id desc 
    limit
        ?, ?
2026-06-08 16:46:31 INFO  JwtAuthenticationFilter:79 - ⬅️ Response: GET /api/admin/warehouses/dropdown - 200
2026-06-08 16:46:31 DEBUG SQL:135 - 
    select
        we1_0.id,
        we1_0.address,
        we1_0.code,
        we1_0.created_at,
        we1_0.name,
        we1_0.status,
        we1_0.updated_at 
    from
        warehouses we1_0 
    where
        we1_0.id=?
2026-06-08 16:46:31 DEBUG SQL:135 - 
    select
        d1_0.stocktake_id,
        d1_0.id,
        d1_0.actual_qty,
        d1_0.created_at,
        d1_0.difference,
        d1_0.material_id,
        d1_0.system_qty,
        d1_0.updated_at 
    from
        stocktake_details d1_0 
    where
        d1_0.stocktake_id=?
2026-06-08 16:46:31 DEBUG SQL:135 - 
    select
        ue1_0.id,
        ue1_0.activation_token,
        ue1_0.code,
        ue1_0.created_at,
        ue1_0.email,
        ue1_0.full_name,
        ue1_0.password,
        ue1_0.phone,
        ue1_0.provider,
        r1_0.user_id,
        r1_1.id,
        r1_1.name,
        p1_0.role_id,
        p1_1.id,
        p1_1.description,
        p1_1.name,
        ue1_0.status,
        ue1_0.updated_at,
        ue1_0.user_image_url 
    from
        users ue1_0 
    left join
        users_roles r1_0 
            on ue1_0.id=r1_0.user_id 
    left join
        roles r1_1 
            on r1_1.id=r1_0.role_id 
    left join
        roles_permissions p1_0 
            on r1_1.id=p1_0.role_id 
    left join
        permissions p1_1 
            on p1_1.id=p1_0.permission_id 
    where
        ue1_0.id=?
2026-06-08 16:46:31 INFO  JwtAuthenticationFilter:79 - ⬅️ Response: GET /api/admin/stocktakes - 200
2026-06-08 16:46:38 INFO  JwtAuthenticationFilter:37 - ➡️ Request: GET /api/admin/stocktakes/1
2026-06-08 16:46:38 DEBUG SQL:135 - 
    select
        ue1_0.id,
        ue1_0.activation_token,
        ue1_0.code,
        ue1_0.created_at,
        ue1_0.email,
        ue1_0.full_name,
        ue1_0.password,
        ue1_0.phone,
        ue1_0.provider,
        ue1_0.status,
        ue1_0.updated_at,
        ue1_0.user_image_url 
    from
        users ue1_0 
    where
        ue1_0.email=?
2026-06-08 16:46:38 DEBUG SQL:135 - 
    select
        r1_0.user_id,
        r1_1.id,
        r1_1.name,
        p1_0.role_id,
        p1_1.id,
        p1_1.description,
        p1_1.name 
    from
        users_roles r1_0 
    join
        roles r1_1 
            on r1_1.id=r1_0.role_id 
    left join
        roles_permissions p1_0 
            on r1_1.id=p1_0.role_id 
    left join
        permissions p1_1 
            on p1_1.id=p1_0.permission_id 
    where
        r1_0.user_id=?
2026-06-08 16:46:38 DEBUG SQL:135 - 
    select
        se1_0.id,
        se1_0.code,
        se1_0.created_at,
        se1_0.created_by,
        se1_0.note,
        se1_0.updated_at,
        se1_0.warehouse_id 
    from
        stocktakes se1_0 
    where
        se1_0.id=?
2026-06-08 16:46:38 DEBUG SQL:135 - 
    select
        we1_0.id,
        we1_0.address,
        we1_0.code,
        we1_0.created_at,
        we1_0.name,
        we1_0.status,
        we1_0.updated_at 
    from
        warehouses we1_0 
    where
        we1_0.id=?
2026-06-08 16:46:38 DEBUG SQL:135 - 
    select
        d1_0.stocktake_id,
        d1_0.id,
        d1_0.actual_qty,
        d1_0.created_at,
        d1_0.difference,
        d1_0.material_id,
        d1_0.system_qty,
        d1_0.updated_at 
    from
        stocktake_details d1_0 
    where
        d1_0.stocktake_id=?
2026-06-08 16:46:38 DEBUG SQL:135 - 
    select
        ue1_0.id,
        ue1_0.activation_token,
        ue1_0.code,
        ue1_0.created_at,
        ue1_0.email,
        ue1_0.full_name,
        ue1_0.password,
        ue1_0.phone,
        ue1_0.provider,
        r1_0.user_id,
        r1_1.id,
        r1_1.name,
        p1_0.role_id,
        p1_1.id,
        p1_1.description,
        p1_1.name,
        ue1_0.status,
        ue1_0.updated_at,
        ue1_0.user_image_url 
    from
        users ue1_0 
    left join
        users_roles r1_0 
            on ue1_0.id=r1_0.user_id 
    left join
        roles r1_1 
            on r1_1.id=r1_0.role_id 
    left join
        roles_permissions p1_0 
            on r1_1.id=p1_0.role_id 
    left join
        permissions p1_1 
            on p1_1.id=p1_0.permission_id 
    where
        ue1_0.id=?
2026-06-08 16:46:38 DEBUG SQL:135 - 
    select
        me1_0.id,
        me1_0.category_id,
        me1_0.code,
        me1_0.created_at,
        me1_0.low_stock_threshold,
        me1_0.name,
        me1_0.status,
        me1_0.thumbnail,
        me1_0.thumbnail_public_id,
        me1_0.unit,
        me1_0.updated_at 
    from
        materials me1_0 
    where
        me1_0.id=?
2026-06-08 16:46:38 INFO  JwtAuthenticationFilter:79 - ⬅️ Response: GET /api/admin/stocktakes/1 - 200
2026-06-08 16:46:38 INFO  JwtAuthenticationFilter:37 - ➡️ Request: GET /api/admin/stocktakes/1
2026-06-08 16:46:38 DEBUG SQL:135 - 
    select
        ue1_0.id,
        ue1_0.activation_token,
        ue1_0.code,
        ue1_0.created_at,
        ue1_0.email,
        ue1_0.full_name,
        ue1_0.password,
        ue1_0.phone,
        ue1_0.provider,
        ue1_0.status,
        ue1_0.updated_at,
        ue1_0.user_image_url 
    from
        users ue1_0 
    where
        ue1_0.email=?
2026-06-08 16:46:38 DEBUG SQL:135 - 
    select
        r1_0.user_id,
        r1_1.id,
        r1_1.name,
        p1_0.role_id,
        p1_1.id,
        p1_1.description,
        p1_1.name 
    from
        users_roles r1_0 
    join
        roles r1_1 
            on r1_1.id=r1_0.role_id 
    left join
        roles_permissions p1_0 
            on r1_1.id=p1_0.role_id 
    left join
        permissions p1_1 
            on p1_1.id=p1_0.permission_id 
    where
        r1_0.user_id=?
2026-06-08 16:46:38 DEBUG SQL:135 - 
    select
        se1_0.id,
        se1_0.code,
        se1_0.created_at,
        se1_0.created_by,
        se1_0.note,
        se1_0.updated_at,
        se1_0.warehouse_id 
    from
        stocktakes se1_0 
    where
        se1_0.id=?
2026-06-08 16:46:38 DEBUG SQL:135 - 
    select
        we1_0.id,
        we1_0.address,
        we1_0.code,
        we1_0.created_at,
        we1_0.name,
        we1_0.status,
        we1_0.updated_at 
    from
        warehouses we1_0 
    where
        we1_0.id=?
2026-06-08 16:46:38 DEBUG SQL:135 - 
    select
        d1_0.stocktake_id,
        d1_0.id,
        d1_0.actual_qty,
        d1_0.created_at,
        d1_0.difference,
        d1_0.material_id,
        d1_0.system_qty,
        d1_0.updated_at 
    from
        stocktake_details d1_0 
    where
        d1_0.stocktake_id=?
2026-06-08 16:46:38 DEBUG SQL:135 - 
    select
        ue1_0.id,
        ue1_0.activation_token,
        ue1_0.code,
        ue1_0.created_at,
        ue1_0.email,
        ue1_0.full_name,
        ue1_0.password,
        ue1_0.phone,
        ue1_0.provider,
        r1_0.user_id,
        r1_1.id,
        r1_1.name,
        p1_0.role_id,
        p1_1.id,
        p1_1.description,
        p1_1.name,
        ue1_0.status,
        ue1_0.updated_at,
        ue1_0.user_image_url 
    from
        users ue1_0 
    left join
        users_roles r1_0 
            on ue1_0.id=r1_0.user_id 
    left join
        roles r1_1 
            on r1_1.id=r1_0.role_id 
    left join
        roles_permissions p1_0 
            on r1_1.id=p1_0.role_id 
    left join
        permissions p1_1 
            on p1_1.id=p1_0.permission_id 
    where
        ue1_0.id=?
2026-06-08 16:46:38 DEBUG SQL:135 - 
    select
        me1_0.id,
        me1_0.category_id,
        me1_0.code,
        me1_0.created_at,
        me1_0.low_stock_threshold,
        me1_0.name,
        me1_0.status,
        me1_0.thumbnail,
        me1_0.thumbnail_public_id,
        me1_0.unit,
        me1_0.updated_at 
    from
        materials me1_0 
    where
        me1_0.id=?
2026-06-08 16:46:38 INFO  JwtAuthenticationFilter:79 - ⬅️ Response: GET /api/admin/stocktakes/1 - 200
2026-06-08 16:46:59 INFO  JwtAuthenticationFilter:37 - ➡️ Request: GET /api/auth/account-info
2026-06-08 16:46:59 INFO  JwtAuthenticationFilter:37 - ➡️ Request: GET /api/admin/stocktakes/1
2026-06-08 16:46:59 DEBUG SQL:135 - 
    select
        ue1_0.id,
        ue1_0.activation_token,
        ue1_0.code,
        ue1_0.created_at,
        ue1_0.email,
        ue1_0.full_name,
        ue1_0.password,
        ue1_0.phone,
        ue1_0.provider,
        ue1_0.status,
        ue1_0.updated_at,
        ue1_0.user_image_url 
    from
        users ue1_0 
    where
        ue1_0.email=?
2026-06-08 16:46:59 DEBUG SQL:135 - 
    select
        ue1_0.id,
        ue1_0.activation_token,
        ue1_0.code,
        ue1_0.created_at,
        ue1_0.email,
        ue1_0.full_name,
        ue1_0.password,
        ue1_0.phone,
        ue1_0.provider,
        ue1_0.status,
        ue1_0.updated_at,
        ue1_0.user_image_url 
    from
        users ue1_0 
    where
        ue1_0.email=?
2026-06-08 16:46:59 DEBUG SQL:135 - 
    select
        r1_0.user_id,
        r1_1.id,
        r1_1.name,
        p1_0.role_id,
        p1_1.id,
        p1_1.description,
        p1_1.name 
    from
        users_roles r1_0 
    join
        roles r1_1 
            on r1_1.id=r1_0.role_id 
    left join
        roles_permissions p1_0 
            on r1_1.id=p1_0.role_id 
    left join
        permissions p1_1 
            on p1_1.id=p1_0.permission_id 
    where
        r1_0.user_id=?
2026-06-08 16:46:59 DEBUG SQL:135 - 
    select
        r1_0.user_id,
        r1_1.id,
        r1_1.name,
        p1_0.role_id,
        p1_1.id,
        p1_1.description,
        p1_1.name 
    from
        users_roles r1_0 
    join
        roles r1_1 
            on r1_1.id=r1_0.role_id 
    left join
        roles_permissions p1_0 
            on r1_1.id=p1_0.role_id 
    left join
        permissions p1_1 
            on p1_1.id=p1_0.permission_id 
    where
        r1_0.user_id=?
2026-06-08 16:46:59 DEBUG SQL:135 - 
    select
        se1_0.id,
        se1_0.code,
        se1_0.created_at,
        se1_0.created_by,
        se1_0.note,
        se1_0.updated_at,
        se1_0.warehouse_id 
    from
        stocktakes se1_0 
    where
        se1_0.id=?
2026-06-08 16:46:59 INFO  JwtAuthenticationFilter:79 - ⬅️ Response: GET /api/auth/account-info - 200
2026-06-08 16:46:59 DEBUG SQL:135 - 
    select
        we1_0.id,
        we1_0.address,
        we1_0.code,
        we1_0.created_at,
        we1_0.name,
        we1_0.status,
        we1_0.updated_at 
    from
        warehouses we1_0 
    where
        we1_0.id=?
2026-06-08 16:46:59 DEBUG SQL:135 - 
    select
        d1_0.stocktake_id,
        d1_0.id,
        d1_0.actual_qty,
        d1_0.created_at,
        d1_0.difference,
        d1_0.material_id,
        d1_0.system_qty,
        d1_0.updated_at 
    from
        stocktake_details d1_0 
    where
        d1_0.stocktake_id=?
2026-06-08 16:46:59 DEBUG SQL:135 - 
    select
        ue1_0.id,
        ue1_0.activation_token,
        ue1_0.code,
        ue1_0.created_at,
        ue1_0.email,
        ue1_0.full_name,
        ue1_0.password,
        ue1_0.phone,
        ue1_0.provider,
        r1_0.user_id,
        r1_1.id,
        r1_1.name,
        p1_0.role_id,
        p1_1.id,
        p1_1.description,
        p1_1.name,
        ue1_0.status,
        ue1_0.updated_at,
        ue1_0.user_image_url 
    from
        users ue1_0 
    left join
        users_roles r1_0 
            on ue1_0.id=r1_0.user_id 
    left join
        roles r1_1 
            on r1_1.id=r1_0.role_id 
    left join
        roles_permissions p1_0 
            on r1_1.id=p1_0.role_id 
    left join
        permissions p1_1 
            on p1_1.id=p1_0.permission_id 
    where
        ue1_0.id=?
2026-06-08 16:46:59 DEBUG SQL:135 - 
    select
        me1_0.id,
        me1_0.category_id,
        me1_0.code,
        me1_0.created_at,
        me1_0.low_stock_threshold,
        me1_0.name,
        me1_0.status,
        me1_0.thumbnail,
        me1_0.thumbnail_public_id,
        me1_0.unit,
        me1_0.updated_at 
    from
        materials me1_0 
    where
        me1_0.id=?
2026-06-08 16:46:59 INFO  JwtAuthenticationFilter:79 - ⬅️ Response: GET /api/admin/stocktakes/1 - 200
2026-06-08 16:46:59 INFO  JwtAuthenticationFilter:37 - ➡️ Request: GET /api/auth/account-info
2026-06-08 16:46:59 INFO  JwtAuthenticationFilter:37 - ➡️ Request: GET /api/admin/stocktakes/1
2026-06-08 16:46:59 DEBUG SQL:135 - 
    select
        ue1_0.id,
        ue1_0.activation_token,
        ue1_0.code,
        ue1_0.created_at,
        ue1_0.email,
        ue1_0.full_name,
        ue1_0.password,
        ue1_0.phone,
        ue1_0.provider,
        ue1_0.status,
        ue1_0.updated_at,
        ue1_0.user_image_url 
    from
        users ue1_0 
    where
        ue1_0.email=?
2026-06-08 16:46:59 DEBUG SQL:135 - 
    select
        ue1_0.id,
        ue1_0.activation_token,
        ue1_0.code,
        ue1_0.created_at,
        ue1_0.email,
        ue1_0.full_name,
        ue1_0.password,
        ue1_0.phone,
        ue1_0.provider,
        ue1_0.status,
        ue1_0.updated_at,
        ue1_0.user_image_url 
    from
        users ue1_0 
    where
        ue1_0.email=?
2026-06-08 16:46:59 DEBUG SQL:135 - 
    select
        r1_0.user_id,
        r1_1.id,
        r1_1.name,
        p1_0.role_id,
        p1_1.id,
        p1_1.description,
        p1_1.name 
    from
        users_roles r1_0 
    join
        roles r1_1 
            on r1_1.id=r1_0.role_id 
    left join
        roles_permissions p1_0 
            on r1_1.id=p1_0.role_id 
    left join
        permissions p1_1 
            on p1_1.id=p1_0.permission_id 
    where
        r1_0.user_id=?
2026-06-08 16:46:59 DEBUG SQL:135 - 
    select
        r1_0.user_id,
        r1_1.id,
        r1_1.name,
        p1_0.role_id,
        p1_1.id,
        p1_1.description,
        p1_1.name 
    from
        users_roles r1_0 
    join
        roles r1_1 
            on r1_1.id=r1_0.role_id 
    left join
        roles_permissions p1_0 
            on r1_1.id=p1_0.role_id 
    left join
        permissions p1_1 
            on p1_1.id=p1_0.permission_id 
    where
        r1_0.user_id=?
2026-06-08 16:46:59 INFO  JwtAuthenticationFilter:79 - ⬅️ Response: GET /api/auth/account-info - 200
2026-06-08 16:46:59 DEBUG SQL:135 - 
    select
        se1_0.id,
        se1_0.code,
        se1_0.created_at,
        se1_0.created_by,
        se1_0.note,
        se1_0.updated_at,
        se1_0.warehouse_id 
    from
        stocktakes se1_0 
    where
        se1_0.id=?
2026-06-08 16:46:59 DEBUG SQL:135 - 
    select
        we1_0.id,
        we1_0.address,
        we1_0.code,
        we1_0.created_at,
        we1_0.name,
        we1_0.status,
        we1_0.updated_at 
    from
        warehouses we1_0 
    where
        we1_0.id=?
2026-06-08 16:46:59 DEBUG SQL:135 - 
    select
        d1_0.stocktake_id,
        d1_0.id,
        d1_0.actual_qty,
        d1_0.created_at,
        d1_0.difference,
        d1_0.material_id,
        d1_0.system_qty,
        d1_0.updated_at 
    from
        stocktake_details d1_0 
    where
        d1_0.stocktake_id=?
2026-06-08 16:46:59 DEBUG SQL:135 - 
    select
        ue1_0.id,
        ue1_0.activation_token,
        ue1_0.code,
        ue1_0.created_at,
        ue1_0.email,
        ue1_0.full_name,
        ue1_0.password,
        ue1_0.phone,
        ue1_0.provider,
        r1_0.user_id,
        r1_1.id,
        r1_1.name,
        p1_0.role_id,
        p1_1.id,
        p1_1.description,
        p1_1.name,
        ue1_0.status,
        ue1_0.updated_at,
        ue1_0.user_image_url 
    from
        users ue1_0 
    left join
        users_roles r1_0 
            on ue1_0.id=r1_0.user_id 
    left join
        roles r1_1 
            on r1_1.id=r1_0.role_id 
    left join
        roles_permissions p1_0 
            on r1_1.id=p1_0.role_id 
    left join
        permissions p1_1 
            on p1_1.id=p1_0.permission_id 
    where
        ue1_0.id=?
2026-06-08 16:46:59 DEBUG SQL:135 - 
    select
        me1_0.id,
        me1_0.category_id,
        me1_0.code,
        me1_0.created_at,
        me1_0.low_stock_threshold,
        me1_0.name,
        me1_0.status,
        me1_0.thumbnail,
        me1_0.thumbnail_public_id,
        me1_0.unit,
        me1_0.updated_at 
    from
        materials me1_0 
    where
        me1_0.id=?
2026-06-08 16:46:59 INFO  JwtAuthenticationFilter:79 - ⬅️ Response: GET /api/admin/stocktakes/1 - 200
2026-06-08 16:47:07 INFO  JwtAuthenticationFilter:37 - ➡️ Request: GET /api/admin/stocktakes/1
2026-06-08 16:47:07 INFO  JwtAuthenticationFilter:37 - ➡️ Request: GET /api/auth/account-info
2026-06-08 16:47:07 DEBUG SQL:135 - 
    select
        ue1_0.id,
        ue1_0.activation_token,
        ue1_0.code,
        ue1_0.created_at,
        ue1_0.email,
        ue1_0.full_name,
        ue1_0.password,
        ue1_0.phone,
        ue1_0.provider,
        ue1_0.status,
        ue1_0.updated_at,
        ue1_0.user_image_url 
    from
        users ue1_0 
    where
        ue1_0.email=?
2026-06-08 16:47:07 DEBUG SQL:135 - 
    select
        ue1_0.id,
        ue1_0.activation_token,
        ue1_0.code,
        ue1_0.created_at,
        ue1_0.email,
        ue1_0.full_name,
        ue1_0.password,
        ue1_0.phone,
        ue1_0.provider,
        ue1_0.status,
        ue1_0.updated_at,
        ue1_0.user_image_url 
    from
        users ue1_0 
    where
        ue1_0.email=?
2026-06-08 16:47:07 DEBUG SQL:135 - 
    select
        r1_0.user_id,
        r1_1.id,
        r1_1.name,
        p1_0.role_id,
        p1_1.id,
        p1_1.description,
        p1_1.name 
    from
        users_roles r1_0 
    join
        roles r1_1 
            on r1_1.id=r1_0.role_id 
    left join
        roles_permissions p1_0 
            on r1_1.id=p1_0.role_id 
    left join
        permissions p1_1 
            on p1_1.id=p1_0.permission_id 
    where
        r1_0.user_id=?
2026-06-08 16:47:07 DEBUG SQL:135 - 
    select
        r1_0.user_id,
        r1_1.id,
        r1_1.name,
        p1_0.role_id,
        p1_1.id,
        p1_1.description,
        p1_1.name 
    from
        users_roles r1_0 
    join
        roles r1_1 
            on r1_1.id=r1_0.role_id 
    left join
        roles_permissions p1_0 
            on r1_1.id=p1_0.role_id 
    left join
        permissions p1_1 
            on p1_1.id=p1_0.permission_id 
    where
        r1_0.user_id=?
2026-06-08 16:47:07 INFO  JwtAuthenticationFilter:79 - ⬅️ Response: GET /api/auth/account-info - 200
2026-06-08 16:47:07 DEBUG SQL:135 - 
    select
        se1_0.id,
        se1_0.code,
        se1_0.created_at,
        se1_0.created_by,
        se1_0.note,
        se1_0.updated_at,
        se1_0.warehouse_id 
    from
        stocktakes se1_0 
    where
        se1_0.id=?
2026-06-08 16:47:07 DEBUG SQL:135 - 
    select
        we1_0.id,
        we1_0.address,
        we1_0.code,
        we1_0.created_at,
        we1_0.name,
        we1_0.status,
        we1_0.updated_at 
    from
        warehouses we1_0 
    where
        we1_0.id=?
2026-06-08 16:47:07 DEBUG SQL:135 - 
    select
        d1_0.stocktake_id,
        d1_0.id,
        d1_0.actual_qty,
        d1_0.created_at,
        d1_0.difference,
        d1_0.material_id,
        d1_0.system_qty,
        d1_0.updated_at 
    from
        stocktake_details d1_0 
    where
        d1_0.stocktake_id=?
2026-06-08 16:47:07 DEBUG SQL:135 - 
    select
        ue1_0.id,
        ue1_0.activation_token,
        ue1_0.code,
        ue1_0.created_at,
        ue1_0.email,
        ue1_0.full_name,
        ue1_0.password,
        ue1_0.phone,
        ue1_0.provider,
        r1_0.user_id,
        r1_1.id,
        r1_1.name,
        p1_0.role_id,
        p1_1.id,
        p1_1.description,
        p1_1.name,
        ue1_0.status,
        ue1_0.updated_at,
        ue1_0.user_image_url 
    from
        users ue1_0 
    left join
        users_roles r1_0 
            on ue1_0.id=r1_0.user_id 
    left join
        roles r1_1 
            on r1_1.id=r1_0.role_id 
    left join
        roles_permissions p1_0 
            on r1_1.id=p1_0.role_id 
    left join
        permissions p1_1 
            on p1_1.id=p1_0.permission_id 
    where
        ue1_0.id=?
2026-06-08 16:47:07 DEBUG SQL:135 - 
    select
        me1_0.id,
        me1_0.category_id,
        me1_0.code,
        me1_0.created_at,
        me1_0.low_stock_threshold,
        me1_0.name,
        me1_0.status,
        me1_0.thumbnail,
        me1_0.thumbnail_public_id,
        me1_0.unit,
        me1_0.updated_at 
    from
        materials me1_0 
    where
        me1_0.id=?
2026-06-08 16:47:07 INFO  JwtAuthenticationFilter:79 - ⬅️ Response: GET /api/admin/stocktakes/1 - 200
2026-06-08 16:47:08 INFO  JwtAuthenticationFilter:37 - ➡️ Request: GET /api/admin/stocktakes/1
2026-06-08 16:47:08 INFO  JwtAuthenticationFilter:37 - ➡️ Request: GET /api/auth/account-info
2026-06-08 16:47:08 DEBUG SQL:135 - 
    select
        ue1_0.id,
        ue1_0.activation_token,
        ue1_0.code,
        ue1_0.created_at,
        ue1_0.email,
        ue1_0.full_name,
        ue1_0.password,
        ue1_0.phone,
        ue1_0.provider,
        ue1_0.status,
        ue1_0.updated_at,
        ue1_0.user_image_url 
    from
        users ue1_0 
    where
        ue1_0.email=?
2026-06-08 16:47:08 DEBUG SQL:135 - 
    select
        ue1_0.id,
        ue1_0.activation_token,
        ue1_0.code,
        ue1_0.created_at,
        ue1_0.email,
        ue1_0.full_name,
        ue1_0.password,
        ue1_0.phone,
        ue1_0.provider,
        ue1_0.status,
        ue1_0.updated_at,
        ue1_0.user_image_url 
    from
        users ue1_0 
    where
        ue1_0.email=?
2026-06-08 16:47:08 DEBUG SQL:135 - 
    select
        r1_0.user_id,
        r1_1.id,
        r1_1.name,
        p1_0.role_id,
        p1_1.id,
        p1_1.description,
        p1_1.name 
    from
        users_roles r1_0 
    join
        roles r1_1 
            on r1_1.id=r1_0.role_id 
    left join
        roles_permissions p1_0 
            on r1_1.id=p1_0.role_id 
    left join
        permissions p1_1 
            on p1_1.id=p1_0.permission_id 
    where
        r1_0.user_id=?
2026-06-08 16:47:08 DEBUG SQL:135 - 
    select
        r1_0.user_id,
        r1_1.id,
        r1_1.name,
        p1_0.role_id,
        p1_1.id,
        p1_1.description,
        p1_1.name 
    from
        users_roles r1_0 
    join
        roles r1_1 
            on r1_1.id=r1_0.role_id 
    left join
        roles_permissions p1_0 
            on r1_1.id=p1_0.role_id 
    left join
        permissions p1_1 
            on p1_1.id=p1_0.permission_id 
    where
        r1_0.user_id=?
2026-06-08 16:47:08 INFO  JwtAuthenticationFilter:79 - ⬅️ Response: GET /api/auth/account-info - 200
2026-06-08 16:47:08 DEBUG SQL:135 - 
    select
        se1_0.id,
        se1_0.code,
        se1_0.created_at,
        se1_0.created_by,
        se1_0.note,
        se1_0.updated_at,
        se1_0.warehouse_id 
    from
        stocktakes se1_0 
    where
        se1_0.id=?
2026-06-08 16:47:08 DEBUG SQL:135 - 
    select
        we1_0.id,
        we1_0.address,
        we1_0.code,
        we1_0.created_at,
        we1_0.name,
        we1_0.status,
        we1_0.updated_at 
    from
        warehouses we1_0 
    where
        we1_0.id=?
2026-06-08 16:47:08 DEBUG SQL:135 - 
    select
        d1_0.stocktake_id,
        d1_0.id,
        d1_0.actual_qty,
        d1_0.created_at,
        d1_0.difference,
        d1_0.material_id,
        d1_0.system_qty,
        d1_0.updated_at 
    from
        stocktake_details d1_0 
    where
        d1_0.stocktake_id=?
2026-06-08 16:47:08 DEBUG SQL:135 - 
    select
        ue1_0.id,
        ue1_0.activation_token,
        ue1_0.code,
        ue1_0.created_at,
        ue1_0.email,
        ue1_0.full_name,
        ue1_0.password,
        ue1_0.phone,
        ue1_0.provider,
        r1_0.user_id,
        r1_1.id,
        r1_1.name,
        p1_0.role_id,
        p1_1.id,
        p1_1.description,
        p1_1.name,
        ue1_0.status,
        ue1_0.updated_at,
        ue1_0.user_image_url 
    from
        users ue1_0 
    left join
        users_roles r1_0 
            on ue1_0.id=r1_0.user_id 
    left join
        roles r1_1 
            on r1_1.id=r1_0.role_id 
    left join
        roles_permissions p1_0 
            on r1_1.id=p1_0.role_id 
    left join
        permissions p1_1 
            on p1_1.id=p1_0.permission_id 
    where
        ue1_0.id=?
2026-06-08 16:47:08 DEBUG SQL:135 - 
    select
        me1_0.id,
        me1_0.category_id,
        me1_0.code,
        me1_0.created_at,
        me1_0.low_stock_threshold,
        me1_0.name,
        me1_0.status,
        me1_0.thumbnail,
        me1_0.thumbnail_public_id,
        me1_0.unit,
        me1_0.updated_at 
    from
        materials me1_0 
    where
        me1_0.id=?
2026-06-08 16:47:08 INFO  JwtAuthenticationFilter:79 - ⬅️ Response: GET /api/admin/stocktakes/1 - 200
2026-06-08 16:47:10 INFO  JwtAuthenticationFilter:37 - ➡️ Request: GET /api/admin/stocktakes
2026-06-08 16:47:10 DEBUG SQL:135 - 
    select
        ue1_0.id,
        ue1_0.activation_token,
        ue1_0.code,
        ue1_0.created_at,
        ue1_0.email,
        ue1_0.full_name,
        ue1_0.password,
        ue1_0.phone,
        ue1_0.provider,
        ue1_0.status,
        ue1_0.updated_at,
        ue1_0.user_image_url 
    from
        users ue1_0 
    where
        ue1_0.email=?
2026-06-08 16:47:10 INFO  JwtAuthenticationFilter:37 - ➡️ Request: GET /api/admin/warehouses/dropdown
2026-06-08 16:47:10 DEBUG SQL:135 - 
    select
        ue1_0.id,
        ue1_0.activation_token,
        ue1_0.code,
        ue1_0.created_at,
        ue1_0.email,
        ue1_0.full_name,
        ue1_0.password,
        ue1_0.phone,
        ue1_0.provider,
        ue1_0.status,
        ue1_0.updated_at,
        ue1_0.user_image_url 
    from
        users ue1_0 
    where
        ue1_0.email=?
2026-06-08 16:47:10 DEBUG SQL:135 - 
    select
        r1_0.user_id,
        r1_1.id,
        r1_1.name,
        p1_0.role_id,
        p1_1.id,
        p1_1.description,
        p1_1.name 
    from
        users_roles r1_0 
    join
        roles r1_1 
            on r1_1.id=r1_0.role_id 
    left join
        roles_permissions p1_0 
            on r1_1.id=p1_0.role_id 
    left join
        permissions p1_1 
            on p1_1.id=p1_0.permission_id 
    where
        r1_0.user_id=?
2026-06-08 16:47:10 DEBUG SQL:135 - 
    select
        r1_0.user_id,
        r1_1.id,
        r1_1.name,
        p1_0.role_id,
        p1_1.id,
        p1_1.description,
        p1_1.name 
    from
        users_roles r1_0 
    join
        roles r1_1 
            on r1_1.id=r1_0.role_id 
    left join
        roles_permissions p1_0 
            on r1_1.id=p1_0.role_id 
    left join
        permissions p1_1 
            on p1_1.id=p1_0.permission_id 
    where
        r1_0.user_id=?
2026-06-08 16:47:10 DEBUG SQL:135 - 
    select
        we1_0.id,
        we1_0.address,
        we1_0.code,
        we1_0.created_at,
        we1_0.name,
        we1_0.status,
        we1_0.updated_at 
    from
        warehouses we1_0 
    where
        we1_0.status=?
2026-06-08 16:47:10 DEBUG SQL:135 - 
    select
        se1_0.id,
        se1_0.code,
        se1_0.created_at,
        se1_0.created_by,
        se1_0.note,
        se1_0.updated_at,
        se1_0.warehouse_id 
    from
        stocktakes se1_0 
    where
        1=1 
    order by
        se1_0.id desc 
    limit
        ?, ?
2026-06-08 16:47:10 DEBUG SQL:135 - 
    select
        we1_0.id,
        we1_0.address,
        we1_0.code,
        we1_0.created_at,
        we1_0.name,
        we1_0.status,
        we1_0.updated_at 
    from
        warehouses we1_0 
    where
        we1_0.id=?
2026-06-08 16:47:10 DEBUG SQL:135 - 
    select
        d1_0.stocktake_id,
        d1_0.id,
        d1_0.actual_qty,
        d1_0.created_at,
        d1_0.difference,
        d1_0.material_id,
        d1_0.system_qty,
        d1_0.updated_at 
    from
        stocktake_details d1_0 
    where
        d1_0.stocktake_id=?
2026-06-08 16:47:10 INFO  JwtAuthenticationFilter:79 - ⬅️ Response: GET /api/admin/warehouses/dropdown - 200
2026-06-08 16:47:10 DEBUG SQL:135 - 
    select
        ue1_0.id,
        ue1_0.activation_token,
        ue1_0.code,
        ue1_0.created_at,
        ue1_0.email,
        ue1_0.full_name,
        ue1_0.password,
        ue1_0.phone,
        ue1_0.provider,
        r1_0.user_id,
        r1_1.id,
        r1_1.name,
        p1_0.role_id,
        p1_1.id,
        p1_1.description,
        p1_1.name,
        ue1_0.status,
        ue1_0.updated_at,
        ue1_0.user_image_url 
    from
        users ue1_0 
    left join
        users_roles r1_0 
            on ue1_0.id=r1_0.user_id 
    left join
        roles r1_1 
            on r1_1.id=r1_0.role_id 
    left join
        roles_permissions p1_0 
            on r1_1.id=p1_0.role_id 
    left join
        permissions p1_1 
            on p1_1.id=p1_0.permission_id 
    where
        ue1_0.id=?
2026-06-08 16:47:10 INFO  JwtAuthenticationFilter:79 - ⬅️ Response: GET /api/admin/stocktakes - 200
2026-06-08 16:47:11 INFO  JwtAuthenticationFilter:37 - ➡️ Request: GET /api/admin/stocktakes/1
2026-06-08 16:47:11 DEBUG SQL:135 - 
    select
        ue1_0.id,
        ue1_0.activation_token,
        ue1_0.code,
        ue1_0.created_at,
        ue1_0.email,
        ue1_0.full_name,
        ue1_0.password,
        ue1_0.phone,
        ue1_0.provider,
        ue1_0.status,
        ue1_0.updated_at,
        ue1_0.user_image_url 
    from
        users ue1_0 
    where
        ue1_0.email=?
2026-06-08 16:47:11 DEBUG SQL:135 - 
    select
        r1_0.user_id,
        r1_1.id,
        r1_1.name,
        p1_0.role_id,
        p1_1.id,
        p1_1.description,
        p1_1.name 
    from
        users_roles r1_0 
    join
        roles r1_1 
            on r1_1.id=r1_0.role_id 
    left join
        roles_permissions p1_0 
            on r1_1.id=p1_0.role_id 
    left join
        permissions p1_1 
            on p1_1.id=p1_0.permission_id 
    where
        r1_0.user_id=?
2026-06-08 16:47:11 DEBUG SQL:135 - 
    select
        se1_0.id,
        se1_0.code,
        se1_0.created_at,
        se1_0.created_by,
        se1_0.note,
        se1_0.updated_at,
        se1_0.warehouse_id 
    from
        stocktakes se1_0 
    where
        se1_0.id=?
2026-06-08 16:47:11 DEBUG SQL:135 - 
    select
        we1_0.id,
        we1_0.address,
        we1_0.code,
        we1_0.created_at,
        we1_0.name,
        we1_0.status,
        we1_0.updated_at 
    from
        warehouses we1_0 
    where
        we1_0.id=?
2026-06-08 16:47:11 DEBUG SQL:135 - 
    select
        d1_0.stocktake_id,
        d1_0.id,
        d1_0.actual_qty,
        d1_0.created_at,
        d1_0.difference,
        d1_0.material_id,
        d1_0.system_qty,
        d1_0.updated_at 
    from
        stocktake_details d1_0 
    where
        d1_0.stocktake_id=?
2026-06-08 16:47:11 DEBUG SQL:135 - 
    select
        ue1_0.id,
        ue1_0.activation_token,
        ue1_0.code,
        ue1_0.created_at,
        ue1_0.email,
        ue1_0.full_name,
        ue1_0.password,
        ue1_0.phone,
        ue1_0.provider,
        r1_0.user_id,
        r1_1.id,
        r1_1.name,
        p1_0.role_id,
        p1_1.id,
        p1_1.description,
        p1_1.name,
        ue1_0.status,
        ue1_0.updated_at,
        ue1_0.user_image_url 
    from
        users ue1_0 
    left join
        users_roles r1_0 
            on ue1_0.id=r1_0.user_id 
    left join
        roles r1_1 
            on r1_1.id=r1_0.role_id 
    left join
        roles_permissions p1_0 
            on r1_1.id=p1_0.role_id 
    left join
        permissions p1_1 
            on p1_1.id=p1_0.permission_id 
    where
        ue1_0.id=?
2026-06-08 16:47:11 DEBUG SQL:135 - 
    select
        me1_0.id,
        me1_0.category_id,
        me1_0.code,
        me1_0.created_at,
        me1_0.low_stock_threshold,
        me1_0.name,
        me1_0.status,
        me1_0.thumbnail,
        me1_0.thumbnail_public_id,
        me1_0.unit,
        me1_0.updated_at 
    from
        materials me1_0 
    where
        me1_0.id=?
2026-06-08 16:47:11 INFO  JwtAuthenticationFilter:79 - ⬅️ Response: GET /api/admin/stocktakes/1 - 200
2026-06-08 16:47:11 INFO  JwtAuthenticationFilter:37 - ➡️ Request: GET /api/admin/stocktakes/1
2026-06-08 16:47:11 DEBUG SQL:135 - 
    select
        ue1_0.id,
        ue1_0.activation_token,
        ue1_0.code,
        ue1_0.created_at,
        ue1_0.email,
        ue1_0.full_name,
        ue1_0.password,
        ue1_0.phone,
        ue1_0.provider,
        ue1_0.status,
        ue1_0.updated_at,
        ue1_0.user_image_url 
    from
        users ue1_0 
    where
        ue1_0.email=?
2026-06-08 16:47:11 DEBUG SQL:135 - 
    select
        r1_0.user_id,
        r1_1.id,
        r1_1.name,
        p1_0.role_id,
        p1_1.id,
        p1_1.description,
        p1_1.name 
    from
        users_roles r1_0 
    join
        roles r1_1 
            on r1_1.id=r1_0.role_id 
    left join
        roles_permissions p1_0 
            on r1_1.id=p1_0.role_id 
    left join
        permissions p1_1 
            on p1_1.id=p1_0.permission_id 
    where
        r1_0.user_id=?
2026-06-08 16:47:11 DEBUG SQL:135 - 
    select
        se1_0.id,
        se1_0.code,
        se1_0.created_at,
        se1_0.created_by,
        se1_0.note,
        se1_0.updated_at,
        se1_0.warehouse_id 
    from
        stocktakes se1_0 
    where
        se1_0.id=?
2026-06-08 16:47:11 DEBUG SQL:135 - 
    select
        we1_0.id,
        we1_0.address,
        we1_0.code,
        we1_0.created_at,
        we1_0.name,
        we1_0.status,
        we1_0.updated_at 
    from
        warehouses we1_0 
    where
        we1_0.id=?
2026-06-08 16:47:11 DEBUG SQL:135 - 
    select
        d1_0.stocktake_id,
        d1_0.id,
        d1_0.actual_qty,
        d1_0.created_at,
        d1_0.difference,
        d1_0.material_id,
        d1_0.system_qty,
        d1_0.updated_at 
    from
        stocktake_details d1_0 
    where
        d1_0.stocktake_id=?
2026-06-08 16:47:11 DEBUG SQL:135 - 
    select
        ue1_0.id,
        ue1_0.activation_token,
        ue1_0.code,
        ue1_0.created_at,
        ue1_0.email,
        ue1_0.full_name,
        ue1_0.password,
        ue1_0.phone,
        ue1_0.provider,
        r1_0.user_id,
        r1_1.id,
        r1_1.name,
        p1_0.role_id,
        p1_1.id,
        p1_1.description,
        p1_1.name,
        ue1_0.status,
        ue1_0.updated_at,
        ue1_0.user_image_url 
    from
        users ue1_0 
    left join
        users_roles r1_0 
            on ue1_0.id=r1_0.user_id 
    left join
        roles r1_1 
            on r1_1.id=r1_0.role_id 
    left join
        roles_permissions p1_0 
            on r1_1.id=p1_0.role_id 
    left join
        permissions p1_1 
            on p1_1.id=p1_0.permission_id 
    where
        ue1_0.id=?
2026-06-08 16:47:11 DEBUG SQL:135 - 
    select
        me1_0.id,
        me1_0.category_id,
        me1_0.code,
        me1_0.created_at,
        me1_0.low_stock_threshold,
        me1_0.name,
        me1_0.status,
        me1_0.thumbnail,
        me1_0.thumbnail_public_id,
        me1_0.unit,
        me1_0.updated_at 
    from
        materials me1_0 
    where
        me1_0.id=?
2026-06-08 16:47:11 INFO  JwtAuthenticationFilter:79 - ⬅️ Response: GET /api/admin/stocktakes/1 - 200
2026-06-08 16:47:48 INFO  JwtAuthenticationFilter:37 - ➡️ Request: GET /api/admin/stocktakes/1
2026-06-08 16:47:48 DEBUG SQL:135 - 
    select
        ue1_0.id,
        ue1_0.activation_token,
        ue1_0.code,
        ue1_0.created_at,
        ue1_0.email,
        ue1_0.full_name,
        ue1_0.password,
        ue1_0.phone,
        ue1_0.provider,
        ue1_0.status,
        ue1_0.updated_at,
        ue1_0.user_image_url 
    from
        users ue1_0 
    where
        ue1_0.email=?
2026-06-08 16:47:48 DEBUG SQL:135 - 
    select
        r1_0.user_id,
        r1_1.id,
        r1_1.name,
        p1_0.role_id,
        p1_1.id,
        p1_1.description,
        p1_1.name 
    from
        users_roles r1_0 
    join
        roles r1_1 
            on r1_1.id=r1_0.role_id 
    left join
        roles_permissions p1_0 
            on r1_1.id=p1_0.role_id 
    left join
        permissions p1_1 
            on p1_1.id=p1_0.permission_id 
    where
        r1_0.user_id=?
2026-06-08 16:47:48 DEBUG SQL:135 - 
    select
        se1_0.id,
        se1_0.code,
        se1_0.created_at,
        se1_0.created_by,
        se1_0.note,
        se1_0.updated_at,
        se1_0.warehouse_id 
    from
        stocktakes se1_0 
    where
        se1_0.id=?
2026-06-08 16:47:48 DEBUG SQL:135 - 
    select
        we1_0.id,
        we1_0.address,
        we1_0.code,
        we1_0.created_at,
        we1_0.name,
        we1_0.status,
        we1_0.updated_at 
    from
        warehouses we1_0 
    where
        we1_0.id=?
2026-06-08 16:47:48 DEBUG SQL:135 - 
    select
        d1_0.stocktake_id,
        d1_0.id,
        d1_0.actual_qty,
        d1_0.created_at,
        d1_0.difference,
        d1_0.material_id,
        d1_0.system_qty,
        d1_0.updated_at 
    from
        stocktake_details d1_0 
    where
        d1_0.stocktake_id=?
2026-06-08 16:47:48 DEBUG SQL:135 - 
    select
        ue1_0.id,
        ue1_0.activation_token,
        ue1_0.code,
        ue1_0.created_at,
        ue1_0.email,
        ue1_0.full_name,
        ue1_0.password,
        ue1_0.phone,
        ue1_0.provider,
        r1_0.user_id,
        r1_1.id,
        r1_1.name,
        p1_0.role_id,
        p1_1.id,
        p1_1.description,
        p1_1.name,
        ue1_0.status,
        ue1_0.updated_at,
        ue1_0.user_image_url 
    from
        users ue1_0 
    left join
        users_roles r1_0 
            on ue1_0.id=r1_0.user_id 
    left join
        roles r1_1 
            on r1_1.id=r1_0.role_id 
    left join
        roles_permissions p1_0 
            on r1_1.id=p1_0.role_id 
    left join
        permissions p1_1 
            on p1_1.id=p1_0.permission_id 
    where
        ue1_0.id=?
2026-06-08 16:47:48 DEBUG SQL:135 - 
    select
        me1_0.id,
        me1_0.category_id,
        me1_0.code,
        me1_0.created_at,
        me1_0.low_stock_threshold,
        me1_0.name,
        me1_0.status,
        me1_0.thumbnail,
        me1_0.thumbnail_public_id,
        me1_0.unit,
        me1_0.updated_at 
    from
        materials me1_0 
    where
        me1_0.id=?
2026-06-08 16:47:48 INFO  JwtAuthenticationFilter:79 - ⬅️ Response: GET /api/admin/stocktakes/1 - 200
2026-06-08 16:48:13 INFO  JwtAuthenticationFilter:37 - ➡️ Request: GET /api/admin/stocktakes/1
2026-06-08 16:48:13 DEBUG SQL:135 - 
    select
        ue1_0.id,
        ue1_0.activation_token,
        ue1_0.code,
        ue1_0.created_at,
        ue1_0.email,
        ue1_0.full_name,
        ue1_0.password,
        ue1_0.phone,
        ue1_0.provider,
        ue1_0.status,
        ue1_0.updated_at,
        ue1_0.user_image_url 
    from
        users ue1_0 
    where
        ue1_0.email=?
2026-06-08 16:48:13 DEBUG SQL:135 - 
    select
        r1_0.user_id,
        r1_1.id,
        r1_1.name,
        p1_0.role_id,
        p1_1.id,
        p1_1.description,
        p1_1.name 
    from
        users_roles r1_0 
    join
        roles r1_1 
            on r1_1.id=r1_0.role_id 
    left join
        roles_permissions p1_0 
            on r1_1.id=p1_0.role_id 
    left join
        permissions p1_1 
            on p1_1.id=p1_0.permission_id 
    where
        r1_0.user_id=?
2026-06-08 16:48:13 DEBUG SQL:135 - 
    select
        se1_0.id,
        se1_0.code,
        se1_0.created_at,
        se1_0.created_by,
        se1_0.note,
        se1_0.updated_at,
        se1_0.warehouse_id 
    from
        stocktakes se1_0 
    where
        se1_0.id=?
2026-06-08 16:48:13 DEBUG SQL:135 - 
    select
        we1_0.id,
        we1_0.address,
        we1_0.code,
        we1_0.created_at,
        we1_0.name,
        we1_0.status,
        we1_0.updated_at 
    from
        warehouses we1_0 
    where
        we1_0.id=?
2026-06-08 16:48:13 DEBUG SQL:135 - 
    select
        d1_0.stocktake_id,
        d1_0.id,
        d1_0.actual_qty,
        d1_0.created_at,
        d1_0.difference,
        d1_0.material_id,
        d1_0.system_qty,
        d1_0.updated_at 
    from
        stocktake_details d1_0 
    where
        d1_0.stocktake_id=?
2026-06-08 16:48:13 DEBUG SQL:135 - 
    select
        ue1_0.id,
        ue1_0.activation_token,
        ue1_0.code,
        ue1_0.created_at,
        ue1_0.email,
        ue1_0.full_name,
        ue1_0.password,
        ue1_0.phone,
        ue1_0.provider,
        r1_0.user_id,
        r1_1.id,
        r1_1.name,
        p1_0.role_id,
        p1_1.id,
        p1_1.description,
        p1_1.name,
        ue1_0.status,
        ue1_0.updated_at,
        ue1_0.user_image_url 
    from
        users ue1_0 
    left join
        users_roles r1_0 
            on ue1_0.id=r1_0.user_id 
    left join
        roles r1_1 
            on r1_1.id=r1_0.role_id 
    left join
        roles_permissions p1_0 
            on r1_1.id=p1_0.role_id 
    left join
        permissions p1_1 
            on p1_1.id=p1_0.permission_id 
    where
        ue1_0.id=?
2026-06-08 16:48:13 DEBUG SQL:135 - 
    select
        me1_0.id,
        me1_0.category_id,
        me1_0.code,
        me1_0.created_at,
        me1_0.low_stock_threshold,
        me1_0.name,
        me1_0.status,
        me1_0.thumbnail,
        me1_0.thumbnail_public_id,
        me1_0.unit,
        me1_0.updated_at 
    from
        materials me1_0 
    where
        me1_0.id=?
2026-06-08 16:48:13 INFO  JwtAuthenticationFilter:79 - ⬅️ Response: GET /api/admin/stocktakes/1 - 200
2026-06-08 16:48:13 INFO  JwtAuthenticationFilter:37 - ➡️ Request: GET /api/admin/stocktakes/1
2026-06-08 16:48:13 DEBUG SQL:135 - 
    select
        ue1_0.id,
        ue1_0.activation_token,
        ue1_0.code,
        ue1_0.created_at,
        ue1_0.email,
        ue1_0.full_name,
        ue1_0.password,
        ue1_0.phone,
        ue1_0.provider,
        ue1_0.status,
        ue1_0.updated_at,
        ue1_0.user_image_url 
    from
        users ue1_0 
    where
        ue1_0.email=?
2026-06-08 16:48:13 DEBUG SQL:135 - 
    select
        r1_0.user_id,
        r1_1.id,
        r1_1.name,
        p1_0.role_id,
        p1_1.id,
        p1_1.description,
        p1_1.name 
    from
        users_roles r1_0 
    join
        roles r1_1 
            on r1_1.id=r1_0.role_id 
    left join
        roles_permissions p1_0 
            on r1_1.id=p1_0.role_id 
    left join
        permissions p1_1 
            on p1_1.id=p1_0.permission_id 
    where
        r1_0.user_id=?
2026-06-08 16:48:13 DEBUG SQL:135 - 
    select
        se1_0.id,
        se1_0.code,
        se1_0.created_at,
        se1_0.created_by,
        se1_0.note,
        se1_0.updated_at,
        se1_0.warehouse_id 
    from
        stocktakes se1_0 
    where
        se1_0.id=?
2026-06-08 16:48:13 DEBUG SQL:135 - 
    select
        we1_0.id,
        we1_0.address,
        we1_0.code,
        we1_0.created_at,
        we1_0.name,
        we1_0.status,
        we1_0.updated_at 
    from
        warehouses we1_0 
    where
        we1_0.id=?
2026-06-08 16:48:13 DEBUG SQL:135 - 
    select
        d1_0.stocktake_id,
        d1_0.id,
        d1_0.actual_qty,
        d1_0.created_at,
        d1_0.difference,
        d1_0.material_id,
        d1_0.system_qty,
        d1_0.updated_at 
    from
        stocktake_details d1_0 
    where
        d1_0.stocktake_id=?
2026-06-08 16:48:13 DEBUG SQL:135 - 
    select
        ue1_0.id,
        ue1_0.activation_token,
        ue1_0.code,
        ue1_0.created_at,
        ue1_0.email,
        ue1_0.full_name,
        ue1_0.password,
        ue1_0.phone,
        ue1_0.provider,
        r1_0.user_id,
        r1_1.id,
        r1_1.name,
        p1_0.role_id,
        p1_1.id,
        p1_1.description,
        p1_1.name,
        ue1_0.status,
        ue1_0.updated_at,
        ue1_0.user_image_url 
    from
        users ue1_0 
    left join
        users_roles r1_0 
            on ue1_0.id=r1_0.user_id 
    left join
        roles r1_1 
            on r1_1.id=r1_0.role_id 
    left join
        roles_permissions p1_0 
            on r1_1.id=p1_0.role_id 
    left join
        permissions p1_1 
            on p1_1.id=p1_0.permission_id 
    where
        ue1_0.id=?
2026-06-08 16:48:13 DEBUG SQL:135 - 
    select
        me1_0.id,
        me1_0.category_id,
        me1_0.code,
        me1_0.created_at,
        me1_0.low_stock_threshold,
        me1_0.name,
        me1_0.status,
        me1_0.thumbnail,
        me1_0.thumbnail_public_id,
        me1_0.unit,
        me1_0.updated_at 
    from
        materials me1_0 
    where
        me1_0.id=?
2026-06-08 16:48:13 INFO  JwtAuthenticationFilter:79 - ⬅️ Response: GET /api/admin/stocktakes/1 - 200
2026-06-08 16:48:36 INFO  JwtAuthenticationFilter:37 - ➡️ Request: GET /api/admin/stocktakes/1
2026-06-08 16:48:36 DEBUG SQL:135 - 
    select
        ue1_0.id,
        ue1_0.activation_token,
        ue1_0.code,
        ue1_0.created_at,
        ue1_0.email,
        ue1_0.full_name,
        ue1_0.password,
        ue1_0.phone,
        ue1_0.provider,
        ue1_0.status,
        ue1_0.updated_at,
        ue1_0.user_image_url 
    from
        users ue1_0 
    where
        ue1_0.email=?
2026-06-08 16:48:36 DEBUG SQL:135 - 
    select
        r1_0.user_id,
        r1_1.id,
        r1_1.name,
        p1_0.role_id,
        p1_1.id,
        p1_1.description,
        p1_1.name 
    from
        users_roles r1_0 
    join
        roles r1_1 
            on r1_1.id=r1_0.role_id 
    left join
        roles_permissions p1_0 
            on r1_1.id=p1_0.role_id 
    left join
        permissions p1_1 
            on p1_1.id=p1_0.permission_id 
    where
        r1_0.user_id=?
2026-06-08 16:48:36 DEBUG SQL:135 - 
    select
        se1_0.id,
        se1_0.code,
        se1_0.created_at,
        se1_0.created_by,
        se1_0.note,
        se1_0.updated_at,
        se1_0.warehouse_id 
    from
        stocktakes se1_0 
    where
        se1_0.id=?
2026-06-08 16:48:36 DEBUG SQL:135 - 
    select
        we1_0.id,
        we1_0.address,
        we1_0.code,
        we1_0.created_at,
        we1_0.name,
        we1_0.status,
        we1_0.updated_at 
    from
        warehouses we1_0 
    where
        we1_0.id=?
2026-06-08 16:48:36 DEBUG SQL:135 - 
    select
        d1_0.stocktake_id,
        d1_0.id,
        d1_0.actual_qty,
        d1_0.created_at,
        d1_0.difference,
        d1_0.material_id,
        d1_0.system_qty,
        d1_0.updated_at 
    from
        stocktake_details d1_0 
    where
        d1_0.stocktake_id=?
2026-06-08 16:48:36 DEBUG SQL:135 - 
    select
        ue1_0.id,
        ue1_0.activation_token,
        ue1_0.code,
        ue1_0.created_at,
        ue1_0.email,
        ue1_0.full_name,
        ue1_0.password,
        ue1_0.phone,
        ue1_0.provider,
        r1_0.user_id,
        r1_1.id,
        r1_1.name,
        p1_0.role_id,
        p1_1.id,
        p1_1.description,
        p1_1.name,
        ue1_0.status,
        ue1_0.updated_at,
        ue1_0.user_image_url 
    from
        users ue1_0 
    left join
        users_roles r1_0 
            on ue1_0.id=r1_0.user_id 
    left join
        roles r1_1 
            on r1_1.id=r1_0.role_id 
    left join
        roles_permissions p1_0 
            on r1_1.id=p1_0.role_id 
    left join
        permissions p1_1 
            on p1_1.id=p1_0.permission_id 
    where
        ue1_0.id=?
2026-06-08 16:48:36 DEBUG SQL:135 - 
    select
        me1_0.id,
        me1_0.category_id,
        me1_0.code,
        me1_0.created_at,
        me1_0.low_stock_threshold,
        me1_0.name,
        me1_0.status,
        me1_0.thumbnail,
        me1_0.thumbnail_public_id,
        me1_0.unit,
        me1_0.updated_at 
    from
        materials me1_0 
    where
        me1_0.id=?
2026-06-08 16:48:36 INFO  JwtAuthenticationFilter:79 - ⬅️ Response: GET /api/admin/stocktakes/1 - 200
2026-06-08 16:48:36 INFO  JwtAuthenticationFilter:37 - ➡️ Request: GET /api/admin/stocktakes/1
2026-06-08 16:48:36 DEBUG SQL:135 - 
    select
        ue1_0.id,
        ue1_0.activation_token,
        ue1_0.code,
        ue1_0.created_at,
        ue1_0.email,
        ue1_0.full_name,
        ue1_0.password,
        ue1_0.phone,
        ue1_0.provider,
        ue1_0.status,
        ue1_0.updated_at,
        ue1_0.user_image_url 
    from
        users ue1_0 
    where
        ue1_0.email=?
2026-06-08 16:48:36 DEBUG SQL:135 - 
    select
        r1_0.user_id,
        r1_1.id,
        r1_1.name,
        p1_0.role_id,
        p1_1.id,
        p1_1.description,
        p1_1.name 
    from
        users_roles r1_0 
    join
        roles r1_1 
            on r1_1.id=r1_0.role_id 
    left join
        roles_permissions p1_0 
            on r1_1.id=p1_0.role_id 
    left join
        permissions p1_1 
            on p1_1.id=p1_0.permission_id 
    where
        r1_0.user_id=?
2026-06-08 16:48:36 DEBUG SQL:135 - 
    select
        se1_0.id,
        se1_0.code,
        se1_0.created_at,
        se1_0.created_by,
        se1_0.note,
        se1_0.updated_at,
        se1_0.warehouse_id 
    from
        stocktakes se1_0 
    where
        se1_0.id=?
2026-06-08 16:48:36 DEBUG SQL:135 - 
    select
        we1_0.id,
        we1_0.address,
        we1_0.code,
        we1_0.created_at,
        we1_0.name,
        we1_0.status,
        we1_0.updated_at 
    from
        warehouses we1_0 
    where
        we1_0.id=?
2026-06-08 16:48:36 DEBUG SQL:135 - 
    select
        d1_0.stocktake_id,
        d1_0.id,
        d1_0.actual_qty,
        d1_0.created_at,
        d1_0.difference,
        d1_0.material_id,
        d1_0.system_qty,
        d1_0.updated_at 
    from
        stocktake_details d1_0 
    where
        d1_0.stocktake_id=?
2026-06-08 16:48:36 DEBUG SQL:135 - 
    select
        ue1_0.id,
        ue1_0.activation_token,
        ue1_0.code,
        ue1_0.created_at,
        ue1_0.email,
        ue1_0.full_name,
        ue1_0.password,
        ue1_0.phone,
        ue1_0.provider,
        r1_0.user_id,
        r1_1.id,
        r1_1.name,
        p1_0.role_id,
        p1_1.id,
        p1_1.description,
        p1_1.name,
        ue1_0.status,
        ue1_0.updated_at,
        ue1_0.user_image_url 
    from
        users ue1_0 
    left join
        users_roles r1_0 
            on ue1_0.id=r1_0.user_id 
    left join
        roles r1_1 
            on r1_1.id=r1_0.role_id 
    left join
        roles_permissions p1_0 
            on r1_1.id=p1_0.role_id 
    left join
        permissions p1_1 
            on p1_1.id=p1_0.permission_id 
    where
        ue1_0.id=?
2026-06-08 16:48:36 DEBUG SQL:135 - 
    select
        me1_0.id,
        me1_0.category_id,
        me1_0.code,
        me1_0.created_at,
        me1_0.low_stock_threshold,
        me1_0.name,
        me1_0.status,
        me1_0.thumbnail,
        me1_0.thumbnail_public_id,
        me1_0.unit,
        me1_0.updated_at 
    from
        materials me1_0 
    where
        me1_0.id=?
2026-06-08 16:48:36 INFO  JwtAuthenticationFilter:79 - ⬅️ Response: GET /api/admin/stocktakes/1 - 200
2026-06-08 16:48:53 INFO  JwtAuthenticationFilter:37 - ➡️ Request: GET /api/admin/stocktakes/1
2026-06-08 16:48:53 DEBUG SQL:135 - 
    select
        ue1_0.id,
        ue1_0.activation_token,
        ue1_0.code,
        ue1_0.created_at,
        ue1_0.email,
        ue1_0.full_name,
        ue1_0.password,
        ue1_0.phone,
        ue1_0.provider,
        ue1_0.status,
        ue1_0.updated_at,
        ue1_0.user_image_url 
    from
        users ue1_0 
    where
        ue1_0.email=?
2026-06-08 16:48:53 DEBUG SQL:135 - 
    select
        r1_0.user_id,
        r1_1.id,
        r1_1.name,
        p1_0.role_id,
        p1_1.id,
        p1_1.description,
        p1_1.name 
    from
        users_roles r1_0 
    join
        roles r1_1 
            on r1_1.id=r1_0.role_id 
    left join
        roles_permissions p1_0 
            on r1_1.id=p1_0.role_id 
    left join
        permissions p1_1 
            on p1_1.id=p1_0.permission_id 
    where
        r1_0.user_id=?
2026-06-08 16:48:53 DEBUG SQL:135 - 
    select
        se1_0.id,
        se1_0.code,
        se1_0.created_at,
        se1_0.created_by,
        se1_0.note,
        se1_0.updated_at,
        se1_0.warehouse_id 
    from
        stocktakes se1_0 
    where
        se1_0.id=?
2026-06-08 16:48:53 DEBUG SQL:135 - 
    select
        we1_0.id,
        we1_0.address,
        we1_0.code,
        we1_0.created_at,
        we1_0.name,
        we1_0.status,
        we1_0.updated_at 
    from
        warehouses we1_0 
    where
        we1_0.id=?
2026-06-08 16:48:53 DEBUG SQL:135 - 
    select
        d1_0.stocktake_id,
        d1_0.id,
        d1_0.actual_qty,
        d1_0.created_at,
        d1_0.difference,
        d1_0.material_id,
        d1_0.system_qty,
        d1_0.updated_at 
    from
        stocktake_details d1_0 
    where
        d1_0.stocktake_id=?
2026-06-08 16:48:53 DEBUG SQL:135 - 
    select
        ue1_0.id,
        ue1_0.activation_token,
        ue1_0.code,
        ue1_0.created_at,
        ue1_0.email,
        ue1_0.full_name,
        ue1_0.password,
        ue1_0.phone,
        ue1_0.provider,
        r1_0.user_id,
        r1_1.id,
        r1_1.name,
        p1_0.role_id,
        p1_1.id,
        p1_1.description,
        p1_1.name,
        ue1_0.status,
        ue1_0.updated_at,
        ue1_0.user_image_url 
    from
        users ue1_0 
    left join
        users_roles r1_0 
            on ue1_0.id=r1_0.user_id 
    left join
        roles r1_1 
            on r1_1.id=r1_0.role_id 
    left join
        roles_permissions p1_0 
            on r1_1.id=p1_0.role_id 
    left join
        permissions p1_1 
            on p1_1.id=p1_0.permission_id 
    where
        ue1_0.id=?
2026-06-08 16:48:53 DEBUG SQL:135 - 
    select
        me1_0.id,
        me1_0.category_id,
        me1_0.code,
        me1_0.created_at,
        me1_0.low_stock_threshold,
        me1_0.name,
        me1_0.status,
        me1_0.thumbnail,
        me1_0.thumbnail_public_id,
        me1_0.unit,
        me1_0.updated_at 
    from
        materials me1_0 
    where
        me1_0.id=?
2026-06-08 16:48:53 INFO  JwtAuthenticationFilter:79 - ⬅️ Response: GET /api/admin/stocktakes/1 - 200
2026-06-08 16:48:56 INFO  JwtAuthenticationFilter:37 - ➡️ Request: GET /api/admin/material-receipts
2026-06-08 16:48:56 INFO  JwtAuthenticationFilter:37 - ➡️ Request: GET /api/admin/warehouses/dropdown
2026-06-08 16:48:56 DEBUG SQL:135 - 
    select
        ue1_0.id,
        ue1_0.activation_token,
        ue1_0.code,
        ue1_0.created_at,
        ue1_0.email,
        ue1_0.full_name,
        ue1_0.password,
        ue1_0.phone,
        ue1_0.provider,
        ue1_0.status,
        ue1_0.updated_at,
        ue1_0.user_image_url 
    from
        users ue1_0 
    where
        ue1_0.email=?
2026-06-08 16:48:56 INFO  JwtAuthenticationFilter:37 - ➡️ Request: GET /api/admin/material-categories/dropdown
2026-06-08 16:48:56 DEBUG SQL:135 - 
    select
        ue1_0.id,
        ue1_0.activation_token,
        ue1_0.code,
        ue1_0.created_at,
        ue1_0.email,
        ue1_0.full_name,
        ue1_0.password,
        ue1_0.phone,
        ue1_0.provider,
        ue1_0.status,
        ue1_0.updated_at,
        ue1_0.user_image_url 
    from
        users ue1_0 
    where
        ue1_0.email=?
2026-06-08 16:48:56 DEBUG SQL:135 - 
    select
        ue1_0.id,
        ue1_0.activation_token,
        ue1_0.code,
        ue1_0.created_at,
        ue1_0.email,
        ue1_0.full_name,
        ue1_0.password,
        ue1_0.phone,
        ue1_0.provider,
        ue1_0.status,
        ue1_0.updated_at,
        ue1_0.user_image_url 
    from
        users ue1_0 
    where
        ue1_0.email=?
2026-06-08 16:48:56 DEBUG SQL:135 - 
    select
        r1_0.user_id,
        r1_1.id,
        r1_1.name,
        p1_0.role_id,
        p1_1.id,
        p1_1.description,
        p1_1.name 
    from
        users_roles r1_0 
    join
        roles r1_1 
            on r1_1.id=r1_0.role_id 
    left join
        roles_permissions p1_0 
            on r1_1.id=p1_0.role_id 
    left join
        permissions p1_1 
            on p1_1.id=p1_0.permission_id 
    where
        r1_0.user_id=?
2026-06-08 16:48:56 DEBUG SQL:135 - 
    select
        r1_0.user_id,
        r1_1.id,
        r1_1.name,
        p1_0.role_id,
        p1_1.id,
        p1_1.description,
        p1_1.name 
    from
        users_roles r1_0 
    join
        roles r1_1 
            on r1_1.id=r1_0.role_id 
    left join
        roles_permissions p1_0 
            on r1_1.id=p1_0.role_id 
    left join
        permissions p1_1 
            on p1_1.id=p1_0.permission_id 
    where
        r1_0.user_id=?
2026-06-08 16:48:56 DEBUG SQL:135 - 
    select
        r1_0.user_id,
        r1_1.id,
        r1_1.name,
        p1_0.role_id,
        p1_1.id,
        p1_1.description,
        p1_1.name 
    from
        users_roles r1_0 
    join
        roles r1_1 
            on r1_1.id=r1_0.role_id 
    left join
        roles_permissions p1_0 
            on r1_1.id=p1_0.role_id 
    left join
        permissions p1_1 
            on p1_1.id=p1_0.permission_id 
    where
        r1_0.user_id=?
2026-06-08 16:48:56 DEBUG SQL:135 - 
    select
        mce1_0.id,
        mce1_0.created_at,
        mce1_0.description,
        mce1_0.name,
        mce1_0.status,
        mce1_0.updated_at 
    from
        material_categories mce1_0 
    where
        mce1_0.status=?
2026-06-08 16:48:56 DEBUG SQL:135 - 
    select
        we1_0.id,
        we1_0.address,
        we1_0.code,
        we1_0.created_at,
        we1_0.name,
        we1_0.status,
        we1_0.updated_at 
    from
        warehouses we1_0 
    where
        we1_0.status=?
2026-06-08 16:48:56 DEBUG SQL:135 - 
    select
        mre1_0.id,
        mre1_0.code,
        mre1_0.created_at,
        mre1_0.created_by,
        mre1_0.note,
        mre1_0.supplier,
        mre1_0.total_cost,
        mre1_0.updated_at,
        mre1_0.warehouse_id 
    from
        material_receipts mre1_0 
    where
        1=1 
    order by
        mre1_0.id desc 
    limit
        ?, ?
2026-06-08 16:48:56 INFO  JwtAuthenticationFilter:79 - ⬅️ Response: GET /api/admin/material-categories/dropdown - 200
2026-06-08 16:48:56 INFO  JwtAuthenticationFilter:79 - ⬅️ Response: GET /api/admin/warehouses/dropdown - 200
2026-06-08 16:48:56 DEBUG SQL:135 - 
    select
        we1_0.id,
        we1_0.address,
        we1_0.code,
        we1_0.created_at,
        we1_0.name,
        we1_0.status,
        we1_0.updated_at 
    from
        warehouses we1_0 
    where
        we1_0.id=?
2026-06-08 16:48:56 DEBUG SQL:135 - 
    select
        d1_0.receipt_id,
        d1_0.id,
        d1_0.material_id,
        m1_0.id,
        m1_0.category_id,
        m1_0.code,
        m1_0.created_at,
        m1_0.low_stock_threshold,
        m1_0.name,
        m1_0.status,
        m1_0.thumbnail,
        m1_0.thumbnail_public_id,
        m1_0.unit,
        m1_0.updated_at,
        d1_0.quantity,
        d1_0.unit_cost 
    from
        material_receipt_details d1_0 
    left join
        materials m1_0 
            on m1_0.id=d1_0.material_id 
    where
        d1_0.receipt_id=?
2026-06-08 16:48:56 DEBUG SQL:135 - 
    select
        ue1_0.id,
        ue1_0.activation_token,
        ue1_0.code,
        ue1_0.created_at,
        ue1_0.email,
        ue1_0.full_name,
        ue1_0.password,
        ue1_0.phone,
        ue1_0.provider,
        r1_0.user_id,
        r1_1.id,
        r1_1.name,
        p1_0.role_id,
        p1_1.id,
        p1_1.description,
        p1_1.name,
        ue1_0.status,
        ue1_0.updated_at,
        ue1_0.user_image_url 
    from
        users ue1_0 
    left join
        users_roles r1_0 
            on ue1_0.id=r1_0.user_id 
    left join
        roles r1_1 
            on r1_1.id=r1_0.role_id 
    left join
        roles_permissions p1_0 
            on r1_1.id=p1_0.role_id 
    left join
        permissions p1_1 
            on p1_1.id=p1_0.permission_id 
    where
        ue1_0.id=?
2026-06-08 16:48:56 DEBUG SQL:135 - 
    select
        d1_0.receipt_id,
        d1_0.id,
        d1_0.material_id,
        m1_0.id,
        m1_0.category_id,
        m1_0.code,
        m1_0.created_at,
        m1_0.low_stock_threshold,
        m1_0.name,
        m1_0.status,
        m1_0.thumbnail,
        m1_0.thumbnail_public_id,
        m1_0.unit,
        m1_0.updated_at,
        d1_0.quantity,
        d1_0.unit_cost 
    from
        material_receipt_details d1_0 
    left join
        materials m1_0 
            on m1_0.id=d1_0.material_id 
    where
        d1_0.receipt_id=?
2026-06-08 16:48:56 DEBUG SQL:135 - 
    select
        d1_0.receipt_id,
        d1_0.id,
        d1_0.material_id,
        m1_0.id,
        m1_0.category_id,
        m1_0.code,
        m1_0.created_at,
        m1_0.low_stock_threshold,
        m1_0.name,
        m1_0.status,
        m1_0.thumbnail,
        m1_0.thumbnail_public_id,
        m1_0.unit,
        m1_0.updated_at,
        d1_0.quantity,
        d1_0.unit_cost 
    from
        material_receipt_details d1_0 
    left join
        materials m1_0 
            on m1_0.id=d1_0.material_id 
    where
        d1_0.receipt_id=?
2026-06-08 16:48:56 DEBUG SQL:135 - 
    select
        d1_0.receipt_id,
        d1_0.id,
        d1_0.material_id,
        m1_0.id,
        m1_0.category_id,
        m1_0.code,
        m1_0.created_at,
        m1_0.low_stock_threshold,
        m1_0.name,
        m1_0.status,
        m1_0.thumbnail,
        m1_0.thumbnail_public_id,
        m1_0.unit,
        m1_0.updated_at,
        d1_0.quantity,
        d1_0.unit_cost 
    from
        material_receipt_details d1_0 
    left join
        materials m1_0 
            on m1_0.id=d1_0.material_id 
    where
        d1_0.receipt_id=?
2026-06-08 16:48:56 INFO  JwtAuthenticationFilter:79 - ⬅️ Response: GET /api/admin/material-receipts - 200
2026-06-08 16:48:58 INFO  JwtAuthenticationFilter:37 - ➡️ Request: GET /api/admin/material-receipts/4
2026-06-08 16:48:58 DEBUG SQL:135 - 
    select
        ue1_0.id,
        ue1_0.activation_token,
        ue1_0.code,
        ue1_0.created_at,
        ue1_0.email,
        ue1_0.full_name,
        ue1_0.password,
        ue1_0.phone,
        ue1_0.provider,
        ue1_0.status,
        ue1_0.updated_at,
        ue1_0.user_image_url 
    from
        users ue1_0 
    where
        ue1_0.email=?
2026-06-08 16:48:58 DEBUG SQL:135 - 
    select
        r1_0.user_id,
        r1_1.id,
        r1_1.name,
        p1_0.role_id,
        p1_1.id,
        p1_1.description,
        p1_1.name 
    from
        users_roles r1_0 
    join
        roles r1_1 
            on r1_1.id=r1_0.role_id 
    left join
        roles_permissions p1_0 
            on r1_1.id=p1_0.role_id 
    left join
        permissions p1_1 
            on p1_1.id=p1_0.permission_id 
    where
        r1_0.user_id=?
2026-06-08 16:48:58 DEBUG SQL:135 - 
    select
        mre1_0.id,
        mre1_0.code,
        mre1_0.created_at,
        mre1_0.created_by,
        mre1_0.note,
        mre1_0.supplier,
        mre1_0.total_cost,
        mre1_0.updated_at,
        mre1_0.warehouse_id,
        w1_0.id,
        w1_0.address,
        w1_0.code,
        w1_0.created_at,
        w1_0.name,
        w1_0.status,
        w1_0.updated_at 
    from
        material_receipts mre1_0 
    join
        warehouses w1_0 
            on w1_0.id=mre1_0.warehouse_id 
    where
        mre1_0.id=?
2026-06-08 16:48:58 DEBUG SQL:135 - 
    select
        d1_0.receipt_id,
        d1_0.id,
        d1_0.material_id,
        m1_0.id,
        m1_0.category_id,
        m1_0.code,
        m1_0.created_at,
        m1_0.low_stock_threshold,
        m1_0.name,
        m1_0.status,
        m1_0.thumbnail,
        m1_0.thumbnail_public_id,
        m1_0.unit,
        m1_0.updated_at,
        d1_0.quantity,
        d1_0.unit_cost 
    from
        material_receipt_details d1_0 
    left join
        materials m1_0 
            on m1_0.id=d1_0.material_id 
    where
        d1_0.receipt_id=?
2026-06-08 16:48:58 DEBUG SQL:135 - 
    select
        ue1_0.id,
        ue1_0.activation_token,
        ue1_0.code,
        ue1_0.created_at,
        ue1_0.email,
        ue1_0.full_name,
        ue1_0.password,
        ue1_0.phone,
        ue1_0.provider,
        r1_0.user_id,
        r1_1.id,
        r1_1.name,
        p1_0.role_id,
        p1_1.id,
        p1_1.description,
        p1_1.name,
        ue1_0.status,
        ue1_0.updated_at,
        ue1_0.user_image_url 
    from
        users ue1_0 
    left join
        users_roles r1_0 
            on ue1_0.id=r1_0.user_id 
    left join
        roles r1_1 
            on r1_1.id=r1_0.role_id 
    left join
        roles_permissions p1_0 
            on r1_1.id=p1_0.role_id 
    left join
        permissions p1_1 
            on p1_1.id=p1_0.permission_id 
    where
        ue1_0.id=?
2026-06-08 16:48:58 INFO  JwtAuthenticationFilter:79 - ⬅️ Response: GET /api/admin/material-receipts/4 - 200
2026-06-08 16:48:58 INFO  JwtAuthenticationFilter:37 - ➡️ Request: GET /api/admin/material-receipts/4
2026-06-08 16:48:58 DEBUG SQL:135 - 
    select
        ue1_0.id,
        ue1_0.activation_token,
        ue1_0.code,
        ue1_0.created_at,
        ue1_0.email,
        ue1_0.full_name,
        ue1_0.password,
        ue1_0.phone,
        ue1_0.provider,
        ue1_0.status,
        ue1_0.updated_at,
        ue1_0.user_image_url 
    from
        users ue1_0 
    where
        ue1_0.email=?
2026-06-08 16:48:58 DEBUG SQL:135 - 
    select
        r1_0.user_id,
        r1_1.id,
        r1_1.name,
        p1_0.role_id,
        p1_1.id,
        p1_1.description,
        p1_1.name 
    from
        users_roles r1_0 
    join
        roles r1_1 
            on r1_1.id=r1_0.role_id 
    left join
        roles_permissions p1_0 
            on r1_1.id=p1_0.role_id 
    left join
        permissions p1_1 
            on p1_1.id=p1_0.permission_id 
    where
        r1_0.user_id=?
2026-06-08 16:48:58 DEBUG SQL:135 - 
    select
        mre1_0.id,
        mre1_0.code,
        mre1_0.created_at,
        mre1_0.created_by,
        mre1_0.note,
        mre1_0.supplier,
        mre1_0.total_cost,
        mre1_0.updated_at,
        mre1_0.warehouse_id,
        w1_0.id,
        w1_0.address,
        w1_0.code,
        w1_0.created_at,
        w1_0.name,
        w1_0.status,
        w1_0.updated_at 
    from
        material_receipts mre1_0 
    join
        warehouses w1_0 
            on w1_0.id=mre1_0.warehouse_id 
    where
        mre1_0.id=?
2026-06-08 16:48:58 DEBUG SQL:135 - 
    select
        d1_0.receipt_id,
        d1_0.id,
        d1_0.material_id,
        m1_0.id,
        m1_0.category_id,
        m1_0.code,
        m1_0.created_at,
        m1_0.low_stock_threshold,
        m1_0.name,
        m1_0.status,
        m1_0.thumbnail,
        m1_0.thumbnail_public_id,
        m1_0.unit,
        m1_0.updated_at,
        d1_0.quantity,
        d1_0.unit_cost 
    from
        material_receipt_details d1_0 
    left join
        materials m1_0 
            on m1_0.id=d1_0.material_id 
    where
        d1_0.receipt_id=?
2026-06-08 16:48:58 DEBUG SQL:135 - 
    select
        ue1_0.id,
        ue1_0.activation_token,
        ue1_0.code,
        ue1_0.created_at,
        ue1_0.email,
        ue1_0.full_name,
        ue1_0.password,
        ue1_0.phone,
        ue1_0.provider,
        r1_0.user_id,
        r1_1.id,
        r1_1.name,
        p1_0.role_id,
        p1_1.id,
        p1_1.description,
        p1_1.name,
        ue1_0.status,
        ue1_0.updated_at,
        ue1_0.user_image_url 
    from
        users ue1_0 
    left join
        users_roles r1_0 
            on ue1_0.id=r1_0.user_id 
    left join
        roles r1_1 
            on r1_1.id=r1_0.role_id 
    left join
        roles_permissions p1_0 
            on r1_1.id=p1_0.role_id 
    left join
        permissions p1_1 
            on p1_1.id=p1_0.permission_id 
    where
        ue1_0.id=?
2026-06-08 16:48:58 INFO  JwtAuthenticationFilter:79 - ⬅️ Response: GET /api/admin/material-receipts/4 - 200
2026-06-08 16:49:07 INFO  JwtAuthenticationFilter:37 - ➡️ Request: GET /api/admin/warehouses/dropdown
2026-06-08 16:49:07 INFO  JwtAuthenticationFilter:37 - ➡️ Request: GET /api/admin/stocktakes
2026-06-08 16:49:07 DEBUG SQL:135 - 
    select
        ue1_0.id,
        ue1_0.activation_token,
        ue1_0.code,
        ue1_0.created_at,
        ue1_0.email,
        ue1_0.full_name,
        ue1_0.password,
        ue1_0.phone,
        ue1_0.provider,
        ue1_0.status,
        ue1_0.updated_at,
        ue1_0.user_image_url 
    from
        users ue1_0 
    where
        ue1_0.email=?
2026-06-08 16:49:07 DEBUG SQL:135 - 
    select
        ue1_0.id,
        ue1_0.activation_token,
        ue1_0.code,
        ue1_0.created_at,
        ue1_0.email,
        ue1_0.full_name,
        ue1_0.password,
        ue1_0.phone,
        ue1_0.provider,
        ue1_0.status,
        ue1_0.updated_at,
        ue1_0.user_image_url 
    from
        users ue1_0 
    where
        ue1_0.email=?
2026-06-08 16:49:07 DEBUG SQL:135 - 
    select
        r1_0.user_id,
        r1_1.id,
        r1_1.name,
        p1_0.role_id,
        p1_1.id,
        p1_1.description,
        p1_1.name 
    from
        users_roles r1_0 
    join
        roles r1_1 
            on r1_1.id=r1_0.role_id 
    left join
        roles_permissions p1_0 
            on r1_1.id=p1_0.role_id 
    left join
        permissions p1_1 
            on p1_1.id=p1_0.permission_id 
    where
        r1_0.user_id=?
2026-06-08 16:49:07 DEBUG SQL:135 - 
    select
        r1_0.user_id,
        r1_1.id,
        r1_1.name,
        p1_0.role_id,
        p1_1.id,
        p1_1.description,
        p1_1.name 
    from
        users_roles r1_0 
    join
        roles r1_1 
            on r1_1.id=r1_0.role_id 
    left join
        roles_permissions p1_0 
            on r1_1.id=p1_0.role_id 
    left join
        permissions p1_1 
            on p1_1.id=p1_0.permission_id 
    where
        r1_0.user_id=?
2026-06-08 16:49:07 DEBUG SQL:135 - 
    select
        we1_0.id,
        we1_0.address,
        we1_0.code,
        we1_0.created_at,
        we1_0.name,
        we1_0.status,
        we1_0.updated_at 
    from
        warehouses we1_0 
    where
        we1_0.status=?
2026-06-08 16:49:07 DEBUG SQL:135 - 
    select
        se1_0.id,
        se1_0.code,
        se1_0.created_at,
        se1_0.created_by,
        se1_0.note,
        se1_0.updated_at,
        se1_0.warehouse_id 
    from
        stocktakes se1_0 
    where
        1=1 
    order by
        se1_0.id desc 
    limit
        ?, ?
2026-06-08 16:49:07 DEBUG SQL:135 - 
    select
        we1_0.id,
        we1_0.address,
        we1_0.code,
        we1_0.created_at,
        we1_0.name,
        we1_0.status,
        we1_0.updated_at 
    from
        warehouses we1_0 
    where
        we1_0.id=?
2026-06-08 16:49:07 INFO  JwtAuthenticationFilter:79 - ⬅️ Response: GET /api/admin/warehouses/dropdown - 200
2026-06-08 16:49:07 DEBUG SQL:135 - 
    select
        d1_0.stocktake_id,
        d1_0.id,
        d1_0.actual_qty,
        d1_0.created_at,
        d1_0.difference,
        d1_0.material_id,
        d1_0.system_qty,
        d1_0.updated_at 
    from
        stocktake_details d1_0 
    where
        d1_0.stocktake_id=?
2026-06-08 16:49:07 DEBUG SQL:135 - 
    select
        ue1_0.id,
        ue1_0.activation_token,
        ue1_0.code,
        ue1_0.created_at,
        ue1_0.email,
        ue1_0.full_name,
        ue1_0.password,
        ue1_0.phone,
        ue1_0.provider,
        r1_0.user_id,
        r1_1.id,
        r1_1.name,
        p1_0.role_id,
        p1_1.id,
        p1_1.description,
        p1_1.name,
        ue1_0.status,
        ue1_0.updated_at,
        ue1_0.user_image_url 
    from
        users ue1_0 
    left join
        users_roles r1_0 
            on ue1_0.id=r1_0.user_id 
    left join
        roles r1_1 
            on r1_1.id=r1_0.role_id 
    left join
        roles_permissions p1_0 
            on r1_1.id=p1_0.role_id 
    left join
        permissions p1_1 
            on p1_1.id=p1_0.permission_id 
    where
        ue1_0.id=?
2026-06-08 16:49:07 INFO  JwtAuthenticationFilter:79 - ⬅️ Response: GET /api/admin/stocktakes - 200
2026-06-08 16:49:09 INFO  JwtAuthenticationFilter:37 - ➡️ Request: GET /api/admin/stocktakes/1
2026-06-08 16:49:09 DEBUG SQL:135 - 
    select
        ue1_0.id,
        ue1_0.activation_token,
        ue1_0.code,
        ue1_0.created_at,
        ue1_0.email,
        ue1_0.full_name,
        ue1_0.password,
        ue1_0.phone,
        ue1_0.provider,
        ue1_0.status,
        ue1_0.updated_at,
        ue1_0.user_image_url 
    from
        users ue1_0 
    where
        ue1_0.email=?
2026-06-08 16:49:09 DEBUG SQL:135 - 
    select
        r1_0.user_id,
        r1_1.id,
        r1_1.name,
        p1_0.role_id,
        p1_1.id,
        p1_1.description,
        p1_1.name 
    from
        users_roles r1_0 
    join
        roles r1_1 
            on r1_1.id=r1_0.role_id 
    left join
        roles_permissions p1_0 
            on r1_1.id=p1_0.role_id 
    left join
        permissions p1_1 
            on p1_1.id=p1_0.permission_id 
    where
        r1_0.user_id=?
2026-06-08 16:49:09 DEBUG SQL:135 - 
    select
        se1_0.id,
        se1_0.code,
        se1_0.created_at,
        se1_0.created_by,
        se1_0.note,
        se1_0.updated_at,
        se1_0.warehouse_id 
    from
        stocktakes se1_0 
    where
        se1_0.id=?
2026-06-08 16:49:09 DEBUG SQL:135 - 
    select
        we1_0.id,
        we1_0.address,
        we1_0.code,
        we1_0.created_at,
        we1_0.name,
        we1_0.status,
        we1_0.updated_at 
    from
        warehouses we1_0 
    where
        we1_0.id=?
2026-06-08 16:49:09 DEBUG SQL:135 - 
    select
        d1_0.stocktake_id,
        d1_0.id,
        d1_0.actual_qty,
        d1_0.created_at,
        d1_0.difference,
        d1_0.material_id,
        d1_0.system_qty,
        d1_0.updated_at 
    from
        stocktake_details d1_0 
    where
        d1_0.stocktake_id=?
2026-06-08 16:49:09 DEBUG SQL:135 - 
    select
        ue1_0.id,
        ue1_0.activation_token,
        ue1_0.code,
        ue1_0.created_at,
        ue1_0.email,
        ue1_0.full_name,
        ue1_0.password,
        ue1_0.phone,
        ue1_0.provider,
        r1_0.user_id,
        r1_1.id,
        r1_1.name,
        p1_0.role_id,
        p1_1.id,
        p1_1.description,
        p1_1.name,
        ue1_0.status,
        ue1_0.updated_at,
        ue1_0.user_image_url 
    from
        users ue1_0 
    left join
        users_roles r1_0 
            on ue1_0.id=r1_0.user_id 
    left join
        roles r1_1 
            on r1_1.id=r1_0.role_id 
    left join
        roles_permissions p1_0 
            on r1_1.id=p1_0.role_id 
    left join
        permissions p1_1 
            on p1_1.id=p1_0.permission_id 
    where
        ue1_0.id=?
2026-06-08 16:49:09 DEBUG SQL:135 - 
    select
        me1_0.id,
        me1_0.category_id,
        me1_0.code,
        me1_0.created_at,
        me1_0.low_stock_threshold,
        me1_0.name,
        me1_0.status,
        me1_0.thumbnail,
        me1_0.thumbnail_public_id,
        me1_0.unit,
        me1_0.updated_at 
    from
        materials me1_0 
    where
        me1_0.id=?
2026-06-08 16:49:09 INFO  JwtAuthenticationFilter:79 - ⬅️ Response: GET /api/admin/stocktakes/1 - 200
2026-06-08 16:49:09 INFO  JwtAuthenticationFilter:37 - ➡️ Request: GET /api/admin/stocktakes/1
2026-06-08 16:49:09 DEBUG SQL:135 - 
    select
        ue1_0.id,
        ue1_0.activation_token,
        ue1_0.code,
        ue1_0.created_at,
        ue1_0.email,
        ue1_0.full_name,
        ue1_0.password,
        ue1_0.phone,
        ue1_0.provider,
        ue1_0.status,
        ue1_0.updated_at,
        ue1_0.user_image_url 
    from
        users ue1_0 
    where
        ue1_0.email=?
2026-06-08 16:49:09 DEBUG SQL:135 - 
    select
        r1_0.user_id,
        r1_1.id,
        r1_1.name,
        p1_0.role_id,
        p1_1.id,
        p1_1.description,
        p1_1.name 
    from
        users_roles r1_0 
    join
        roles r1_1 
            on r1_1.id=r1_0.role_id 
    left join
        roles_permissions p1_0 
            on r1_1.id=p1_0.role_id 
    left join
        permissions p1_1 
            on p1_1.id=p1_0.permission_id 
    where
        r1_0.user_id=?
2026-06-08 16:49:09 DEBUG SQL:135 - 
    select
        se1_0.id,
        se1_0.code,
        se1_0.created_at,
        se1_0.created_by,
        se1_0.note,
        se1_0.updated_at,
        se1_0.warehouse_id 
    from
        stocktakes se1_0 
    where
        se1_0.id=?
2026-06-08 16:49:09 DEBUG SQL:135 - 
    select
        we1_0.id,
        we1_0.address,
        we1_0.code,
        we1_0.created_at,
        we1_0.name,
        we1_0.status,
        we1_0.updated_at 
    from
        warehouses we1_0 
    where
        we1_0.id=?
2026-06-08 16:49:09 DEBUG SQL:135 - 
    select
        d1_0.stocktake_id,
        d1_0.id,
        d1_0.actual_qty,
        d1_0.created_at,
        d1_0.difference,
        d1_0.material_id,
        d1_0.system_qty,
        d1_0.updated_at 
    from
        stocktake_details d1_0 
    where
        d1_0.stocktake_id=?
2026-06-08 16:49:09 DEBUG SQL:135 - 
    select
        ue1_0.id,
        ue1_0.activation_token,
        ue1_0.code,
        ue1_0.created_at,
        ue1_0.email,
        ue1_0.full_name,
        ue1_0.password,
        ue1_0.phone,
        ue1_0.provider,
        r1_0.user_id,
        r1_1.id,
        r1_1.name,
        p1_0.role_id,
        p1_1.id,
        p1_1.description,
        p1_1.name,
        ue1_0.status,
        ue1_0.updated_at,
        ue1_0.user_image_url 
    from
        users ue1_0 
    left join
        users_roles r1_0 
            on ue1_0.id=r1_0.user_id 
    left join
        roles r1_1 
            on r1_1.id=r1_0.role_id 
    left join
        roles_permissions p1_0 
            on r1_1.id=p1_0.role_id 
    left join
        permissions p1_1 
            on p1_1.id=p1_0.permission_id 
    where
        ue1_0.id=?
2026-06-08 16:49:09 DEBUG SQL:135 - 
    select
        me1_0.id,
        me1_0.category_id,
        me1_0.code,
        me1_0.created_at,
        me1_0.low_stock_threshold,
        me1_0.name,
        me1_0.status,
        me1_0.thumbnail,
        me1_0.thumbnail_public_id,
        me1_0.unit,
        me1_0.updated_at 
    from
        materials me1_0 
    where
        me1_0.id=?
2026-06-08 16:49:09 INFO  JwtAuthenticationFilter:79 - ⬅️ Response: GET /api/admin/stocktakes/1 - 200
2026-06-08 16:49:13 INFO  JwtAuthenticationFilter:37 - ➡️ Request: GET /api/auth/account-info
2026-06-08 16:49:13 INFO  JwtAuthenticationFilter:37 - ➡️ Request: GET /api/admin/stocktakes/1
2026-06-08 16:49:13 DEBUG SQL:135 - 
    select
        ue1_0.id,
        ue1_0.activation_token,
        ue1_0.code,
        ue1_0.created_at,
        ue1_0.email,
        ue1_0.full_name,
        ue1_0.password,
        ue1_0.phone,
        ue1_0.provider,
        ue1_0.status,
        ue1_0.updated_at,
        ue1_0.user_image_url 
    from
        users ue1_0 
    where
        ue1_0.email=?
2026-06-08 16:49:13 DEBUG SQL:135 - 
    select
        ue1_0.id,
        ue1_0.activation_token,
        ue1_0.code,
        ue1_0.created_at,
        ue1_0.email,
        ue1_0.full_name,
        ue1_0.password,
        ue1_0.phone,
        ue1_0.provider,
        ue1_0.status,
        ue1_0.updated_at,
        ue1_0.user_image_url 
    from
        users ue1_0 
    where
        ue1_0.email=?
2026-06-08 16:49:13 DEBUG SQL:135 - 
    select
        r1_0.user_id,
        r1_1.id,
        r1_1.name,
        p1_0.role_id,
        p1_1.id,
        p1_1.description,
        p1_1.name 
    from
        users_roles r1_0 
    join
        roles r1_1 
            on r1_1.id=r1_0.role_id 
    left join
        roles_permissions p1_0 
            on r1_1.id=p1_0.role_id 
    left join
        permissions p1_1 
            on p1_1.id=p1_0.permission_id 
    where
        r1_0.user_id=?
2026-06-08 16:49:13 DEBUG SQL:135 - 
    select
        r1_0.user_id,
        r1_1.id,
        r1_1.name,
        p1_0.role_id,
        p1_1.id,
        p1_1.description,
        p1_1.name 
    from
        users_roles r1_0 
    join
        roles r1_1 
            on r1_1.id=r1_0.role_id 
    left join
        roles_permissions p1_0 
            on r1_1.id=p1_0.role_id 
    left join
        permissions p1_1 
            on p1_1.id=p1_0.permission_id 
    where
        r1_0.user_id=?
2026-06-08 16:49:13 INFO  JwtAuthenticationFilter:79 - ⬅️ Response: GET /api/auth/account-info - 200
2026-06-08 16:49:13 DEBUG SQL:135 - 
    select
        se1_0.id,
        se1_0.code,
        se1_0.created_at,
        se1_0.created_by,
        se1_0.note,
        se1_0.updated_at,
        se1_0.warehouse_id 
    from
        stocktakes se1_0 
    where
        se1_0.id=?
2026-06-08 16:49:13 DEBUG SQL:135 - 
    select
        we1_0.id,
        we1_0.address,
        we1_0.code,
        we1_0.created_at,
        we1_0.name,
        we1_0.status,
        we1_0.updated_at 
    from
        warehouses we1_0 
    where
        we1_0.id=?
2026-06-08 16:49:13 DEBUG SQL:135 - 
    select
        d1_0.stocktake_id,
        d1_0.id,
        d1_0.actual_qty,
        d1_0.created_at,
        d1_0.difference,
        d1_0.material_id,
        d1_0.system_qty,
        d1_0.updated_at 
    from
        stocktake_details d1_0 
    where
        d1_0.stocktake_id=?
2026-06-08 16:49:13 DEBUG SQL:135 - 
    select
        ue1_0.id,
        ue1_0.activation_token,
        ue1_0.code,
        ue1_0.created_at,
        ue1_0.email,
        ue1_0.full_name,
        ue1_0.password,
        ue1_0.phone,
        ue1_0.provider,
        r1_0.user_id,
        r1_1.id,
        r1_1.name,
        p1_0.role_id,
        p1_1.id,
        p1_1.description,
        p1_1.name,
        ue1_0.status,
        ue1_0.updated_at,
        ue1_0.user_image_url 
    from
        users ue1_0 
    left join
        users_roles r1_0 
            on ue1_0.id=r1_0.user_id 
    left join
        roles r1_1 
            on r1_1.id=r1_0.role_id 
    left join
        roles_permissions p1_0 
            on r1_1.id=p1_0.role_id 
    left join
        permissions p1_1 
            on p1_1.id=p1_0.permission_id 
    where
        ue1_0.id=?
2026-06-08 16:49:13 DEBUG SQL:135 - 
    select
        me1_0.id,
        me1_0.category_id,
        me1_0.code,
        me1_0.created_at,
        me1_0.low_stock_threshold,
        me1_0.name,
        me1_0.status,
        me1_0.thumbnail,
        me1_0.thumbnail_public_id,
        me1_0.unit,
        me1_0.updated_at 
    from
        materials me1_0 
    where
        me1_0.id=?
2026-06-08 16:49:13 INFO  JwtAuthenticationFilter:79 - ⬅️ Response: GET /api/admin/stocktakes/1 - 200
2026-06-08 16:49:13 INFO  JwtAuthenticationFilter:37 - ➡️ Request: GET /api/admin/stocktakes/1
2026-06-08 16:49:13 DEBUG SQL:135 - 
    select
        ue1_0.id,
        ue1_0.activation_token,
        ue1_0.code,
        ue1_0.created_at,
        ue1_0.email,
        ue1_0.full_name,
        ue1_0.password,
        ue1_0.phone,
        ue1_0.provider,
        ue1_0.status,
        ue1_0.updated_at,
        ue1_0.user_image_url 
    from
        users ue1_0 
    where
        ue1_0.email=?
2026-06-08 16:49:13 INFO  JwtAuthenticationFilter:37 - ➡️ Request: GET /api/auth/account-info
2026-06-08 16:49:13 DEBUG SQL:135 - 
    select
        r1_0.user_id,
        r1_1.id,
        r1_1.name,
        p1_0.role_id,
        p1_1.id,
        p1_1.description,
        p1_1.name 
    from
        users_roles r1_0 
    join
        roles r1_1 
            on r1_1.id=r1_0.role_id 
    left join
        roles_permissions p1_0 
            on r1_1.id=p1_0.role_id 
    left join
        permissions p1_1 
            on p1_1.id=p1_0.permission_id 
    where
        r1_0.user_id=?
2026-06-08 16:49:13 DEBUG SQL:135 - 
    select
        ue1_0.id,
        ue1_0.activation_token,
        ue1_0.code,
        ue1_0.created_at,
        ue1_0.email,
        ue1_0.full_name,
        ue1_0.password,
        ue1_0.phone,
        ue1_0.provider,
        ue1_0.status,
        ue1_0.updated_at,
        ue1_0.user_image_url 
    from
        users ue1_0 
    where
        ue1_0.email=?
2026-06-08 16:49:13 DEBUG SQL:135 - 
    select
        r1_0.user_id,
        r1_1.id,
        r1_1.name,
        p1_0.role_id,
        p1_1.id,
        p1_1.description,
        p1_1.name 
    from
        users_roles r1_0 
    join
        roles r1_1 
            on r1_1.id=r1_0.role_id 
    left join
        roles_permissions p1_0 
            on r1_1.id=p1_0.role_id 
    left join
        permissions p1_1 
            on p1_1.id=p1_0.permission_id 
    where
        r1_0.user_id=?
2026-06-08 16:49:13 DEBUG SQL:135 - 
    select
        se1_0.id,
        se1_0.code,
        se1_0.created_at,
        se1_0.created_by,
        se1_0.note,
        se1_0.updated_at,
        se1_0.warehouse_id 
    from
        stocktakes se1_0 
    where
        se1_0.id=?
2026-06-08 16:49:13 DEBUG SQL:135 - 
    select
        we1_0.id,
        we1_0.address,
        we1_0.code,
        we1_0.created_at,
        we1_0.name,
        we1_0.status,
        we1_0.updated_at 
    from
        warehouses we1_0 
    where
        we1_0.id=?
2026-06-08 16:49:13 INFO  JwtAuthenticationFilter:79 - ⬅️ Response: GET /api/auth/account-info - 200
2026-06-08 16:49:13 DEBUG SQL:135 - 
    select
        d1_0.stocktake_id,
        d1_0.id,
        d1_0.actual_qty,
        d1_0.created_at,
        d1_0.difference,
        d1_0.material_id,
        d1_0.system_qty,
        d1_0.updated_at 
    from
        stocktake_details d1_0 
    where
        d1_0.stocktake_id=?
2026-06-08 16:49:13 DEBUG SQL:135 - 
    select
        ue1_0.id,
        ue1_0.activation_token,
        ue1_0.code,
        ue1_0.created_at,
        ue1_0.email,
        ue1_0.full_name,
        ue1_0.password,
        ue1_0.phone,
        ue1_0.provider,
        r1_0.user_id,
        r1_1.id,
        r1_1.name,
        p1_0.role_id,
        p1_1.id,
        p1_1.description,
        p1_1.name,
        ue1_0.status,
        ue1_0.updated_at,
        ue1_0.user_image_url 
    from
        users ue1_0 
    left join
        users_roles r1_0 
            on ue1_0.id=r1_0.user_id 
    left join
        roles r1_1 
            on r1_1.id=r1_0.role_id 
    left join
        roles_permissions p1_0 
            on r1_1.id=p1_0.role_id 
    left join
        permissions p1_1 
            on p1_1.id=p1_0.permission_id 
    where
        ue1_0.id=?
2026-06-08 16:49:13 DEBUG SQL:135 - 
    select
        me1_0.id,
        me1_0.category_id,
        me1_0.code,
        me1_0.created_at,
        me1_0.low_stock_threshold,
        me1_0.name,
        me1_0.status,
        me1_0.thumbnail,
        me1_0.thumbnail_public_id,
        me1_0.unit,
        me1_0.updated_at 
    from
        materials me1_0 
    where
        me1_0.id=?
2026-06-08 16:49:13 INFO  JwtAuthenticationFilter:79 - ⬅️ Response: GET /api/admin/stocktakes/1 - 200
2026-06-08 16:49:16 INFO  JwtAuthenticationFilter:37 - ➡️ Request: GET /api/admin/stocktakes/1
2026-06-08 16:49:16 INFO  JwtAuthenticationFilter:37 - ➡️ Request: GET /api/auth/account-info
2026-06-08 16:49:16 DEBUG SQL:135 - 
    select
        ue1_0.id,
        ue1_0.activation_token,
        ue1_0.code,
        ue1_0.created_at,
        ue1_0.email,
        ue1_0.full_name,
        ue1_0.password,
        ue1_0.phone,
        ue1_0.provider,
        ue1_0.status,
        ue1_0.updated_at,
        ue1_0.user_image_url 
    from
        users ue1_0 
    where
        ue1_0.email=?
2026-06-08 16:49:16 DEBUG SQL:135 - 
    select
        ue1_0.id,
        ue1_0.activation_token,
        ue1_0.code,
        ue1_0.created_at,
        ue1_0.email,
        ue1_0.full_name,
        ue1_0.password,
        ue1_0.phone,
        ue1_0.provider,
        ue1_0.status,
        ue1_0.updated_at,
        ue1_0.user_image_url 
    from
        users ue1_0 
    where
        ue1_0.email=?
2026-06-08 16:49:16 DEBUG SQL:135 - 
    select
        r1_0.user_id,
        r1_1.id,
        r1_1.name,
        p1_0.role_id,
        p1_1.id,
        p1_1.description,
        p1_1.name 
    from
        users_roles r1_0 
    join
        roles r1_1 
            on r1_1.id=r1_0.role_id 
    left join
        roles_permissions p1_0 
            on r1_1.id=p1_0.role_id 
    left join
        permissions p1_1 
            on p1_1.id=p1_0.permission_id 
    where
        r1_0.user_id=?
2026-06-08 16:49:16 DEBUG SQL:135 - 
    select
        r1_0.user_id,
        r1_1.id,
        r1_1.name,
        p1_0.role_id,
        p1_1.id,
        p1_1.description,
        p1_1.name 
    from
        users_roles r1_0 
    join
        roles r1_1 
            on r1_1.id=r1_0.role_id 
    left join
        roles_permissions p1_0 
            on r1_1.id=p1_0.role_id 
    left join
        permissions p1_1 
            on p1_1.id=p1_0.permission_id 
    where
        r1_0.user_id=?
2026-06-08 16:49:16 INFO  JwtAuthenticationFilter:79 - ⬅️ Response: GET /api/auth/account-info - 200
2026-06-08 16:49:16 DEBUG SQL:135 - 
    select
        se1_0.id,
        se1_0.code,
        se1_0.created_at,
        se1_0.created_by,
        se1_0.note,
        se1_0.updated_at,
        se1_0.warehouse_id 
    from
        stocktakes se1_0 
    where
        se1_0.id=?
2026-06-08 16:49:16 DEBUG SQL:135 - 
    select
        we1_0.id,
        we1_0.address,
        we1_0.code,
        we1_0.created_at,
        we1_0.name,
        we1_0.status,
        we1_0.updated_at 
    from
        warehouses we1_0 
    where
        we1_0.id=?
2026-06-08 16:49:16 DEBUG SQL:135 - 
    select
        d1_0.stocktake_id,
        d1_0.id,
        d1_0.actual_qty,
        d1_0.created_at,
        d1_0.difference,
        d1_0.material_id,
        d1_0.system_qty,
        d1_0.updated_at 
    from
        stocktake_details d1_0 
    where
        d1_0.stocktake_id=?
2026-06-08 16:49:16 DEBUG SQL:135 - 
    select
        ue1_0.id,
        ue1_0.activation_token,
        ue1_0.code,
        ue1_0.created_at,
        ue1_0.email,
        ue1_0.full_name,
        ue1_0.password,
        ue1_0.phone,
        ue1_0.provider,
        r1_0.user_id,
        r1_1.id,
        r1_1.name,
        p1_0.role_id,
        p1_1.id,
        p1_1.description,
        p1_1.name,
        ue1_0.status,
        ue1_0.updated_at,
        ue1_0.user_image_url 
    from
        users ue1_0 
    left join
        users_roles r1_0 
            on ue1_0.id=r1_0.user_id 
    left join
        roles r1_1 
            on r1_1.id=r1_0.role_id 
    left join
        roles_permissions p1_0 
            on r1_1.id=p1_0.role_id 
    left join
        permissions p1_1 
            on p1_1.id=p1_0.permission_id 
    where
        ue1_0.id=?
2026-06-08 16:49:16 DEBUG SQL:135 - 
    select
        me1_0.id,
        me1_0.category_id,
        me1_0.code,
        me1_0.created_at,
        me1_0.low_stock_threshold,
        me1_0.name,
        me1_0.status,
        me1_0.thumbnail,
        me1_0.thumbnail_public_id,
        me1_0.unit,
        me1_0.updated_at 
    from
        materials me1_0 
    where
        me1_0.id=?
2026-06-08 16:49:16 INFO  JwtAuthenticationFilter:79 - ⬅️ Response: GET /api/admin/stocktakes/1 - 200
2026-06-08 16:49:17 INFO  JwtAuthenticationFilter:37 - ➡️ Request: GET /api/auth/account-info
2026-06-08 16:49:17 INFO  JwtAuthenticationFilter:37 - ➡️ Request: GET /api/admin/stocktakes/1
2026-06-08 16:49:17 DEBUG SQL:135 - 
    select
        ue1_0.id,
        ue1_0.activation_token,
        ue1_0.code,
        ue1_0.created_at,
        ue1_0.email,
        ue1_0.full_name,
        ue1_0.password,
        ue1_0.phone,
        ue1_0.provider,
        ue1_0.status,
        ue1_0.updated_at,
        ue1_0.user_image_url 
    from
        users ue1_0 
    where
        ue1_0.email=?
2026-06-08 16:49:17 DEBUG SQL:135 - 
    select
        ue1_0.id,
        ue1_0.activation_token,
        ue1_0.code,
        ue1_0.created_at,
        ue1_0.email,
        ue1_0.full_name,
        ue1_0.password,
        ue1_0.phone,
        ue1_0.provider,
        ue1_0.status,
        ue1_0.updated_at,
        ue1_0.user_image_url 
    from
        users ue1_0 
    where
        ue1_0.email=?
2026-06-08 16:49:17 DEBUG SQL:135 - 
    select
        r1_0.user_id,
        r1_1.id,
        r1_1.name,
        p1_0.role_id,
        p1_1.id,
        p1_1.description,
        p1_1.name 
    from
        users_roles r1_0 
    join
        roles r1_1 
            on r1_1.id=r1_0.role_id 
    left join
        roles_permissions p1_0 
            on r1_1.id=p1_0.role_id 
    left join
        permissions p1_1 
            on p1_1.id=p1_0.permission_id 
    where
        r1_0.user_id=?
2026-06-08 16:49:17 DEBUG SQL:135 - 
    select
        r1_0.user_id,
        r1_1.id,
        r1_1.name,
        p1_0.role_id,
        p1_1.id,
        p1_1.description,
        p1_1.name 
    from
        users_roles r1_0 
    join
        roles r1_1 
            on r1_1.id=r1_0.role_id 
    left join
        roles_permissions p1_0 
            on r1_1.id=p1_0.role_id 
    left join
        permissions p1_1 
            on p1_1.id=p1_0.permission_id 
    where
        r1_0.user_id=?
2026-06-08 16:49:17 INFO  JwtAuthenticationFilter:79 - ⬅️ Response: GET /api/auth/account-info - 200
2026-06-08 16:49:17 DEBUG SQL:135 - 
    select
        se1_0.id,
        se1_0.code,
        se1_0.created_at,
        se1_0.created_by,
        se1_0.note,
        se1_0.updated_at,
        se1_0.warehouse_id 
    from
        stocktakes se1_0 
    where
        se1_0.id=?
2026-06-08 16:49:17 DEBUG SQL:135 - 
    select
        we1_0.id,
        we1_0.address,
        we1_0.code,
        we1_0.created_at,
        we1_0.name,
        we1_0.status,
        we1_0.updated_at 
    from
        warehouses we1_0 
    where
        we1_0.id=?
2026-06-08 16:49:17 DEBUG SQL:135 - 
    select
        d1_0.stocktake_id,
        d1_0.id,
        d1_0.actual_qty,
        d1_0.created_at,
        d1_0.difference,
        d1_0.material_id,
        d1_0.system_qty,
        d1_0.updated_at 
    from
        stocktake_details d1_0 
    where
        d1_0.stocktake_id=?
2026-06-08 16:49:17 DEBUG SQL:135 - 
    select
        ue1_0.id,
        ue1_0.activation_token,
        ue1_0.code,
        ue1_0.created_at,
        ue1_0.email,
        ue1_0.full_name,
        ue1_0.password,
        ue1_0.phone,
        ue1_0.provider,
        r1_0.user_id,
        r1_1.id,
        r1_1.name,
        p1_0.role_id,
        p1_1.id,
        p1_1.description,
        p1_1.name,
        ue1_0.status,
        ue1_0.updated_at,
        ue1_0.user_image_url 
    from
        users ue1_0 
    left join
        users_roles r1_0 
            on ue1_0.id=r1_0.user_id 
    left join
        roles r1_1 
            on r1_1.id=r1_0.role_id 
    left join
        roles_permissions p1_0 
            on r1_1.id=p1_0.role_id 
    left join
        permissions p1_1 
            on p1_1.id=p1_0.permission_id 
    where
        ue1_0.id=?
2026-06-08 16:49:17 DEBUG SQL:135 - 
    select
        me1_0.id,
        me1_0.category_id,
        me1_0.code,
        me1_0.created_at,
        me1_0.low_stock_threshold,
        me1_0.name,
        me1_0.status,
        me1_0.thumbnail,
        me1_0.thumbnail_public_id,
        me1_0.unit,
        me1_0.updated_at 
    from
        materials me1_0 
    where
        me1_0.id=?
2026-06-08 16:49:17 INFO  JwtAuthenticationFilter:79 - ⬅️ Response: GET /api/admin/stocktakes/1 - 200
2026-06-08 17:56:46 WARN  HikariPool:825 - HikariPool-1 - Thread starvation or clock leap detected (housekeeper delta=1h6m56s371ms).
2026-06-08 18:12:23 WARN  HikariPool:825 - HikariPool-1 - Thread starvation or clock leap detected (housekeeper delta=15m37s106ms).
2026-06-08 18:40:01 WARN  HikariPool:825 - HikariPool-1 - Thread starvation or clock leap detected (housekeeper delta=27m38s5ms).
2026-06-08 18:51:00 WARN  HikariPool:825 - HikariPool-1 - Thread starvation or clock leap detected (housekeeper delta=9m48s419ms).
2026-06-08 19:51:57 WARN  HikariPool:825 - HikariPool-1 - Thread starvation or clock leap detected (housekeeper delta=1h27s29ms).
2026-06-08 20:24:59 INFO  JwtAuthenticationFilter:37 - ➡️ Request: GET /api/auth/account-info
2026-06-08 20:24:59 INFO  JwtAuthenticationFilter:37 - ➡️ Request: GET /api/admin/stocktakes/1
2026-06-08 20:24:59 INFO  JwtAuthenticationFilter:79 - ⬅️ Response: GET /api/auth/account-info - 401
2026-06-08 20:24:59 INFO  JwtAuthenticationFilter:79 - ⬅️ Response: GET /api/admin/stocktakes/1 - 401
2026-06-08 20:24:59 INFO  JwtAuthenticationFilter:37 - ➡️ Request: POST /api/auth/refresh
2026-06-08 20:24:59 DEBUG SQL:135 - 
    select
        rte1_0.id,
        rte1_0.created_at,
        rte1_0.expiry_date,
        rte1_0.token,
        rte1_0.updated_at,
        rte1_0.user_id 
    from
        refresh_token rte1_0 
    where
        rte1_0.token=?
2026-06-08 20:24:59 DEBUG SQL:135 - 
    select
        ue1_0.id,
        ue1_0.activation_token,
        ue1_0.code,
        ue1_0.created_at,
        ue1_0.email,
        ue1_0.full_name,
        ue1_0.password,
        ue1_0.phone,
        ue1_0.provider,
        r1_0.user_id,
        r1_1.id,
        r1_1.name,
        p1_0.role_id,
        p1_1.id,
        p1_1.description,
        p1_1.name,
        ue1_0.status,
        ue1_0.updated_at,
        ue1_0.user_image_url 
    from
        users ue1_0 
    left join
        users_roles r1_0 
            on ue1_0.id=r1_0.user_id 
    left join
        roles r1_1 
            on r1_1.id=r1_0.role_id 
    left join
        roles_permissions p1_0 
            on r1_1.id=p1_0.role_id 
    left join
        permissions p1_1 
            on p1_1.id=p1_0.permission_id 
    where
        ue1_0.id=?
2026-06-08 20:24:59 INFO  JwtAuthenticationFilter:79 - ⬅️ Response: POST /api/auth/refresh - 200
2026-06-08 20:24:59 INFO  JwtAuthenticationFilter:37 - ➡️ Request: GET /api/auth/account-info
2026-06-08 20:24:59 INFO  JwtAuthenticationFilter:37 - ➡️ Request: GET /api/admin/stocktakes/1
2026-06-08 20:24:59 DEBUG SQL:135 - 
    select
        ue1_0.id,
        ue1_0.activation_token,
        ue1_0.code,
        ue1_0.created_at,
        ue1_0.email,
        ue1_0.full_name,
        ue1_0.password,
        ue1_0.phone,
        ue1_0.provider,
        ue1_0.status,
        ue1_0.updated_at,
        ue1_0.user_image_url 
    from
        users ue1_0 
    where
        ue1_0.email=?
2026-06-08 20:24:59 DEBUG SQL:135 - 
    select
        ue1_0.id,
        ue1_0.activation_token,
        ue1_0.code,
        ue1_0.created_at,
        ue1_0.email,
        ue1_0.full_name,
        ue1_0.password,
        ue1_0.phone,
        ue1_0.provider,
        ue1_0.status,
        ue1_0.updated_at,
        ue1_0.user_image_url 
    from
        users ue1_0 
    where
        ue1_0.email=?
2026-06-08 20:24:59 DEBUG SQL:135 - 
    select
        r1_0.user_id,
        r1_1.id,
        r1_1.name,
        p1_0.role_id,
        p1_1.id,
        p1_1.description,
        p1_1.name 
    from
        users_roles r1_0 
    join
        roles r1_1 
            on r1_1.id=r1_0.role_id 
    left join
        roles_permissions p1_0 
            on r1_1.id=p1_0.role_id 
    left join
        permissions p1_1 
            on p1_1.id=p1_0.permission_id 
    where
        r1_0.user_id=?
2026-06-08 20:24:59 DEBUG SQL:135 - 
    select
        r1_0.user_id,
        r1_1.id,
        r1_1.name,
        p1_0.role_id,
        p1_1.id,
        p1_1.description,
        p1_1.name 
    from
        users_roles r1_0 
    join
        roles r1_1 
            on r1_1.id=r1_0.role_id 
    left join
        roles_permissions p1_0 
            on r1_1.id=p1_0.role_id 
    left join
        permissions p1_1 
            on p1_1.id=p1_0.permission_id 
    where
        r1_0.user_id=?
2026-06-08 20:24:59 INFO  JwtAuthenticationFilter:79 - ⬅️ Response: GET /api/auth/account-info - 200
2026-06-08 20:24:59 DEBUG SQL:135 - 
    select
        se1_0.id,
        se1_0.code,
        se1_0.created_at,
        se1_0.created_by,
        se1_0.note,
        se1_0.updated_at,
        se1_0.warehouse_id 
    from
        stocktakes se1_0 
    where
        se1_0.id=?
2026-06-08 20:24:59 DEBUG SQL:135 - 
    select
        we1_0.id,
        we1_0.address,
        we1_0.code,
        we1_0.created_at,
        we1_0.name,
        we1_0.status,
        we1_0.updated_at 
    from
        warehouses we1_0 
    where
        we1_0.id=?
2026-06-08 20:24:59 DEBUG SQL:135 - 
    select
        d1_0.stocktake_id,
        d1_0.id,
        d1_0.actual_qty,
        d1_0.created_at,
        d1_0.difference,
        d1_0.material_id,
        d1_0.system_qty,
        d1_0.updated_at 
    from
        stocktake_details d1_0 
    where
        d1_0.stocktake_id=?
2026-06-08 20:24:59 DEBUG SQL:135 - 
    select
        ue1_0.id,
        ue1_0.activation_token,
        ue1_0.code,
        ue1_0.created_at,
        ue1_0.email,
        ue1_0.full_name,
        ue1_0.password,
        ue1_0.phone,
        ue1_0.provider,
        r1_0.user_id,
        r1_1.id,
        r1_1.name,
        p1_0.role_id,
        p1_1.id,
        p1_1.description,
        p1_1.name,
        ue1_0.status,
        ue1_0.updated_at,
        ue1_0.user_image_url 
    from
        users ue1_0 
    left join
        users_roles r1_0 
            on ue1_0.id=r1_0.user_id 
    left join
        roles r1_1 
            on r1_1.id=r1_0.role_id 
    left join
        roles_permissions p1_0 
            on r1_1.id=p1_0.role_id 
    left join
        permissions p1_1 
            on p1_1.id=p1_0.permission_id 
    where
        ue1_0.id=?
2026-06-08 20:24:59 DEBUG SQL:135 - 
    select
        me1_0.id,
        me1_0.category_id,
        me1_0.code,
        me1_0.created_at,
        me1_0.low_stock_threshold,
        me1_0.name,
        me1_0.status,
        me1_0.thumbnail,
        me1_0.thumbnail_public_id,
        me1_0.unit,
        me1_0.updated_at 
    from
        materials me1_0 
    where
        me1_0.id=?
2026-06-08 20:24:59 INFO  JwtAuthenticationFilter:79 - ⬅️ Response: GET /api/admin/stocktakes/1 - 200
2026-06-08 20:25:01 INFO  JwtAuthenticationFilter:37 - ➡️ Request: GET /api/admin/warehouses/dropdown
2026-06-08 20:25:01 INFO  JwtAuthenticationFilter:37 - ➡️ Request: GET /api/admin/stocktakes
2026-06-08 20:25:01 DEBUG SQL:135 - 
    select
        ue1_0.id,
        ue1_0.activation_token,
        ue1_0.code,
        ue1_0.created_at,
        ue1_0.email,
        ue1_0.full_name,
        ue1_0.password,
        ue1_0.phone,
        ue1_0.provider,
        ue1_0.status,
        ue1_0.updated_at,
        ue1_0.user_image_url 
    from
        users ue1_0 
    where
        ue1_0.email=?
2026-06-08 20:25:01 DEBUG SQL:135 - 
    select
        ue1_0.id,
        ue1_0.activation_token,
        ue1_0.code,
        ue1_0.created_at,
        ue1_0.email,
        ue1_0.full_name,
        ue1_0.password,
        ue1_0.phone,
        ue1_0.provider,
        ue1_0.status,
        ue1_0.updated_at,
        ue1_0.user_image_url 
    from
        users ue1_0 
    where
        ue1_0.email=?
2026-06-08 20:25:01 DEBUG SQL:135 - 
    select
        r1_0.user_id,
        r1_1.id,
        r1_1.name,
        p1_0.role_id,
        p1_1.id,
        p1_1.description,
        p1_1.name 
    from
        users_roles r1_0 
    join
        roles r1_1 
            on r1_1.id=r1_0.role_id 
    left join
        roles_permissions p1_0 
            on r1_1.id=p1_0.role_id 
    left join
        permissions p1_1 
            on p1_1.id=p1_0.permission_id 
    where
        r1_0.user_id=?
2026-06-08 20:25:01 DEBUG SQL:135 - 
    select
        r1_0.user_id,
        r1_1.id,
        r1_1.name,
        p1_0.role_id,
        p1_1.id,
        p1_1.description,
        p1_1.name 
    from
        users_roles r1_0 
    join
        roles r1_1 
            on r1_1.id=r1_0.role_id 
    left join
        roles_permissions p1_0 
            on r1_1.id=p1_0.role_id 
    left join
        permissions p1_1 
            on p1_1.id=p1_0.permission_id 
    where
        r1_0.user_id=?
2026-06-08 20:25:01 DEBUG SQL:135 - 
    select
        we1_0.id,
        we1_0.address,
        we1_0.code,
        we1_0.created_at,
        we1_0.name,
        we1_0.status,
        we1_0.updated_at 
    from
        warehouses we1_0 
    where
        we1_0.status=?
2026-06-08 20:25:01 DEBUG SQL:135 - 
    select
        se1_0.id,
        se1_0.code,
        se1_0.created_at,
        se1_0.created_by,
        se1_0.note,
        se1_0.updated_at,
        se1_0.warehouse_id 
    from
        stocktakes se1_0 
    where
        1=1 
    order by
        se1_0.id desc 
    limit
        ?, ?
2026-06-08 20:25:01 DEBUG SQL:135 - 
    select
        we1_0.id,
        we1_0.address,
        we1_0.code,
        we1_0.created_at,
        we1_0.name,
        we1_0.status,
        we1_0.updated_at 
    from
        warehouses we1_0 
    where
        we1_0.id=?
2026-06-08 20:25:01 INFO  JwtAuthenticationFilter:79 - ⬅️ Response: GET /api/admin/warehouses/dropdown - 200
2026-06-08 20:25:01 DEBUG SQL:135 - 
    select
        d1_0.stocktake_id,
        d1_0.id,
        d1_0.actual_qty,
        d1_0.created_at,
        d1_0.difference,
        d1_0.material_id,
        d1_0.system_qty,
        d1_0.updated_at 
    from
        stocktake_details d1_0 
    where
        d1_0.stocktake_id=?
2026-06-08 20:25:01 DEBUG SQL:135 - 
    select
        ue1_0.id,
        ue1_0.activation_token,
        ue1_0.code,
        ue1_0.created_at,
        ue1_0.email,
        ue1_0.full_name,
        ue1_0.password,
        ue1_0.phone,
        ue1_0.provider,
        r1_0.user_id,
        r1_1.id,
        r1_1.name,
        p1_0.role_id,
        p1_1.id,
        p1_1.description,
        p1_1.name,
        ue1_0.status,
        ue1_0.updated_at,
        ue1_0.user_image_url 
    from
        users ue1_0 
    left join
        users_roles r1_0 
            on ue1_0.id=r1_0.user_id 
    left join
        roles r1_1 
            on r1_1.id=r1_0.role_id 
    left join
        roles_permissions p1_0 
            on r1_1.id=p1_0.role_id 
    left join
        permissions p1_1 
            on p1_1.id=p1_0.permission_id 
    where
        ue1_0.id=?
2026-06-08 20:25:01 INFO  JwtAuthenticationFilter:79 - ⬅️ Response: GET /api/admin/stocktakes - 200
2026-06-08 20:25:02 INFO  JwtAuthenticationFilter:37 - ➡️ Request: GET /api/auth/account-info
2026-06-08 20:25:02 DEBUG SQL:135 - 
    select
        ue1_0.id,
        ue1_0.activation_token,
        ue1_0.code,
        ue1_0.created_at,
        ue1_0.email,
        ue1_0.full_name,
        ue1_0.password,
        ue1_0.phone,
        ue1_0.provider,
        ue1_0.status,
        ue1_0.updated_at,
        ue1_0.user_image_url 
    from
        users ue1_0 
    where
        ue1_0.email=?
2026-06-08 20:25:02 DEBUG SQL:135 - 
    select
        r1_0.user_id,
        r1_1.id,
        r1_1.name,
        p1_0.role_id,
        p1_1.id,
        p1_1.description,
        p1_1.name 
    from
        users_roles r1_0 
    join
        roles r1_1 
            on r1_1.id=r1_0.role_id 
    left join
        roles_permissions p1_0 
            on r1_1.id=p1_0.role_id 
    left join
        permissions p1_1 
            on p1_1.id=p1_0.permission_id 
    where
        r1_0.user_id=?
2026-06-08 20:25:02 INFO  JwtAuthenticationFilter:79 - ⬅️ Response: GET /api/auth/account-info - 200
2026-06-08 20:25:03 INFO  JwtAuthenticationFilter:37 - ➡️ Request: GET /api/auth/account-info
2026-06-08 20:25:03 INFO  JwtAuthenticationFilter:37 - ➡️ Request: GET /api/admin/stocktakes
2026-06-08 20:25:03 DEBUG SQL:135 - 
    select
        ue1_0.id,
        ue1_0.activation_token,
        ue1_0.code,
        ue1_0.created_at,
        ue1_0.email,
        ue1_0.full_name,
        ue1_0.password,
        ue1_0.phone,
        ue1_0.provider,
        ue1_0.status,
        ue1_0.updated_at,
        ue1_0.user_image_url 
    from
        users ue1_0 
    where
        ue1_0.email=?
2026-06-08 20:25:03 INFO  JwtAuthenticationFilter:37 - ➡️ Request: GET /api/admin/warehouses/dropdown
2026-06-08 20:25:03 DEBUG SQL:135 - 
    select
        ue1_0.id,
        ue1_0.activation_token,
        ue1_0.code,
        ue1_0.created_at,
        ue1_0.email,
        ue1_0.full_name,
        ue1_0.password,
        ue1_0.phone,
        ue1_0.provider,
        ue1_0.status,
        ue1_0.updated_at,
        ue1_0.user_image_url 
    from
        users ue1_0 
    where
        ue1_0.email=?
2026-06-08 20:25:03 DEBUG SQL:135 - 
    select
        ue1_0.id,
        ue1_0.activation_token,
        ue1_0.code,
        ue1_0.created_at,
        ue1_0.email,
        ue1_0.full_name,
        ue1_0.password,
        ue1_0.phone,
        ue1_0.provider,
        ue1_0.status,
        ue1_0.updated_at,
        ue1_0.user_image_url 
    from
        users ue1_0 
    where
        ue1_0.email=?
2026-06-08 20:25:03 DEBUG SQL:135 - 
    select
        r1_0.user_id,
        r1_1.id,
        r1_1.name,
        p1_0.role_id,
        p1_1.id,
        p1_1.description,
        p1_1.name 
    from
        users_roles r1_0 
    join
        roles r1_1 
            on r1_1.id=r1_0.role_id 
    left join
        roles_permissions p1_0 
            on r1_1.id=p1_0.role_id 
    left join
        permissions p1_1 
            on p1_1.id=p1_0.permission_id 
    where
        r1_0.user_id=?
2026-06-08 20:25:03 DEBUG SQL:135 - 
    select
        r1_0.user_id,
        r1_1.id,
        r1_1.name,
        p1_0.role_id,
        p1_1.id,
        p1_1.description,
        p1_1.name 
    from
        users_roles r1_0 
    join
        roles r1_1 
            on r1_1.id=r1_0.role_id 
    left join
        roles_permissions p1_0 
            on r1_1.id=p1_0.role_id 
    left join
        permissions p1_1 
            on p1_1.id=p1_0.permission_id 
    where
        r1_0.user_id=?
2026-06-08 20:25:03 DEBUG SQL:135 - 
    select
        r1_0.user_id,
        r1_1.id,
        r1_1.name,
        p1_0.role_id,
        p1_1.id,
        p1_1.description,
        p1_1.name 
    from
        users_roles r1_0 
    join
        roles r1_1 
            on r1_1.id=r1_0.role_id 
    left join
        roles_permissions p1_0 
            on r1_1.id=p1_0.role_id 
    left join
        permissions p1_1 
            on p1_1.id=p1_0.permission_id 
    where
        r1_0.user_id=?
2026-06-08 20:25:03 INFO  JwtAuthenticationFilter:79 - ⬅️ Response: GET /api/auth/account-info - 200
2026-06-08 20:25:03 DEBUG SQL:135 - 
    select
        we1_0.id,
        we1_0.address,
        we1_0.code,
        we1_0.created_at,
        we1_0.name,
        we1_0.status,
        we1_0.updated_at 
    from
        warehouses we1_0 
    where
        we1_0.status=?
2026-06-08 20:25:03 DEBUG SQL:135 - 
    select
        se1_0.id,
        se1_0.code,
        se1_0.created_at,
        se1_0.created_by,
        se1_0.note,
        se1_0.updated_at,
        se1_0.warehouse_id 
    from
        stocktakes se1_0 
    where
        1=1 
    order by
        se1_0.id desc 
    limit
        ?, ?
2026-06-08 20:25:03 DEBUG SQL:135 - 
    select
        we1_0.id,
        we1_0.address,
        we1_0.code,
        we1_0.created_at,
        we1_0.name,
        we1_0.status,
        we1_0.updated_at 
    from
        warehouses we1_0 
    where
        we1_0.id=?
2026-06-08 20:25:03 DEBUG SQL:135 - 
    select
        d1_0.stocktake_id,
        d1_0.id,
        d1_0.actual_qty,
        d1_0.created_at,
        d1_0.difference,
        d1_0.material_id,
        d1_0.system_qty,
        d1_0.updated_at 
    from
        stocktake_details d1_0 
    where
        d1_0.stocktake_id=?
2026-06-08 20:25:03 INFO  JwtAuthenticationFilter:79 - ⬅️ Response: GET /api/admin/warehouses/dropdown - 200
2026-06-08 20:25:03 DEBUG SQL:135 - 
    select
        ue1_0.id,
        ue1_0.activation_token,
        ue1_0.code,
        ue1_0.created_at,
        ue1_0.email,
        ue1_0.full_name,
        ue1_0.password,
        ue1_0.phone,
        ue1_0.provider,
        r1_0.user_id,
        r1_1.id,
        r1_1.name,
        p1_0.role_id,
        p1_1.id,
        p1_1.description,
        p1_1.name,
        ue1_0.status,
        ue1_0.updated_at,
        ue1_0.user_image_url 
    from
        users ue1_0 
    left join
        users_roles r1_0 
            on ue1_0.id=r1_0.user_id 
    left join
        roles r1_1 
            on r1_1.id=r1_0.role_id 
    left join
        roles_permissions p1_0 
            on r1_1.id=p1_0.role_id 
    left join
        permissions p1_1 
            on p1_1.id=p1_0.permission_id 
    where
        ue1_0.id=?
2026-06-08 20:25:03 INFO  JwtAuthenticationFilter:79 - ⬅️ Response: GET /api/admin/stocktakes - 200
2026-06-08 20:25:04 INFO  JwtAuthenticationFilter:37 - ➡️ Request: GET /api/admin/stocktakes/1
2026-06-08 20:25:04 DEBUG SQL:135 - 
    select
        ue1_0.id,
        ue1_0.activation_token,
        ue1_0.code,
        ue1_0.created_at,
        ue1_0.email,
        ue1_0.full_name,
        ue1_0.password,
        ue1_0.phone,
        ue1_0.provider,
        ue1_0.status,
        ue1_0.updated_at,
        ue1_0.user_image_url 
    from
        users ue1_0 
    where
        ue1_0.email=?
2026-06-08 20:25:04 DEBUG SQL:135 - 
    select
        r1_0.user_id,
        r1_1.id,
        r1_1.name,
        p1_0.role_id,
        p1_1.id,
        p1_1.description,
        p1_1.name 
    from
        users_roles r1_0 
    join
        roles r1_1 
            on r1_1.id=r1_0.role_id 
    left join
        roles_permissions p1_0 
            on r1_1.id=p1_0.role_id 
    left join
        permissions p1_1 
            on p1_1.id=p1_0.permission_id 
    where
        r1_0.user_id=?
2026-06-08 20:25:04 DEBUG SQL:135 - 
    select
        se1_0.id,
        se1_0.code,
        se1_0.created_at,
        se1_0.created_by,
        se1_0.note,
        se1_0.updated_at,
        se1_0.warehouse_id 
    from
        stocktakes se1_0 
    where
        se1_0.id=?
2026-06-08 20:25:04 DEBUG SQL:135 - 
    select
        we1_0.id,
        we1_0.address,
        we1_0.code,
        we1_0.created_at,
        we1_0.name,
        we1_0.status,
        we1_0.updated_at 
    from
        warehouses we1_0 
    where
        we1_0.id=?
2026-06-08 20:25:04 DEBUG SQL:135 - 
    select
        d1_0.stocktake_id,
        d1_0.id,
        d1_0.actual_qty,
        d1_0.created_at,
        d1_0.difference,
        d1_0.material_id,
        d1_0.system_qty,
        d1_0.updated_at 
    from
        stocktake_details d1_0 
    where
        d1_0.stocktake_id=?
2026-06-08 20:25:04 DEBUG SQL:135 - 
    select
        ue1_0.id,
        ue1_0.activation_token,
        ue1_0.code,
        ue1_0.created_at,
        ue1_0.email,
        ue1_0.full_name,
        ue1_0.password,
        ue1_0.phone,
        ue1_0.provider,
        r1_0.user_id,
        r1_1.id,
        r1_1.name,
        p1_0.role_id,
        p1_1.id,
        p1_1.description,
        p1_1.name,
        ue1_0.status,
        ue1_0.updated_at,
        ue1_0.user_image_url 
    from
        users ue1_0 
    left join
        users_roles r1_0 
            on ue1_0.id=r1_0.user_id 
    left join
        roles r1_1 
            on r1_1.id=r1_0.role_id 
    left join
        roles_permissions p1_0 
            on r1_1.id=p1_0.role_id 
    left join
        permissions p1_1 
            on p1_1.id=p1_0.permission_id 
    where
        ue1_0.id=?
2026-06-08 20:25:04 DEBUG SQL:135 - 
    select
        me1_0.id,
        me1_0.category_id,
        me1_0.code,
        me1_0.created_at,
        me1_0.low_stock_threshold,
        me1_0.name,
        me1_0.status,
        me1_0.thumbnail,
        me1_0.thumbnail_public_id,
        me1_0.unit,
        me1_0.updated_at 
    from
        materials me1_0 
    where
        me1_0.id=?
2026-06-08 20:25:04 INFO  JwtAuthenticationFilter:79 - ⬅️ Response: GET /api/admin/stocktakes/1 - 200
2026-06-08 20:25:04 INFO  JwtAuthenticationFilter:37 - ➡️ Request: GET /api/admin/stocktakes/1
2026-06-08 20:25:04 DEBUG SQL:135 - 
    select
        ue1_0.id,
        ue1_0.activation_token,
        ue1_0.code,
        ue1_0.created_at,
        ue1_0.email,
        ue1_0.full_name,
        ue1_0.password,
        ue1_0.phone,
        ue1_0.provider,
        ue1_0.status,
        ue1_0.updated_at,
        ue1_0.user_image_url 
    from
        users ue1_0 
    where
        ue1_0.email=?
2026-06-08 20:25:04 DEBUG SQL:135 - 
    select
        r1_0.user_id,
        r1_1.id,
        r1_1.name,
        p1_0.role_id,
        p1_1.id,
        p1_1.description,
        p1_1.name 
    from
        users_roles r1_0 
    join
        roles r1_1 
            on r1_1.id=r1_0.role_id 
    left join
        roles_permissions p1_0 
            on r1_1.id=p1_0.role_id 
    left join
        permissions p1_1 
            on p1_1.id=p1_0.permission_id 
    where
        r1_0.user_id=?
2026-06-08 20:25:04 DEBUG SQL:135 - 
    select
        se1_0.id,
        se1_0.code,
        se1_0.created_at,
        se1_0.created_by,
        se1_0.note,
        se1_0.updated_at,
        se1_0.warehouse_id 
    from
        stocktakes se1_0 
    where
        se1_0.id=?
2026-06-08 20:25:04 DEBUG SQL:135 - 
    select
        we1_0.id,
        we1_0.address,
        we1_0.code,
        we1_0.created_at,
        we1_0.name,
        we1_0.status,
        we1_0.updated_at 
    from
        warehouses we1_0 
    where
        we1_0.id=?
2026-06-08 20:25:04 DEBUG SQL:135 - 
    select
        d1_0.stocktake_id,
        d1_0.id,
        d1_0.actual_qty,
        d1_0.created_at,
        d1_0.difference,
        d1_0.material_id,
        d1_0.system_qty,
        d1_0.updated_at 
    from
        stocktake_details d1_0 
    where
        d1_0.stocktake_id=?
2026-06-08 20:25:04 DEBUG SQL:135 - 
    select
        ue1_0.id,
        ue1_0.activation_token,
        ue1_0.code,
        ue1_0.created_at,
        ue1_0.email,
        ue1_0.full_name,
        ue1_0.password,
        ue1_0.phone,
        ue1_0.provider,
        r1_0.user_id,
        r1_1.id,
        r1_1.name,
        p1_0.role_id,
        p1_1.id,
        p1_1.description,
        p1_1.name,
        ue1_0.status,
        ue1_0.updated_at,
        ue1_0.user_image_url 
    from
        users ue1_0 
    left join
        users_roles r1_0 
            on ue1_0.id=r1_0.user_id 
    left join
        roles r1_1 
            on r1_1.id=r1_0.role_id 
    left join
        roles_permissions p1_0 
            on r1_1.id=p1_0.role_id 
    left join
        permissions p1_1 
            on p1_1.id=p1_0.permission_id 
    where
        ue1_0.id=?
2026-06-08 20:25:04 DEBUG SQL:135 - 
    select
        me1_0.id,
        me1_0.category_id,
        me1_0.code,
        me1_0.created_at,
        me1_0.low_stock_threshold,
        me1_0.name,
        me1_0.status,
        me1_0.thumbnail,
        me1_0.thumbnail_public_id,
        me1_0.unit,
        me1_0.updated_at 
    from
        materials me1_0 
    where
        me1_0.id=?
2026-06-08 20:25:04 INFO  JwtAuthenticationFilter:79 - ⬅️ Response: GET /api/admin/stocktakes/1 - 200
2026-06-08 20:25:10 WARN  HikariPool:825 - HikariPool-1 - Thread starvation or clock leap detected (housekeeper delta=32m5s260ms).
2026-06-08 20:25:30 INFO  JwtAuthenticationFilter:37 - ➡️ Request: GET /api/admin/material-categories/dropdown
2026-06-08 20:25:30 INFO  JwtAuthenticationFilter:37 - ➡️ Request: GET /api/admin/material-receipts
2026-06-08 20:25:30 INFO  JwtAuthenticationFilter:37 - ➡️ Request: GET /api/admin/warehouses/dropdown
2026-06-08 20:25:30 DEBUG SQL:135 - 
    select
        ue1_0.id,
        ue1_0.activation_token,
        ue1_0.code,
        ue1_0.created_at,
        ue1_0.email,
        ue1_0.full_name,
        ue1_0.password,
        ue1_0.phone,
        ue1_0.provider,
        ue1_0.status,
        ue1_0.updated_at,
        ue1_0.user_image_url 
    from
        users ue1_0 
    where
        ue1_0.email=?
2026-06-08 20:25:30 DEBUG SQL:135 - 
    select
        ue1_0.id,
        ue1_0.activation_token,
        ue1_0.code,
        ue1_0.created_at,
        ue1_0.email,
        ue1_0.full_name,
        ue1_0.password,
        ue1_0.phone,
        ue1_0.provider,
        ue1_0.status,
        ue1_0.updated_at,
        ue1_0.user_image_url 
    from
        users ue1_0 
    where
        ue1_0.email=?
2026-06-08 20:25:30 DEBUG SQL:135 - 
    select
        ue1_0.id,
        ue1_0.activation_token,
        ue1_0.code,
        ue1_0.created_at,
        ue1_0.email,
        ue1_0.full_name,
        ue1_0.password,
        ue1_0.phone,
        ue1_0.provider,
        ue1_0.status,
        ue1_0.updated_at,
        ue1_0.user_image_url 
    from
        users ue1_0 
    where
        ue1_0.email=?
2026-06-08 20:25:30 DEBUG SQL:135 - 
    select
        r1_0.user_id,
        r1_1.id,
        r1_1.name,
        p1_0.role_id,
        p1_1.id,
        p1_1.description,
        p1_1.name 
    from
        users_roles r1_0 
    join
        roles r1_1 
            on r1_1.id=r1_0.role_id 
    left join
        roles_permissions p1_0 
            on r1_1.id=p1_0.role_id 
    left join
        permissions p1_1 
            on p1_1.id=p1_0.permission_id 
    where
        r1_0.user_id=?
2026-06-08 20:25:30 DEBUG SQL:135 - 
    select
        r1_0.user_id,
        r1_1.id,
        r1_1.name,
        p1_0.role_id,
        p1_1.id,
        p1_1.description,
        p1_1.name 
    from
        users_roles r1_0 
    join
        roles r1_1 
            on r1_1.id=r1_0.role_id 
    left join
        roles_permissions p1_0 
            on r1_1.id=p1_0.role_id 
    left join
        permissions p1_1 
            on p1_1.id=p1_0.permission_id 
    where
        r1_0.user_id=?
2026-06-08 20:25:30 DEBUG SQL:135 - 
    select
        r1_0.user_id,
        r1_1.id,
        r1_1.name,
        p1_0.role_id,
        p1_1.id,
        p1_1.description,
        p1_1.name 
    from
        users_roles r1_0 
    join
        roles r1_1 
            on r1_1.id=r1_0.role_id 
    left join
        roles_permissions p1_0 
            on r1_1.id=p1_0.role_id 
    left join
        permissions p1_1 
            on p1_1.id=p1_0.permission_id 
    where
        r1_0.user_id=?
2026-06-08 20:25:30 DEBUG SQL:135 - 
    select
        mce1_0.id,
        mce1_0.created_at,
        mce1_0.description,
        mce1_0.name,
        mce1_0.status,
        mce1_0.updated_at 
    from
        material_categories mce1_0 
    where
        mce1_0.status=?
2026-06-08 20:25:30 DEBUG SQL:135 - 
    select
        we1_0.id,
        we1_0.address,
        we1_0.code,
        we1_0.created_at,
        we1_0.name,
        we1_0.status,
        we1_0.updated_at 
    from
        warehouses we1_0 
    where
        we1_0.status=?
2026-06-08 20:25:30 INFO  JwtAuthenticationFilter:79 - ⬅️ Response: GET /api/admin/material-categories/dropdown - 200
2026-06-08 20:25:30 INFO  JwtAuthenticationFilter:79 - ⬅️ Response: GET /api/admin/warehouses/dropdown - 200
2026-06-08 20:25:30 DEBUG SQL:135 - 
    select
        mre1_0.id,
        mre1_0.code,
        mre1_0.created_at,
        mre1_0.created_by,
        mre1_0.note,
        mre1_0.supplier,
        mre1_0.total_cost,
        mre1_0.updated_at,
        mre1_0.warehouse_id 
    from
        material_receipts mre1_0 
    where
        1=1 
    order by
        mre1_0.id desc 
    limit
        ?, ?
2026-06-08 20:25:30 DEBUG SQL:135 - 
    select
        we1_0.id,
        we1_0.address,
        we1_0.code,
        we1_0.created_at,
        we1_0.name,
        we1_0.status,
        we1_0.updated_at 
    from
        warehouses we1_0 
    where
        we1_0.id=?
2026-06-08 20:25:30 DEBUG SQL:135 - 
    select
        d1_0.receipt_id,
        d1_0.id,
        d1_0.material_id,
        m1_0.id,
        m1_0.category_id,
        m1_0.code,
        m1_0.created_at,
        m1_0.low_stock_threshold,
        m1_0.name,
        m1_0.status,
        m1_0.thumbnail,
        m1_0.thumbnail_public_id,
        m1_0.unit,
        m1_0.updated_at,
        d1_0.quantity,
        d1_0.unit_cost 
    from
        material_receipt_details d1_0 
    left join
        materials m1_0 
            on m1_0.id=d1_0.material_id 
    where
        d1_0.receipt_id=?
2026-06-08 20:25:30 DEBUG SQL:135 - 
    select
        ue1_0.id,
        ue1_0.activation_token,
        ue1_0.code,
        ue1_0.created_at,
        ue1_0.email,
        ue1_0.full_name,
        ue1_0.password,
        ue1_0.phone,
        ue1_0.provider,
        r1_0.user_id,
        r1_1.id,
        r1_1.name,
        p1_0.role_id,
        p1_1.id,
        p1_1.description,
        p1_1.name,
        ue1_0.status,
        ue1_0.updated_at,
        ue1_0.user_image_url 
    from
        users ue1_0 
    left join
        users_roles r1_0 
            on ue1_0.id=r1_0.user_id 
    left join
        roles r1_1 
            on r1_1.id=r1_0.role_id 
    left join
        roles_permissions p1_0 
            on r1_1.id=p1_0.role_id 
    left join
        permissions p1_1 
            on p1_1.id=p1_0.permission_id 
    where
        ue1_0.id=?
2026-06-08 20:25:30 DEBUG SQL:135 - 
    select
        d1_0.receipt_id,
        d1_0.id,
        d1_0.material_id,
        m1_0.id,
        m1_0.category_id,
        m1_0.code,
        m1_0.created_at,
        m1_0.low_stock_threshold,
        m1_0.name,
        m1_0.status,
        m1_0.thumbnail,
        m1_0.thumbnail_public_id,
        m1_0.unit,
        m1_0.updated_at,
        d1_0.quantity,
        d1_0.unit_cost 
    from
        material_receipt_details d1_0 
    left join
        materials m1_0 
            on m1_0.id=d1_0.material_id 
    where
        d1_0.receipt_id=?
2026-06-08 20:25:30 DEBUG SQL:135 - 
    select
        d1_0.receipt_id,
        d1_0.id,
        d1_0.material_id,
        m1_0.id,
        m1_0.category_id,
        m1_0.code,
        m1_0.created_at,
        m1_0.low_stock_threshold,
        m1_0.name,
        m1_0.status,
        m1_0.thumbnail,
        m1_0.thumbnail_public_id,
        m1_0.unit,
        m1_0.updated_at,
        d1_0.quantity,
        d1_0.unit_cost 
    from
        material_receipt_details d1_0 
    left join
        materials m1_0 
            on m1_0.id=d1_0.material_id 
    where
        d1_0.receipt_id=?
2026-06-08 20:25:30 DEBUG SQL:135 - 
    select
        d1_0.receipt_id,
        d1_0.id,
        d1_0.material_id,
        m1_0.id,
        m1_0.category_id,
        m1_0.code,
        m1_0.created_at,
        m1_0.low_stock_threshold,
        m1_0.name,
        m1_0.status,
        m1_0.thumbnail,
        m1_0.thumbnail_public_id,
        m1_0.unit,
        m1_0.updated_at,
        d1_0.quantity,
        d1_0.unit_cost 
    from
        material_receipt_details d1_0 
    left join
        materials m1_0 
            on m1_0.id=d1_0.material_id 
    where
        d1_0.receipt_id=?
2026-06-08 20:25:30 INFO  JwtAuthenticationFilter:79 - ⬅️ Response: GET /api/admin/material-receipts - 200
2026-06-08 20:25:32 INFO  JwtAuthenticationFilter:37 - ➡️ Request: GET /api/admin/material-receipts/2
2026-06-08 20:25:32 DEBUG SQL:135 - 
    select
        ue1_0.id,
        ue1_0.activation_token,
        ue1_0.code,
        ue1_0.created_at,
        ue1_0.email,
        ue1_0.full_name,
        ue1_0.password,
        ue1_0.phone,
        ue1_0.provider,
        ue1_0.status,
        ue1_0.updated_at,
        ue1_0.user_image_url 
    from
        users ue1_0 
    where
        ue1_0.email=?
2026-06-08 20:25:32 DEBUG SQL:135 - 
    select
        r1_0.user_id,
        r1_1.id,
        r1_1.name,
        p1_0.role_id,
        p1_1.id,
        p1_1.description,
        p1_1.name 
    from
        users_roles r1_0 
    join
        roles r1_1 
            on r1_1.id=r1_0.role_id 
    left join
        roles_permissions p1_0 
            on r1_1.id=p1_0.role_id 
    left join
        permissions p1_1 
            on p1_1.id=p1_0.permission_id 
    where
        r1_0.user_id=?
2026-06-08 20:25:32 DEBUG SQL:135 - 
    select
        mre1_0.id,
        mre1_0.code,
        mre1_0.created_at,
        mre1_0.created_by,
        mre1_0.note,
        mre1_0.supplier,
        mre1_0.total_cost,
        mre1_0.updated_at,
        mre1_0.warehouse_id,
        w1_0.id,
        w1_0.address,
        w1_0.code,
        w1_0.created_at,
        w1_0.name,
        w1_0.status,
        w1_0.updated_at 
    from
        material_receipts mre1_0 
    join
        warehouses w1_0 
            on w1_0.id=mre1_0.warehouse_id 
    where
        mre1_0.id=?
2026-06-08 20:25:32 DEBUG SQL:135 - 
    select
        d1_0.receipt_id,
        d1_0.id,
        d1_0.material_id,
        m1_0.id,
        m1_0.category_id,
        m1_0.code,
        m1_0.created_at,
        m1_0.low_stock_threshold,
        m1_0.name,
        m1_0.status,
        m1_0.thumbnail,
        m1_0.thumbnail_public_id,
        m1_0.unit,
        m1_0.updated_at,
        d1_0.quantity,
        d1_0.unit_cost 
    from
        material_receipt_details d1_0 
    left join
        materials m1_0 
            on m1_0.id=d1_0.material_id 
    where
        d1_0.receipt_id=?
2026-06-08 20:25:32 DEBUG SQL:135 - 
    select
        ue1_0.id,
        ue1_0.activation_token,
        ue1_0.code,
        ue1_0.created_at,
        ue1_0.email,
        ue1_0.full_name,
        ue1_0.password,
        ue1_0.phone,
        ue1_0.provider,
        r1_0.user_id,
        r1_1.id,
        r1_1.name,
        p1_0.role_id,
        p1_1.id,
        p1_1.description,
        p1_1.name,
        ue1_0.status,
        ue1_0.updated_at,
        ue1_0.user_image_url 
    from
        users ue1_0 
    left join
        users_roles r1_0 
            on ue1_0.id=r1_0.user_id 
    left join
        roles r1_1 
            on r1_1.id=r1_0.role_id 
    left join
        roles_permissions p1_0 
            on r1_1.id=p1_0.role_id 
    left join
        permissions p1_1 
            on p1_1.id=p1_0.permission_id 
    where
        ue1_0.id=?
2026-06-08 20:25:32 INFO  JwtAuthenticationFilter:79 - ⬅️ Response: GET /api/admin/material-receipts/2 - 200
2026-06-08 20:25:32 INFO  JwtAuthenticationFilter:37 - ➡️ Request: GET /api/admin/material-receipts/2
2026-06-08 20:25:32 DEBUG SQL:135 - 
    select
        ue1_0.id,
        ue1_0.activation_token,
        ue1_0.code,
        ue1_0.created_at,
        ue1_0.email,
        ue1_0.full_name,
        ue1_0.password,
        ue1_0.phone,
        ue1_0.provider,
        ue1_0.status,
        ue1_0.updated_at,
        ue1_0.user_image_url 
    from
        users ue1_0 
    where
        ue1_0.email=?
2026-06-08 20:25:32 DEBUG SQL:135 - 
    select
        r1_0.user_id,
        r1_1.id,
        r1_1.name,
        p1_0.role_id,
        p1_1.id,
        p1_1.description,
        p1_1.name 
    from
        users_roles r1_0 
    join
        roles r1_1 
            on r1_1.id=r1_0.role_id 
    left join
        roles_permissions p1_0 
            on r1_1.id=p1_0.role_id 
    left join
        permissions p1_1 
            on p1_1.id=p1_0.permission_id 
    where
        r1_0.user_id=?
2026-06-08 20:25:32 DEBUG SQL:135 - 
    select
        mre1_0.id,
        mre1_0.code,
        mre1_0.created_at,
        mre1_0.created_by,
        mre1_0.note,
        mre1_0.supplier,
        mre1_0.total_cost,
        mre1_0.updated_at,
        mre1_0.warehouse_id,
        w1_0.id,
        w1_0.address,
        w1_0.code,
        w1_0.created_at,
        w1_0.name,
        w1_0.status,
        w1_0.updated_at 
    from
        material_receipts mre1_0 
    join
        warehouses w1_0 
            on w1_0.id=mre1_0.warehouse_id 
    where
        mre1_0.id=?
2026-06-08 20:25:32 DEBUG SQL:135 - 
    select
        d1_0.receipt_id,
        d1_0.id,
        d1_0.material_id,
        m1_0.id,
        m1_0.category_id,
        m1_0.code,
        m1_0.created_at,
        m1_0.low_stock_threshold,
        m1_0.name,
        m1_0.status,
        m1_0.thumbnail,
        m1_0.thumbnail_public_id,
        m1_0.unit,
        m1_0.updated_at,
        d1_0.quantity,
        d1_0.unit_cost 
    from
        material_receipt_details d1_0 
    left join
        materials m1_0 
            on m1_0.id=d1_0.material_id 
    where
        d1_0.receipt_id=?
2026-06-08 20:25:32 DEBUG SQL:135 - 
    select
        ue1_0.id,
        ue1_0.activation_token,
        ue1_0.code,
        ue1_0.created_at,
        ue1_0.email,
        ue1_0.full_name,
        ue1_0.password,
        ue1_0.phone,
        ue1_0.provider,
        r1_0.user_id,
        r1_1.id,
        r1_1.name,
        p1_0.role_id,
        p1_1.id,
        p1_1.description,
        p1_1.name,
        ue1_0.status,
        ue1_0.updated_at,
        ue1_0.user_image_url 
    from
        users ue1_0 
    left join
        users_roles r1_0 
            on ue1_0.id=r1_0.user_id 
    left join
        roles r1_1 
            on r1_1.id=r1_0.role_id 
    left join
        roles_permissions p1_0 
            on r1_1.id=p1_0.role_id 
    left join
        permissions p1_1 
            on p1_1.id=p1_0.permission_id 
    where
        ue1_0.id=?
2026-06-08 20:25:32 INFO  JwtAuthenticationFilter:79 - ⬅️ Response: GET /api/admin/material-receipts/2 - 200
2026-06-08 20:25:35 INFO  JwtAuthenticationFilter:37 - ➡️ Request: GET /api/admin/warehouses/dropdown
2026-06-08 20:25:35 DEBUG SQL:135 - 
    select
        ue1_0.id,
        ue1_0.activation_token,
        ue1_0.code,
        ue1_0.created_at,
        ue1_0.email,
        ue1_0.full_name,
        ue1_0.password,
        ue1_0.phone,
        ue1_0.provider,
        ue1_0.status,
        ue1_0.updated_at,
        ue1_0.user_image_url 
    from
        users ue1_0 
    where
        ue1_0.email=?
2026-06-08 20:25:35 INFO  JwtAuthenticationFilter:37 - ➡️ Request: GET /api/admin/stocktakes
2026-06-08 20:25:35 DEBUG SQL:135 - 
    select
        ue1_0.id,
        ue1_0.activation_token,
        ue1_0.code,
        ue1_0.created_at,
        ue1_0.email,
        ue1_0.full_name,
        ue1_0.password,
        ue1_0.phone,
        ue1_0.provider,
        ue1_0.status,
        ue1_0.updated_at,
        ue1_0.user_image_url 
    from
        users ue1_0 
    where
        ue1_0.email=?
2026-06-08 20:25:35 DEBUG SQL:135 - 
    select
        r1_0.user_id,
        r1_1.id,
        r1_1.name,
        p1_0.role_id,
        p1_1.id,
        p1_1.description,
        p1_1.name 
    from
        users_roles r1_0 
    join
        roles r1_1 
            on r1_1.id=r1_0.role_id 
    left join
        roles_permissions p1_0 
            on r1_1.id=p1_0.role_id 
    left join
        permissions p1_1 
            on p1_1.id=p1_0.permission_id 
    where
        r1_0.user_id=?
2026-06-08 20:25:35 DEBUG SQL:135 - 
    select
        r1_0.user_id,
        r1_1.id,
        r1_1.name,
        p1_0.role_id,
        p1_1.id,
        p1_1.description,
        p1_1.name 
    from
        users_roles r1_0 
    join
        roles r1_1 
            on r1_1.id=r1_0.role_id 
    left join
        roles_permissions p1_0 
            on r1_1.id=p1_0.role_id 
    left join
        permissions p1_1 
            on p1_1.id=p1_0.permission_id 
    where
        r1_0.user_id=?
2026-06-08 20:25:35 DEBUG SQL:135 - 
    select
        we1_0.id,
        we1_0.address,
        we1_0.code,
        we1_0.created_at,
        we1_0.name,
        we1_0.status,
        we1_0.updated_at 
    from
        warehouses we1_0 
    where
        we1_0.status=?
2026-06-08 20:25:35 DEBUG SQL:135 - 
    select
        se1_0.id,
        se1_0.code,
        se1_0.created_at,
        se1_0.created_by,
        se1_0.note,
        se1_0.updated_at,
        se1_0.warehouse_id 
    from
        stocktakes se1_0 
    where
        1=1 
    order by
        se1_0.id desc 
    limit
        ?, ?
2026-06-08 20:25:35 DEBUG SQL:135 - 
    select
        we1_0.id,
        we1_0.address,
        we1_0.code,
        we1_0.created_at,
        we1_0.name,
        we1_0.status,
        we1_0.updated_at 
    from
        warehouses we1_0 
    where
        we1_0.id=?
2026-06-08 20:25:35 DEBUG SQL:135 - 
    select
        d1_0.stocktake_id,
        d1_0.id,
        d1_0.actual_qty,
        d1_0.created_at,
        d1_0.difference,
        d1_0.material_id,
        d1_0.system_qty,
        d1_0.updated_at 
    from
        stocktake_details d1_0 
    where
        d1_0.stocktake_id=?
2026-06-08 20:25:35 INFO  JwtAuthenticationFilter:79 - ⬅️ Response: GET /api/admin/warehouses/dropdown - 200
2026-06-08 20:25:35 DEBUG SQL:135 - 
    select
        ue1_0.id,
        ue1_0.activation_token,
        ue1_0.code,
        ue1_0.created_at,
        ue1_0.email,
        ue1_0.full_name,
        ue1_0.password,
        ue1_0.phone,
        ue1_0.provider,
        r1_0.user_id,
        r1_1.id,
        r1_1.name,
        p1_0.role_id,
        p1_1.id,
        p1_1.description,
        p1_1.name,
        ue1_0.status,
        ue1_0.updated_at,
        ue1_0.user_image_url 
    from
        users ue1_0 
    left join
        users_roles r1_0 
            on ue1_0.id=r1_0.user_id 
    left join
        roles r1_1 
            on r1_1.id=r1_0.role_id 
    left join
        roles_permissions p1_0 
            on r1_1.id=p1_0.role_id 
    left join
        permissions p1_1 
            on p1_1.id=p1_0.permission_id 
    where
        ue1_0.id=?
2026-06-08 20:25:35 INFO  JwtAuthenticationFilter:79 - ⬅️ Response: GET /api/admin/stocktakes - 200
2026-06-08 20:25:37 INFO  JwtAuthenticationFilter:37 - ➡️ Request: GET /api/admin/warehouses/dropdown
2026-06-08 20:25:37 DEBUG SQL:135 - 
    select
        ue1_0.id,
        ue1_0.activation_token,
        ue1_0.code,
        ue1_0.created_at,
        ue1_0.email,
        ue1_0.full_name,
        ue1_0.password,
        ue1_0.phone,
        ue1_0.provider,
        ue1_0.status,
        ue1_0.updated_at,
        ue1_0.user_image_url 
    from
        users ue1_0 
    where
        ue1_0.email=?
2026-06-08 20:25:37 DEBUG SQL:135 - 
    select
        r1_0.user_id,
        r1_1.id,
        r1_1.name,
        p1_0.role_id,
        p1_1.id,
        p1_1.description,
        p1_1.name 
    from
        users_roles r1_0 
    join
        roles r1_1 
            on r1_1.id=r1_0.role_id 
    left join
        roles_permissions p1_0 
            on r1_1.id=p1_0.role_id 
    left join
        permissions p1_1 
            on p1_1.id=p1_0.permission_id 
    where
        r1_0.user_id=?
2026-06-08 20:25:37 DEBUG SQL:135 - 
    select
        we1_0.id,
        we1_0.address,
        we1_0.code,
        we1_0.created_at,
        we1_0.name,
        we1_0.status,
        we1_0.updated_at 
    from
        warehouses we1_0 
    where
        we1_0.status=?
2026-06-08 20:25:37 INFO  JwtAuthenticationFilter:79 - ⬅️ Response: GET /api/admin/warehouses/dropdown - 200
2026-06-08 20:25:39 INFO  JwtAuthenticationFilter:37 - ➡️ Request: GET /api/admin/stocktakes/warehouses/1/materials
2026-06-08 20:25:39 DEBUG SQL:135 - 
    select
        ue1_0.id,
        ue1_0.activation_token,
        ue1_0.code,
        ue1_0.created_at,
        ue1_0.email,
        ue1_0.full_name,
        ue1_0.password,
        ue1_0.phone,
        ue1_0.provider,
        ue1_0.status,
        ue1_0.updated_at,
        ue1_0.user_image_url 
    from
        users ue1_0 
    where
        ue1_0.email=?
2026-06-08 20:25:39 DEBUG SQL:135 - 
    select
        r1_0.user_id,
        r1_1.id,
        r1_1.name,
        p1_0.role_id,
        p1_1.id,
        p1_1.description,
        p1_1.name 
    from
        users_roles r1_0 
    join
        roles r1_1 
            on r1_1.id=r1_0.role_id 
    left join
        roles_permissions p1_0 
            on r1_1.id=p1_0.role_id 
    left join
        permissions p1_1 
            on p1_1.id=p1_0.permission_id 
    where
        r1_0.user_id=?
2026-06-08 20:25:39 DEBUG SQL:135 - 
    select
        we1_0.id,
        we1_0.address,
        we1_0.code,
        we1_0.created_at,
        we1_0.name,
        we1_0.status,
        we1_0.updated_at 
    from
        warehouses we1_0 
    where
        we1_0.id=?
2026-06-08 20:25:39 DEBUG SQL:135 - 
    select
        mie1_0.id,
        mie1_0.cost_price,
        mie1_0.created_at,
        mie1_0.material_id,
        m1_0.id,
        m1_0.category_id,
        m1_0.code,
        m1_0.created_at,
        m1_0.low_stock_threshold,
        m1_0.name,
        m1_0.status,
        m1_0.thumbnail,
        m1_0.thumbnail_public_id,
        m1_0.unit,
        m1_0.updated_at,
        mie1_0.on_hand,
        mie1_0.reserved,
        mie1_0.updated_at,
        mie1_0.version,
        mie1_0.warehouse_id 
    from
        material_inventories mie1_0 
    join
        materials m1_0 
            on m1_0.id=mie1_0.material_id 
    where
        mie1_0.warehouse_id=? 
        and m1_0.status<>? 
        and mie1_0.on_hand>0
2026-06-08 20:25:39 INFO  JwtAuthenticationFilter:79 - ⬅️ Response: GET /api/admin/stocktakes/warehouses/1/materials - 200
2026-06-08 20:26:08 INFO  JwtAuthenticationFilter:37 - ➡️ Request: POST /api/admin/stocktakes
2026-06-08 20:26:08 DEBUG SQL:135 - 
    select
        ue1_0.id,
        ue1_0.activation_token,
        ue1_0.code,
        ue1_0.created_at,
        ue1_0.email,
        ue1_0.full_name,
        ue1_0.password,
        ue1_0.phone,
        ue1_0.provider,
        ue1_0.status,
        ue1_0.updated_at,
        ue1_0.user_image_url 
    from
        users ue1_0 
    where
        ue1_0.email=?
2026-06-08 20:26:08 DEBUG SQL:135 - 
    select
        r1_0.user_id,
        r1_1.id,
        r1_1.name,
        p1_0.role_id,
        p1_1.id,
        p1_1.description,
        p1_1.name 
    from
        users_roles r1_0 
    join
        roles r1_1 
            on r1_1.id=r1_0.role_id 
    left join
        roles_permissions p1_0 
            on r1_1.id=p1_0.role_id 
    left join
        permissions p1_1 
            on p1_1.id=p1_0.permission_id 
    where
        r1_0.user_id=?
2026-06-08 20:26:08 DEBUG SQL:135 - 
    select
        we1_0.id,
        we1_0.address,
        we1_0.code,
        we1_0.created_at,
        we1_0.name,
        we1_0.status,
        we1_0.updated_at 
    from
        warehouses we1_0 
    where
        we1_0.id=?
2026-06-08 20:26:08 DEBUG SQL:135 - 
    select
        cse1_0.prefix,
        cse1_0.value 
    from
        code_sequences cse1_0 
    where
        cse1_0.prefix=?
2026-06-08 20:26:08 DEBUG SQL:135 - 
    select
        mie1_0.id,
        mie1_0.cost_price,
        mie1_0.created_at,
        mie1_0.material_id,
        mie1_0.on_hand,
        mie1_0.reserved,
        mie1_0.updated_at,
        mie1_0.version,
        mie1_0.warehouse_id 
    from
        material_inventories mie1_0 
    left join
        materials m1_0 
            on m1_0.id=mie1_0.material_id 
    left join
        warehouses w1_0 
            on w1_0.id=mie1_0.warehouse_id 
    where
        m1_0.id=? 
        and w1_0.id=?
2026-06-08 20:26:08 DEBUG SQL:135 - 
    select
        mie1_0.id,
        mie1_0.cost_price,
        mie1_0.created_at,
        mie1_0.material_id,
        mie1_0.on_hand,
        mie1_0.reserved,
        mie1_0.updated_at,
        mie1_0.version,
        mie1_0.warehouse_id 
    from
        material_inventories mie1_0 
    left join
        materials m1_0 
            on m1_0.id=mie1_0.material_id 
    left join
        warehouses w1_0 
            on w1_0.id=mie1_0.warehouse_id 
    where
        m1_0.id=? 
        and w1_0.id=?
2026-06-08 20:26:08 DEBUG SQL:135 - 
    select
        cse1_0.prefix,
        cse1_0.value 
    from
        code_sequences cse1_0 
    where
        cse1_0.prefix=?
2026-06-08 20:26:08 DEBUG SQL:135 - 
    insert 
    into
        material_inventory_movements
        (actor_email, actor_id, after_on_hand, after_reserved, before_on_hand, before_reserved, code, created_at, material_id, note, quantity, reference_id, reference_type, type, updated_at, warehouse_id) 
    values
        (?, ?, ?, ?, ?, ?, ?, ?, ?, ?, ?, ?, ?, ?, ?, ?)
2026-06-08 20:26:08 DEBUG SQL:135 - 
    update
        code_sequences 
    set
        value=? 
    where
        prefix=?
2026-06-08 20:26:08 DEBUG SQL:135 - 
    update
        material_inventories 
    set
        cost_price=?,
        material_id=?,
        on_hand=?,
        reserved=?,
        updated_at=?,
        version=?,
        warehouse_id=? 
    where
        id=? 
        and version=?
2026-06-08 20:26:08 DEBUG SQL:135 - 
    update
        code_sequences 
    set
        value=? 
    where
        prefix=?
2026-06-08 20:26:08 DEBUG SQL:135 - 
    update
        material_inventory_movements 
    set
        actor_email=?,
        actor_id=?,
        after_on_hand=?,
        after_reserved=?,
        before_on_hand=?,
        before_reserved=?,
        code=?,
        material_id=?,
        note=?,
        quantity=?,
        reference_id=?,
        reference_type=?,
        type=?,
        updated_at=?,
        warehouse_id=? 
    where
        id=?
2026-06-08 20:26:08 DEBUG SQL:135 - 
    select
        mie1_0.id,
        mie1_0.cost_price,
        mie1_0.created_at,
        mie1_0.material_id,
        mie1_0.on_hand,
        mie1_0.reserved,
        mie1_0.updated_at,
        mie1_0.version,
        mie1_0.warehouse_id 
    from
        material_inventories mie1_0 
    left join
        materials m1_0 
            on m1_0.id=mie1_0.material_id 
    left join
        warehouses w1_0 
            on w1_0.id=mie1_0.warehouse_id 
    where
        m1_0.id=? 
        and w1_0.id=?
2026-06-08 20:26:08 DEBUG SQL:135 - 
    select
        mie1_0.id,
        mie1_0.cost_price,
        mie1_0.created_at,
        mie1_0.material_id,
        mie1_0.on_hand,
        mie1_0.reserved,
        mie1_0.updated_at,
        mie1_0.version,
        mie1_0.warehouse_id 
    from
        material_inventories mie1_0 
    left join
        materials m1_0 
            on m1_0.id=mie1_0.material_id 
    left join
        warehouses w1_0 
            on w1_0.id=mie1_0.warehouse_id 
    where
        m1_0.id=? 
        and w1_0.id=?
2026-06-08 20:26:08 DEBUG SQL:135 - 
    insert 
    into
        material_inventory_movements
        (actor_email, actor_id, after_on_hand, after_reserved, before_on_hand, before_reserved, code, created_at, material_id, note, quantity, reference_id, reference_type, type, updated_at, warehouse_id) 
    values
        (?, ?, ?, ?, ?, ?, ?, ?, ?, ?, ?, ?, ?, ?, ?, ?)
2026-06-08 20:26:08 DEBUG SQL:135 - 
    select
        null,
        ue1_0.activation_token,
        ue1_0.code,
        ue1_0.created_at,
        ue1_0.email,
        ue1_0.full_name,
        ue1_0.password,
        ue1_0.phone,
        ue1_0.provider,
        ue1_0.status,
        ue1_0.updated_at,
        ue1_0.user_image_url 
    from
        users ue1_0 
    where
        ue1_0.id=?
2026-06-08 20:26:08 DEBUG SQL:135 - 
    insert 
    into
        stocktakes
        (code, created_at, created_by, note, updated_at, warehouse_id) 
    values
        (?, ?, ?, ?, ?, ?)
2026-06-08 20:26:08 DEBUG SQL:135 - 
    insert 
    into
        stocktake_details
        (actual_qty, created_at, difference, material_id, stocktake_id, system_qty, updated_at) 
    values
        (?, ?, ?, ?, ?, ?, ?)
2026-06-08 20:26:08 DEBUG SQL:135 - 
    insert 
    into
        stocktake_details
        (actual_qty, created_at, difference, material_id, stocktake_id, system_qty, updated_at) 
    values
        (?, ?, ?, ?, ?, ?, ?)
2026-06-08 20:26:08 DEBUG SQL:135 - 
    select
        me1_0.id,
        me1_0.category_id,
        me1_0.code,
        me1_0.created_at,
        me1_0.low_stock_threshold,
        me1_0.name,
        me1_0.status,
        me1_0.thumbnail,
        me1_0.thumbnail_public_id,
        me1_0.unit,
        me1_0.updated_at 
    from
        materials me1_0 
    where
        me1_0.id=?
2026-06-08 20:26:08 DEBUG SQL:135 - 
    select
        me1_0.id,
        me1_0.category_id,
        me1_0.code,
        me1_0.created_at,
        me1_0.low_stock_threshold,
        me1_0.name,
        me1_0.status,
        me1_0.thumbnail,
        me1_0.thumbnail_public_id,
        me1_0.unit,
        me1_0.updated_at 
    from
        materials me1_0 
    where
        me1_0.id=?
2026-06-08 20:26:08 DEBUG SQL:135 - 
    update
        code_sequences 
    set
        value=? 
    where
        prefix=?
2026-06-08 20:26:08 DEBUG SQL:135 - 
    update
        material_inventories 
    set
        cost_price=?,
        material_id=?,
        on_hand=?,
        reserved=?,
        updated_at=?,
        version=?,
        warehouse_id=? 
    where
        id=? 
        and version=?
2026-06-08 20:26:08 DEBUG SQL:135 - 
    update
        material_inventory_movements 
    set
        actor_email=?,
        actor_id=?,
        after_on_hand=?,
        after_reserved=?,
        before_on_hand=?,
        before_reserved=?,
        code=?,
        material_id=?,
        note=?,
        quantity=?,
        reference_id=?,
        reference_type=?,
        type=?,
        updated_at=?,
        warehouse_id=? 
    where
        id=?
2026-06-08 20:26:08 INFO  JwtAuthenticationFilter:79 - ⬅️ Response: POST /api/admin/stocktakes - 201
2026-06-08 20:26:12 INFO  JwtAuthenticationFilter:37 - ➡️ Request: GET /api/auth/account-info
2026-06-08 20:26:12 DEBUG SQL:135 - 
    select
        ue1_0.id,
        ue1_0.activation_token,
        ue1_0.code,
        ue1_0.created_at,
        ue1_0.email,
        ue1_0.full_name,
        ue1_0.password,
        ue1_0.phone,
        ue1_0.provider,
        ue1_0.status,
        ue1_0.updated_at,
        ue1_0.user_image_url 
    from
        users ue1_0 
    where
        ue1_0.email=?
2026-06-08 20:26:12 DEBUG SQL:135 - 
    select
        r1_0.user_id,
        r1_1.id,
        r1_1.name,
        p1_0.role_id,
        p1_1.id,
        p1_1.description,
        p1_1.name 
    from
        users_roles r1_0 
    join
        roles r1_1 
            on r1_1.id=r1_0.role_id 
    left join
        roles_permissions p1_0 
            on r1_1.id=p1_0.role_id 
    left join
        permissions p1_1 
            on p1_1.id=p1_0.permission_id 
    where
        r1_0.user_id=?
2026-06-08 20:26:12 INFO  JwtAuthenticationFilter:79 - ⬅️ Response: GET /api/auth/account-info - 200
2026-06-08 20:26:12 INFO  JwtAuthenticationFilter:37 - ➡️ Request: GET /api/admin/stocktakes
2026-06-08 20:26:12 INFO  JwtAuthenticationFilter:37 - ➡️ Request: GET /api/auth/account-info
2026-06-08 20:26:12 INFO  JwtAuthenticationFilter:37 - ➡️ Request: GET /api/admin/warehouses/dropdown
2026-06-08 20:26:12 DEBUG SQL:135 - 
    select
        ue1_0.id,
        ue1_0.activation_token,
        ue1_0.code,
        ue1_0.created_at,
        ue1_0.email,
        ue1_0.full_name,
        ue1_0.password,
        ue1_0.phone,
        ue1_0.provider,
        ue1_0.status,
        ue1_0.updated_at,
        ue1_0.user_image_url 
    from
        users ue1_0 
    where
        ue1_0.email=?
2026-06-08 20:26:12 DEBUG SQL:135 - 
    select
        ue1_0.id,
        ue1_0.activation_token,
        ue1_0.code,
        ue1_0.created_at,
        ue1_0.email,
        ue1_0.full_name,
        ue1_0.password,
        ue1_0.phone,
        ue1_0.provider,
        ue1_0.status,
        ue1_0.updated_at,
        ue1_0.user_image_url 
    from
        users ue1_0 
    where
        ue1_0.email=?
2026-06-08 20:26:12 DEBUG SQL:135 - 
    select
        ue1_0.id,
        ue1_0.activation_token,
        ue1_0.code,
        ue1_0.created_at,
        ue1_0.email,
        ue1_0.full_name,
        ue1_0.password,
        ue1_0.phone,
        ue1_0.provider,
        ue1_0.status,
        ue1_0.updated_at,
        ue1_0.user_image_url 
    from
        users ue1_0 
    where
        ue1_0.email=?
2026-06-08 20:26:12 DEBUG SQL:135 - 
    select
        r1_0.user_id,
        r1_1.id,
        r1_1.name,
        p1_0.role_id,
        p1_1.id,
        p1_1.description,
        p1_1.name 
    from
        users_roles r1_0 
    join
        roles r1_1 
            on r1_1.id=r1_0.role_id 
    left join
        roles_permissions p1_0 
            on r1_1.id=p1_0.role_id 
    left join
        permissions p1_1 
            on p1_1.id=p1_0.permission_id 
    where
        r1_0.user_id=?
2026-06-08 20:26:12 DEBUG SQL:135 - 
    select
        r1_0.user_id,
        r1_1.id,
        r1_1.name,
        p1_0.role_id,
        p1_1.id,
        p1_1.description,
        p1_1.name 
    from
        users_roles r1_0 
    join
        roles r1_1 
            on r1_1.id=r1_0.role_id 
    left join
        roles_permissions p1_0 
            on r1_1.id=p1_0.role_id 
    left join
        permissions p1_1 
            on p1_1.id=p1_0.permission_id 
    where
        r1_0.user_id=?
2026-06-08 20:26:12 DEBUG SQL:135 - 
    select
        r1_0.user_id,
        r1_1.id,
        r1_1.name,
        p1_0.role_id,
        p1_1.id,
        p1_1.description,
        p1_1.name 
    from
        users_roles r1_0 
    join
        roles r1_1 
            on r1_1.id=r1_0.role_id 
    left join
        roles_permissions p1_0 
            on r1_1.id=p1_0.role_id 
    left join
        permissions p1_1 
            on p1_1.id=p1_0.permission_id 
    where
        r1_0.user_id=?
2026-06-08 20:26:12 INFO  JwtAuthenticationFilter:79 - ⬅️ Response: GET /api/auth/account-info - 200
2026-06-08 20:26:12 DEBUG SQL:135 - 
    select
        we1_0.id,
        we1_0.address,
        we1_0.code,
        we1_0.created_at,
        we1_0.name,
        we1_0.status,
        we1_0.updated_at 
    from
        warehouses we1_0 
    where
        we1_0.status=?
2026-06-08 20:26:12 DEBUG SQL:135 - 
    select
        se1_0.id,
        se1_0.code,
        se1_0.created_at,
        se1_0.created_by,
        se1_0.note,
        se1_0.updated_at,
        se1_0.warehouse_id 
    from
        stocktakes se1_0 
    where
        1=1 
    order by
        se1_0.id desc 
    limit
        ?, ?
2026-06-08 20:26:12 DEBUG SQL:135 - 
    select
        we1_0.id,
        we1_0.address,
        we1_0.code,
        we1_0.created_at,
        we1_0.name,
        we1_0.status,
        we1_0.updated_at 
    from
        warehouses we1_0 
    where
        we1_0.id=?
2026-06-08 20:26:12 INFO  JwtAuthenticationFilter:79 - ⬅️ Response: GET /api/admin/warehouses/dropdown - 200
2026-06-08 20:26:12 DEBUG SQL:135 - 
    select
        d1_0.stocktake_id,
        d1_0.id,
        d1_0.actual_qty,
        d1_0.created_at,
        d1_0.difference,
        d1_0.material_id,
        d1_0.system_qty,
        d1_0.updated_at 
    from
        stocktake_details d1_0 
    where
        d1_0.stocktake_id=?
2026-06-08 20:26:12 DEBUG SQL:135 - 
    select
        ue1_0.id,
        ue1_0.activation_token,
        ue1_0.code,
        ue1_0.created_at,
        ue1_0.email,
        ue1_0.full_name,
        ue1_0.password,
        ue1_0.phone,
        ue1_0.provider,
        r1_0.user_id,
        r1_1.id,
        r1_1.name,
        p1_0.role_id,
        p1_1.id,
        p1_1.description,
        p1_1.name,
        ue1_0.status,
        ue1_0.updated_at,
        ue1_0.user_image_url 
    from
        users ue1_0 
    left join
        users_roles r1_0 
            on ue1_0.id=r1_0.user_id 
    left join
        roles r1_1 
            on r1_1.id=r1_0.role_id 
    left join
        roles_permissions p1_0 
            on r1_1.id=p1_0.role_id 
    left join
        permissions p1_1 
            on p1_1.id=p1_0.permission_id 
    where
        ue1_0.id=?
2026-06-08 20:26:12 DEBUG SQL:135 - 
    select
        d1_0.stocktake_id,
        d1_0.id,
        d1_0.actual_qty,
        d1_0.created_at,
        d1_0.difference,
        d1_0.material_id,
        d1_0.system_qty,
        d1_0.updated_at 
    from
        stocktake_details d1_0 
    where
        d1_0.stocktake_id=?
2026-06-08 20:26:12 INFO  JwtAuthenticationFilter:79 - ⬅️ Response: GET /api/admin/stocktakes - 200
2026-06-08 20:26:19 INFO  JwtAuthenticationFilter:37 - ➡️ Request: GET /api/admin/stocktakes/2
2026-06-08 20:26:19 DEBUG SQL:135 - 
    select
        ue1_0.id,
        ue1_0.activation_token,
        ue1_0.code,
        ue1_0.created_at,
        ue1_0.email,
        ue1_0.full_name,
        ue1_0.password,
        ue1_0.phone,
        ue1_0.provider,
        ue1_0.status,
        ue1_0.updated_at,
        ue1_0.user_image_url 
    from
        users ue1_0 
    where
        ue1_0.email=?
2026-06-08 20:26:19 DEBUG SQL:135 - 
    select
        r1_0.user_id,
        r1_1.id,
        r1_1.name,
        p1_0.role_id,
        p1_1.id,
        p1_1.description,
        p1_1.name 
    from
        users_roles r1_0 
    join
        roles r1_1 
            on r1_1.id=r1_0.role_id 
    left join
        roles_permissions p1_0 
            on r1_1.id=p1_0.role_id 
    left join
        permissions p1_1 
            on p1_1.id=p1_0.permission_id 
    where
        r1_0.user_id=?
2026-06-08 20:26:19 DEBUG SQL:135 - 
    select
        se1_0.id,
        se1_0.code,
        se1_0.created_at,
        se1_0.created_by,
        se1_0.note,
        se1_0.updated_at,
        se1_0.warehouse_id 
    from
        stocktakes se1_0 
    where
        se1_0.id=?
2026-06-08 20:26:19 DEBUG SQL:135 - 
    select
        we1_0.id,
        we1_0.address,
        we1_0.code,
        we1_0.created_at,
        we1_0.name,
        we1_0.status,
        we1_0.updated_at 
    from
        warehouses we1_0 
    where
        we1_0.id=?
2026-06-08 20:26:19 DEBUG SQL:135 - 
    select
        d1_0.stocktake_id,
        d1_0.id,
        d1_0.actual_qty,
        d1_0.created_at,
        d1_0.difference,
        d1_0.material_id,
        d1_0.system_qty,
        d1_0.updated_at 
    from
        stocktake_details d1_0 
    where
        d1_0.stocktake_id=?
2026-06-08 20:26:19 DEBUG SQL:135 - 
    select
        ue1_0.id,
        ue1_0.activation_token,
        ue1_0.code,
        ue1_0.created_at,
        ue1_0.email,
        ue1_0.full_name,
        ue1_0.password,
        ue1_0.phone,
        ue1_0.provider,
        r1_0.user_id,
        r1_1.id,
        r1_1.name,
        p1_0.role_id,
        p1_1.id,
        p1_1.description,
        p1_1.name,
        ue1_0.status,
        ue1_0.updated_at,
        ue1_0.user_image_url 
    from
        users ue1_0 
    left join
        users_roles r1_0 
            on ue1_0.id=r1_0.user_id 
    left join
        roles r1_1 
            on r1_1.id=r1_0.role_id 
    left join
        roles_permissions p1_0 
            on r1_1.id=p1_0.role_id 
    left join
        permissions p1_1 
            on p1_1.id=p1_0.permission_id 
    where
        ue1_0.id=?
2026-06-08 20:26:19 DEBUG SQL:135 - 
    select
        me1_0.id,
        me1_0.category_id,
        me1_0.code,
        me1_0.created_at,
        me1_0.low_stock_threshold,
        me1_0.name,
        me1_0.status,
        me1_0.thumbnail,
        me1_0.thumbnail_public_id,
        me1_0.unit,
        me1_0.updated_at 
    from
        materials me1_0 
    where
        me1_0.id=?
2026-06-08 20:26:19 DEBUG SQL:135 - 
    select
        me1_0.id,
        me1_0.category_id,
        me1_0.code,
        me1_0.created_at,
        me1_0.low_stock_threshold,
        me1_0.name,
        me1_0.status,
        me1_0.thumbnail,
        me1_0.thumbnail_public_id,
        me1_0.unit,
        me1_0.updated_at 
    from
        materials me1_0 
    where
        me1_0.id=?
2026-06-08 20:26:19 INFO  JwtAuthenticationFilter:79 - ⬅️ Response: GET /api/admin/stocktakes/2 - 200
2026-06-08 20:26:19 INFO  JwtAuthenticationFilter:37 - ➡️ Request: GET /api/admin/stocktakes/2
2026-06-08 20:26:19 DEBUG SQL:135 - 
    select
        ue1_0.id,
        ue1_0.activation_token,
        ue1_0.code,
        ue1_0.created_at,
        ue1_0.email,
        ue1_0.full_name,
        ue1_0.password,
        ue1_0.phone,
        ue1_0.provider,
        ue1_0.status,
        ue1_0.updated_at,
        ue1_0.user_image_url 
    from
        users ue1_0 
    where
        ue1_0.email=?
2026-06-08 20:26:19 DEBUG SQL:135 - 
    select
        r1_0.user_id,
        r1_1.id,
        r1_1.name,
        p1_0.role_id,
        p1_1.id,
        p1_1.description,
        p1_1.name 
    from
        users_roles r1_0 
    join
        roles r1_1 
            on r1_1.id=r1_0.role_id 
    left join
        roles_permissions p1_0 
            on r1_1.id=p1_0.role_id 
    left join
        permissions p1_1 
            on p1_1.id=p1_0.permission_id 
    where
        r1_0.user_id=?
2026-06-08 20:26:19 DEBUG SQL:135 - 
    select
        se1_0.id,
        se1_0.code,
        se1_0.created_at,
        se1_0.created_by,
        se1_0.note,
        se1_0.updated_at,
        se1_0.warehouse_id 
    from
        stocktakes se1_0 
    where
        se1_0.id=?
2026-06-08 20:26:19 DEBUG SQL:135 - 
    select
        we1_0.id,
        we1_0.address,
        we1_0.code,
        we1_0.created_at,
        we1_0.name,
        we1_0.status,
        we1_0.updated_at 
    from
        warehouses we1_0 
    where
        we1_0.id=?
2026-06-08 20:26:19 DEBUG SQL:135 - 
    select
        d1_0.stocktake_id,
        d1_0.id,
        d1_0.actual_qty,
        d1_0.created_at,
        d1_0.difference,
        d1_0.material_id,
        d1_0.system_qty,
        d1_0.updated_at 
    from
        stocktake_details d1_0 
    where
        d1_0.stocktake_id=?
2026-06-08 20:26:19 DEBUG SQL:135 - 
    select
        ue1_0.id,
        ue1_0.activation_token,
        ue1_0.code,
        ue1_0.created_at,
        ue1_0.email,
        ue1_0.full_name,
        ue1_0.password,
        ue1_0.phone,
        ue1_0.provider,
        r1_0.user_id,
        r1_1.id,
        r1_1.name,
        p1_0.role_id,
        p1_1.id,
        p1_1.description,
        p1_1.name,
        ue1_0.status,
        ue1_0.updated_at,
        ue1_0.user_image_url 
    from
        users ue1_0 
    left join
        users_roles r1_0 
            on ue1_0.id=r1_0.user_id 
    left join
        roles r1_1 
            on r1_1.id=r1_0.role_id 
    left join
        roles_permissions p1_0 
            on r1_1.id=p1_0.role_id 
    left join
        permissions p1_1 
            on p1_1.id=p1_0.permission_id 
    where
        ue1_0.id=?
2026-06-08 20:26:19 DEBUG SQL:135 - 
    select
        me1_0.id,
        me1_0.category_id,
        me1_0.code,
        me1_0.created_at,
        me1_0.low_stock_threshold,
        me1_0.name,
        me1_0.status,
        me1_0.thumbnail,
        me1_0.thumbnail_public_id,
        me1_0.unit,
        me1_0.updated_at 
    from
        materials me1_0 
    where
        me1_0.id=?
2026-06-08 20:26:19 DEBUG SQL:135 - 
    select
        me1_0.id,
        me1_0.category_id,
        me1_0.code,
        me1_0.created_at,
        me1_0.low_stock_threshold,
        me1_0.name,
        me1_0.status,
        me1_0.thumbnail,
        me1_0.thumbnail_public_id,
        me1_0.unit,
        me1_0.updated_at 
    from
        materials me1_0 
    where
        me1_0.id=?
2026-06-08 20:26:19 INFO  JwtAuthenticationFilter:79 - ⬅️ Response: GET /api/admin/stocktakes/2 - 200
2026-06-08 20:26:29 INFO  JwtAuthenticationFilter:37 - ➡️ Request: GET /api/auth/account-info
2026-06-08 20:26:29 DEBUG SQL:135 - 
    select
        ue1_0.id,
        ue1_0.activation_token,
        ue1_0.code,
        ue1_0.created_at,
        ue1_0.email,
        ue1_0.full_name,
        ue1_0.password,
        ue1_0.phone,
        ue1_0.provider,
        ue1_0.status,
        ue1_0.updated_at,
        ue1_0.user_image_url 
    from
        users ue1_0 
    where
        ue1_0.email=?
2026-06-08 20:26:29 DEBUG SQL:135 - 
    select
        r1_0.user_id,
        r1_1.id,
        r1_1.name,
        p1_0.role_id,
        p1_1.id,
        p1_1.description,
        p1_1.name 
    from
        users_roles r1_0 
    join
        roles r1_1 
            on r1_1.id=r1_0.role_id 
    left join
        roles_permissions p1_0 
            on r1_1.id=p1_0.role_id 
    left join
        permissions p1_1 
            on p1_1.id=p1_0.permission_id 
    where
        r1_0.user_id=?
2026-06-08 20:26:29 INFO  JwtAuthenticationFilter:79 - ⬅️ Response: GET /api/auth/account-info - 200
2026-06-08 20:26:29 INFO  JwtAuthenticationFilter:37 - ➡️ Request: GET /api/admin/warehouses/dropdown
2026-06-08 20:26:29 INFO  JwtAuthenticationFilter:37 - ➡️ Request: GET /api/admin/stocktakes
2026-06-08 20:26:29 INFO  JwtAuthenticationFilter:37 - ➡️ Request: GET /api/auth/account-info
2026-06-08 20:26:29 DEBUG SQL:135 - 
    select
        ue1_0.id,
        ue1_0.activation_token,
        ue1_0.code,
        ue1_0.created_at,
        ue1_0.email,
        ue1_0.full_name,
        ue1_0.password,
        ue1_0.phone,
        ue1_0.provider,
        ue1_0.status,
        ue1_0.updated_at,
        ue1_0.user_image_url 
    from
        users ue1_0 
    where
        ue1_0.email=?
2026-06-08 20:26:29 DEBUG SQL:135 - 
    select
        ue1_0.id,
        ue1_0.activation_token,
        ue1_0.code,
        ue1_0.created_at,
        ue1_0.email,
        ue1_0.full_name,
        ue1_0.password,
        ue1_0.phone,
        ue1_0.provider,
        ue1_0.status,
        ue1_0.updated_at,
        ue1_0.user_image_url 
    from
        users ue1_0 
    where
        ue1_0.email=?
2026-06-08 20:26:29 DEBUG SQL:135 - 
    select
        ue1_0.id,
        ue1_0.activation_token,
        ue1_0.code,
        ue1_0.created_at,
        ue1_0.email,
        ue1_0.full_name,
        ue1_0.password,
        ue1_0.phone,
        ue1_0.provider,
        ue1_0.status,
        ue1_0.updated_at,
        ue1_0.user_image_url 
    from
        users ue1_0 
    where
        ue1_0.email=?
2026-06-08 20:26:29 DEBUG SQL:135 - 
    select
        r1_0.user_id,
        r1_1.id,
        r1_1.name,
        p1_0.role_id,
        p1_1.id,
        p1_1.description,
        p1_1.name 
    from
        users_roles r1_0 
    join
        roles r1_1 
            on r1_1.id=r1_0.role_id 
    left join
        roles_permissions p1_0 
            on r1_1.id=p1_0.role_id 
    left join
        permissions p1_1 
            on p1_1.id=p1_0.permission_id 
    where
        r1_0.user_id=?
2026-06-08 20:26:29 DEBUG SQL:135 - 
    select
        r1_0.user_id,
        r1_1.id,
        r1_1.name,
        p1_0.role_id,
        p1_1.id,
        p1_1.description,
        p1_1.name 
    from
        users_roles r1_0 
    join
        roles r1_1 
            on r1_1.id=r1_0.role_id 
    left join
        roles_permissions p1_0 
            on r1_1.id=p1_0.role_id 
    left join
        permissions p1_1 
            on p1_1.id=p1_0.permission_id 
    where
        r1_0.user_id=?
2026-06-08 20:26:29 DEBUG SQL:135 - 
    select
        r1_0.user_id,
        r1_1.id,
        r1_1.name,
        p1_0.role_id,
        p1_1.id,
        p1_1.description,
        p1_1.name 
    from
        users_roles r1_0 
    join
        roles r1_1 
            on r1_1.id=r1_0.role_id 
    left join
        roles_permissions p1_0 
            on r1_1.id=p1_0.role_id 
    left join
        permissions p1_1 
            on p1_1.id=p1_0.permission_id 
    where
        r1_0.user_id=?
2026-06-08 20:26:29 INFO  JwtAuthenticationFilter:79 - ⬅️ Response: GET /api/auth/account-info - 200
2026-06-08 20:26:29 DEBUG SQL:135 - 
    select
        we1_0.id,
        we1_0.address,
        we1_0.code,
        we1_0.created_at,
        we1_0.name,
        we1_0.status,
        we1_0.updated_at 
    from
        warehouses we1_0 
    where
        we1_0.status=?
2026-06-08 20:26:29 DEBUG SQL:135 - 
    select
        se1_0.id,
        se1_0.code,
        se1_0.created_at,
        se1_0.created_by,
        se1_0.note,
        se1_0.updated_at,
        se1_0.warehouse_id 
    from
        stocktakes se1_0 
    where
        1=1 
    order by
        se1_0.id desc 
    limit
        ?, ?
2026-06-08 20:26:29 DEBUG SQL:135 - 
    select
        we1_0.id,
        we1_0.address,
        we1_0.code,
        we1_0.created_at,
        we1_0.name,
        we1_0.status,
        we1_0.updated_at 
    from
        warehouses we1_0 
    where
        we1_0.id=?
2026-06-08 20:26:29 INFO  JwtAuthenticationFilter:79 - ⬅️ Response: GET /api/admin/warehouses/dropdown - 200
2026-06-08 20:26:29 DEBUG SQL:135 - 
    select
        d1_0.stocktake_id,
        d1_0.id,
        d1_0.actual_qty,
        d1_0.created_at,
        d1_0.difference,
        d1_0.material_id,
        d1_0.system_qty,
        d1_0.updated_at 
    from
        stocktake_details d1_0 
    where
        d1_0.stocktake_id=?
2026-06-08 20:26:29 DEBUG SQL:135 - 
    select
        ue1_0.id,
        ue1_0.activation_token,
        ue1_0.code,
        ue1_0.created_at,
        ue1_0.email,
        ue1_0.full_name,
        ue1_0.password,
        ue1_0.phone,
        ue1_0.provider,
        r1_0.user_id,
        r1_1.id,
        r1_1.name,
        p1_0.role_id,
        p1_1.id,
        p1_1.description,
        p1_1.name,
        ue1_0.status,
        ue1_0.updated_at,
        ue1_0.user_image_url 
    from
        users ue1_0 
    left join
        users_roles r1_0 
            on ue1_0.id=r1_0.user_id 
    left join
        roles r1_1 
            on r1_1.id=r1_0.role_id 
    left join
        roles_permissions p1_0 
            on r1_1.id=p1_0.role_id 
    left join
        permissions p1_1 
            on p1_1.id=p1_0.permission_id 
    where
        ue1_0.id=?
2026-06-08 20:26:29 DEBUG SQL:135 - 
    select
        d1_0.stocktake_id,
        d1_0.id,
        d1_0.actual_qty,
        d1_0.created_at,
        d1_0.difference,
        d1_0.material_id,
        d1_0.system_qty,
        d1_0.updated_at 
    from
        stocktake_details d1_0 
    where
        d1_0.stocktake_id=?
2026-06-08 20:26:29 INFO  JwtAuthenticationFilter:79 - ⬅️ Response: GET /api/admin/stocktakes - 200
2026-06-08 20:27:03 INFO  JwtAuthenticationFilter:37 - ➡️ Request: GET /api/auth/account-info
2026-06-08 20:27:03 INFO  JwtAuthenticationFilter:37 - ➡️ Request: GET /api/auth/account-info
2026-06-08 20:27:03 DEBUG SQL:135 - 
    select
        ue1_0.id,
        ue1_0.activation_token,
        ue1_0.code,
        ue1_0.created_at,
        ue1_0.email,
        ue1_0.full_name,
        ue1_0.password,
        ue1_0.phone,
        ue1_0.provider,
        ue1_0.status,
        ue1_0.updated_at,
        ue1_0.user_image_url 
    from
        users ue1_0 
    where
        ue1_0.email=?
2026-06-08 20:27:03 DEBUG SQL:135 - 
    select
        ue1_0.id,
        ue1_0.activation_token,
        ue1_0.code,
        ue1_0.created_at,
        ue1_0.email,
        ue1_0.full_name,
        ue1_0.password,
        ue1_0.phone,
        ue1_0.provider,
        ue1_0.status,
        ue1_0.updated_at,
        ue1_0.user_image_url 
    from
        users ue1_0 
    where
        ue1_0.email=?
2026-06-08 20:27:03 INFO  JwtAuthenticationFilter:37 - ➡️ Request: GET /api/auth/account-info
2026-06-08 20:27:03 DEBUG SQL:135 - 
    select
        ue1_0.id,
        ue1_0.activation_token,
        ue1_0.code,
        ue1_0.created_at,
        ue1_0.email,
        ue1_0.full_name,
        ue1_0.password,
        ue1_0.phone,
        ue1_0.provider,
        ue1_0.status,
        ue1_0.updated_at,
        ue1_0.user_image_url 
    from
        users ue1_0 
    where
        ue1_0.email=?
2026-06-08 20:27:03 DEBUG SQL:135 - 
    select
        r1_0.user_id,
        r1_1.id,
        r1_1.name,
        p1_0.role_id,
        p1_1.id,
        p1_1.description,
        p1_1.name 
    from
        users_roles r1_0 
    join
        roles r1_1 
            on r1_1.id=r1_0.role_id 
    left join
        roles_permissions p1_0 
            on r1_1.id=p1_0.role_id 
    left join
        permissions p1_1 
            on p1_1.id=p1_0.permission_id 
    where
        r1_0.user_id=?
2026-06-08 20:27:03 DEBUG SQL:135 - 
    select
        r1_0.user_id,
        r1_1.id,
        r1_1.name,
        p1_0.role_id,
        p1_1.id,
        p1_1.description,
        p1_1.name 
    from
        users_roles r1_0 
    join
        roles r1_1 
            on r1_1.id=r1_0.role_id 
    left join
        roles_permissions p1_0 
            on r1_1.id=p1_0.role_id 
    left join
        permissions p1_1 
            on p1_1.id=p1_0.permission_id 
    where
        r1_0.user_id=?
2026-06-08 20:27:03 DEBUG SQL:135 - 
    select
        r1_0.user_id,
        r1_1.id,
        r1_1.name,
        p1_0.role_id,
        p1_1.id,
        p1_1.description,
        p1_1.name 
    from
        users_roles r1_0 
    join
        roles r1_1 
            on r1_1.id=r1_0.role_id 
    left join
        roles_permissions p1_0 
            on r1_1.id=p1_0.role_id 
    left join
        permissions p1_1 
            on p1_1.id=p1_0.permission_id 
    where
        r1_0.user_id=?
2026-06-08 20:27:03 INFO  JwtAuthenticationFilter:79 - ⬅️ Response: GET /api/auth/account-info - 200
2026-06-08 20:27:03 INFO  JwtAuthenticationFilter:79 - ⬅️ Response: GET /api/auth/account-info - 200
2026-06-08 20:27:03 INFO  JwtAuthenticationFilter:79 - ⬅️ Response: GET /api/auth/account-info - 200
2026-06-08 20:27:03 INFO  JwtAuthenticationFilter:37 - ➡️ Request: GET /api/auth/account-info
2026-06-08 20:27:03 DEBUG SQL:135 - 
    select
        ue1_0.id,
        ue1_0.activation_token,
        ue1_0.code,
        ue1_0.created_at,
        ue1_0.email,
        ue1_0.full_name,
        ue1_0.password,
        ue1_0.phone,
        ue1_0.provider,
        ue1_0.status,
        ue1_0.updated_at,
        ue1_0.user_image_url 
    from
        users ue1_0 
    where
        ue1_0.email=?
2026-06-08 20:27:03 DEBUG SQL:135 - 
    select
        r1_0.user_id,
        r1_1.id,
        r1_1.name,
        p1_0.role_id,
        p1_1.id,
        p1_1.description,
        p1_1.name 
    from
        users_roles r1_0 
    join
        roles r1_1 
            on r1_1.id=r1_0.role_id 
    left join
        roles_permissions p1_0 
            on r1_1.id=p1_0.role_id 
    left join
        permissions p1_1 
            on p1_1.id=p1_0.permission_id 
    where
        r1_0.user_id=?
2026-06-08 20:27:03 INFO  JwtAuthenticationFilter:79 - ⬅️ Response: GET /api/auth/account-info - 200
2026-06-08 20:27:03 INFO  JwtAuthenticationFilter:37 - ➡️ Request: GET /api/admin/warehouses/dropdown
2026-06-08 20:27:03 INFO  JwtAuthenticationFilter:37 - ➡️ Request: GET /api/admin/stocktakes
2026-06-08 20:27:03 INFO  JwtAuthenticationFilter:37 - ➡️ Request: GET /api/auth/account-info
2026-06-08 20:27:03 DEBUG SQL:135 - 
    select
        ue1_0.id,
        ue1_0.activation_token,
        ue1_0.code,
        ue1_0.created_at,
        ue1_0.email,
        ue1_0.full_name,
        ue1_0.password,
        ue1_0.phone,
        ue1_0.provider,
        ue1_0.status,
        ue1_0.updated_at,
        ue1_0.user_image_url 
    from
        users ue1_0 
    where
        ue1_0.email=?
2026-06-08 20:27:03 DEBUG SQL:135 - 
    select
        ue1_0.id,
        ue1_0.activation_token,
        ue1_0.code,
        ue1_0.created_at,
        ue1_0.email,
        ue1_0.full_name,
        ue1_0.password,
        ue1_0.phone,
        ue1_0.provider,
        ue1_0.status,
        ue1_0.updated_at,
        ue1_0.user_image_url 
    from
        users ue1_0 
    where
        ue1_0.email=?
2026-06-08 20:27:03 DEBUG SQL:135 - 
    select
        ue1_0.id,
        ue1_0.activation_token,
        ue1_0.code,
        ue1_0.created_at,
        ue1_0.email,
        ue1_0.full_name,
        ue1_0.password,
        ue1_0.phone,
        ue1_0.provider,
        ue1_0.status,
        ue1_0.updated_at,
        ue1_0.user_image_url 
    from
        users ue1_0 
    where
        ue1_0.email=?
2026-06-08 20:27:03 DEBUG SQL:135 - 
    select
        r1_0.user_id,
        r1_1.id,
        r1_1.name,
        p1_0.role_id,
        p1_1.id,
        p1_1.description,
        p1_1.name 
    from
        users_roles r1_0 
    join
        roles r1_1 
            on r1_1.id=r1_0.role_id 
    left join
        roles_permissions p1_0 
            on r1_1.id=p1_0.role_id 
    left join
        permissions p1_1 
            on p1_1.id=p1_0.permission_id 
    where
        r1_0.user_id=?
2026-06-08 20:27:03 DEBUG SQL:135 - 
    select
        r1_0.user_id,
        r1_1.id,
        r1_1.name,
        p1_0.role_id,
        p1_1.id,
        p1_1.description,
        p1_1.name 
    from
        users_roles r1_0 
    join
        roles r1_1 
            on r1_1.id=r1_0.role_id 
    left join
        roles_permissions p1_0 
            on r1_1.id=p1_0.role_id 
    left join
        permissions p1_1 
            on p1_1.id=p1_0.permission_id 
    where
        r1_0.user_id=?
2026-06-08 20:27:03 DEBUG SQL:135 - 
    select
        r1_0.user_id,
        r1_1.id,
        r1_1.name,
        p1_0.role_id,
        p1_1.id,
        p1_1.description,
        p1_1.name 
    from
        users_roles r1_0 
    join
        roles r1_1 
            on r1_1.id=r1_0.role_id 
    left join
        roles_permissions p1_0 
            on r1_1.id=p1_0.role_id 
    left join
        permissions p1_1 
            on p1_1.id=p1_0.permission_id 
    where
        r1_0.user_id=?
2026-06-08 20:27:03 INFO  JwtAuthenticationFilter:79 - ⬅️ Response: GET /api/auth/account-info - 200
2026-06-08 20:27:03 DEBUG SQL:135 - 
    select
        we1_0.id,
        we1_0.address,
        we1_0.code,
        we1_0.created_at,
        we1_0.name,
        we1_0.status,
        we1_0.updated_at 
    from
        warehouses we1_0 
    where
        we1_0.status=?
2026-06-08 20:27:03 DEBUG SQL:135 - 
    select
        se1_0.id,
        se1_0.code,
        se1_0.created_at,
        se1_0.created_by,
        se1_0.note,
        se1_0.updated_at,
        se1_0.warehouse_id 
    from
        stocktakes se1_0 
    where
        1=1 
    order by
        se1_0.id desc 
    limit
        ?, ?
2026-06-08 20:27:03 DEBUG SQL:135 - 
    select
        we1_0.id,
        we1_0.address,
        we1_0.code,
        we1_0.created_at,
        we1_0.name,
        we1_0.status,
        we1_0.updated_at 
    from
        warehouses we1_0 
    where
        we1_0.id=?
2026-06-08 20:27:03 INFO  JwtAuthenticationFilter:79 - ⬅️ Response: GET /api/admin/warehouses/dropdown - 200
2026-06-08 20:27:03 DEBUG SQL:135 - 
    select
        d1_0.stocktake_id,
        d1_0.id,
        d1_0.actual_qty,
        d1_0.created_at,
        d1_0.difference,
        d1_0.material_id,
        d1_0.system_qty,
        d1_0.updated_at 
    from
        stocktake_details d1_0 
    where
        d1_0.stocktake_id=?
2026-06-08 20:27:03 DEBUG SQL:135 - 
    select
        ue1_0.id,
        ue1_0.activation_token,
        ue1_0.code,
        ue1_0.created_at,
        ue1_0.email,
        ue1_0.full_name,
        ue1_0.password,
        ue1_0.phone,
        ue1_0.provider,
        r1_0.user_id,
        r1_1.id,
        r1_1.name,
        p1_0.role_id,
        p1_1.id,
        p1_1.description,
        p1_1.name,
        ue1_0.status,
        ue1_0.updated_at,
        ue1_0.user_image_url 
    from
        users ue1_0 
    left join
        users_roles r1_0 
            on ue1_0.id=r1_0.user_id 
    left join
        roles r1_1 
            on r1_1.id=r1_0.role_id 
    left join
        roles_permissions p1_0 
            on r1_1.id=p1_0.role_id 
    left join
        permissions p1_1 
            on p1_1.id=p1_0.permission_id 
    where
        ue1_0.id=?
2026-06-08 20:27:03 DEBUG SQL:135 - 
    select
        d1_0.stocktake_id,
        d1_0.id,
        d1_0.actual_qty,
        d1_0.created_at,
        d1_0.difference,
        d1_0.material_id,
        d1_0.system_qty,
        d1_0.updated_at 
    from
        stocktake_details d1_0 
    where
        d1_0.stocktake_id=?
2026-06-08 20:27:03 INFO  JwtAuthenticationFilter:79 - ⬅️ Response: GET /api/admin/stocktakes - 200
2026-06-08 20:27:08 INFO  JwtAuthenticationFilter:37 - ➡️ Request: GET /api/auth/account-info
2026-06-08 20:27:08 DEBUG SQL:135 - 
    select
        ue1_0.id,
        ue1_0.activation_token,
        ue1_0.code,
        ue1_0.created_at,
        ue1_0.email,
        ue1_0.full_name,
        ue1_0.password,
        ue1_0.phone,
        ue1_0.provider,
        ue1_0.status,
        ue1_0.updated_at,
        ue1_0.user_image_url 
    from
        users ue1_0 
    where
        ue1_0.email=?
2026-06-08 20:27:08 DEBUG SQL:135 - 
    select
        r1_0.user_id,
        r1_1.id,
        r1_1.name,
        p1_0.role_id,
        p1_1.id,
        p1_1.description,
        p1_1.name 
    from
        users_roles r1_0 
    join
        roles r1_1 
            on r1_1.id=r1_0.role_id 
    left join
        roles_permissions p1_0 
            on r1_1.id=p1_0.role_id 
    left join
        permissions p1_1 
            on p1_1.id=p1_0.permission_id 
    where
        r1_0.user_id=?
2026-06-08 20:27:08 INFO  JwtAuthenticationFilter:79 - ⬅️ Response: GET /api/auth/account-info - 200
2026-06-08 20:27:08 INFO  JwtAuthenticationFilter:37 - ➡️ Request: GET /api/auth/account-info
2026-06-08 20:27:08 DEBUG SQL:135 - 
    select
        ue1_0.id,
        ue1_0.activation_token,
        ue1_0.code,
        ue1_0.created_at,
        ue1_0.email,
        ue1_0.full_name,
        ue1_0.password,
        ue1_0.phone,
        ue1_0.provider,
        ue1_0.status,
        ue1_0.updated_at,
        ue1_0.user_image_url 
    from
        users ue1_0 
    where
        ue1_0.email=?
2026-06-08 20:27:08 DEBUG SQL:135 - 
    select
        r1_0.user_id,
        r1_1.id,
        r1_1.name,
        p1_0.role_id,
        p1_1.id,
        p1_1.description,
        p1_1.name 
    from
        users_roles r1_0 
    join
        roles r1_1 
            on r1_1.id=r1_0.role_id 
    left join
        roles_permissions p1_0 
            on r1_1.id=p1_0.role_id 
    left join
        permissions p1_1 
            on p1_1.id=p1_0.permission_id 
    where
        r1_0.user_id=?
2026-06-08 20:27:08 INFO  JwtAuthenticationFilter:79 - ⬅️ Response: GET /api/auth/account-info - 200
2026-06-08 20:27:08 INFO  JwtAuthenticationFilter:37 - ➡️ Request: GET /api/auth/account-info
2026-06-08 20:27:08 DEBUG SQL:135 - 
    select
        ue1_0.id,
        ue1_0.activation_token,
        ue1_0.code,
        ue1_0.created_at,
        ue1_0.email,
        ue1_0.full_name,
        ue1_0.password,
        ue1_0.phone,
        ue1_0.provider,
        ue1_0.status,
        ue1_0.updated_at,
        ue1_0.user_image_url 
    from
        users ue1_0 
    where
        ue1_0.email=?
2026-06-08 20:27:08 DEBUG SQL:135 - 
    select
        r1_0.user_id,
        r1_1.id,
        r1_1.name,
        p1_0.role_id,
        p1_1.id,
        p1_1.description,
        p1_1.name 
    from
        users_roles r1_0 
    join
        roles r1_1 
            on r1_1.id=r1_0.role_id 
    left join
        roles_permissions p1_0 
            on r1_1.id=p1_0.role_id 
    left join
        permissions p1_1 
            on p1_1.id=p1_0.permission_id 
    where
        r1_0.user_id=?
2026-06-08 20:27:08 INFO  JwtAuthenticationFilter:79 - ⬅️ Response: GET /api/auth/account-info - 200
2026-06-08 20:27:08 INFO  JwtAuthenticationFilter:37 - ➡️ Request: GET /api/auth/account-info
2026-06-08 20:27:08 INFO  JwtAuthenticationFilter:37 - ➡️ Request: GET /api/auth/account-info
2026-06-08 20:27:08 DEBUG SQL:135 - 
    select
        ue1_0.id,
        ue1_0.activation_token,
        ue1_0.code,
        ue1_0.created_at,
        ue1_0.email,
        ue1_0.full_name,
        ue1_0.password,
        ue1_0.phone,
        ue1_0.provider,
        ue1_0.status,
        ue1_0.updated_at,
        ue1_0.user_image_url 
    from
        users ue1_0 
    where
        ue1_0.email=?
2026-06-08 20:27:08 DEBUG SQL:135 - 
    select
        ue1_0.id,
        ue1_0.activation_token,
        ue1_0.code,
        ue1_0.created_at,
        ue1_0.email,
        ue1_0.full_name,
        ue1_0.password,
        ue1_0.phone,
        ue1_0.provider,
        ue1_0.status,
        ue1_0.updated_at,
        ue1_0.user_image_url 
    from
        users ue1_0 
    where
        ue1_0.email=?
2026-06-08 20:27:08 DEBUG SQL:135 - 
    select
        r1_0.user_id,
        r1_1.id,
        r1_1.name,
        p1_0.role_id,
        p1_1.id,
        p1_1.description,
        p1_1.name 
    from
        users_roles r1_0 
    join
        roles r1_1 
            on r1_1.id=r1_0.role_id 
    left join
        roles_permissions p1_0 
            on r1_1.id=p1_0.role_id 
    left join
        permissions p1_1 
            on p1_1.id=p1_0.permission_id 
    where
        r1_0.user_id=?
2026-06-08 20:27:08 DEBUG SQL:135 - 
    select
        r1_0.user_id,
        r1_1.id,
        r1_1.name,
        p1_0.role_id,
        p1_1.id,
        p1_1.description,
        p1_1.name 
    from
        users_roles r1_0 
    join
        roles r1_1 
            on r1_1.id=r1_0.role_id 
    left join
        roles_permissions p1_0 
            on r1_1.id=p1_0.role_id 
    left join
        permissions p1_1 
            on p1_1.id=p1_0.permission_id 
    where
        r1_0.user_id=?
2026-06-08 20:27:08 INFO  JwtAuthenticationFilter:79 - ⬅️ Response: GET /api/auth/account-info - 200
2026-06-08 20:27:08 INFO  JwtAuthenticationFilter:79 - ⬅️ Response: GET /api/auth/account-info - 200
2026-06-08 20:27:08 INFO  JwtAuthenticationFilter:37 - ➡️ Request: GET /api/auth/account-info
2026-06-08 20:27:08 DEBUG SQL:135 - 
    select
        ue1_0.id,
        ue1_0.activation_token,
        ue1_0.code,
        ue1_0.created_at,
        ue1_0.email,
        ue1_0.full_name,
        ue1_0.password,
        ue1_0.phone,
        ue1_0.provider,
        ue1_0.status,
        ue1_0.updated_at,
        ue1_0.user_image_url 
    from
        users ue1_0 
    where
        ue1_0.email=?
2026-06-08 20:27:08 DEBUG SQL:135 - 
    select
        r1_0.user_id,
        r1_1.id,
        r1_1.name,
        p1_0.role_id,
        p1_1.id,
        p1_1.description,
        p1_1.name 
    from
        users_roles r1_0 
    join
        roles r1_1 
            on r1_1.id=r1_0.role_id 
    left join
        roles_permissions p1_0 
            on r1_1.id=p1_0.role_id 
    left join
        permissions p1_1 
            on p1_1.id=p1_0.permission_id 
    where
        r1_0.user_id=?
2026-06-08 20:27:08 INFO  JwtAuthenticationFilter:79 - ⬅️ Response: GET /api/auth/account-info - 200
2026-06-08 20:27:09 INFO  JwtAuthenticationFilter:37 - ➡️ Request: GET /api/auth/account-info
2026-06-08 20:27:09 INFO  JwtAuthenticationFilter:37 - ➡️ Request: GET /api/admin/stocktakes
2026-06-08 20:27:09 INFO  JwtAuthenticationFilter:37 - ➡️ Request: GET /api/admin/warehouses/dropdown
2026-06-08 20:27:09 DEBUG SQL:135 - 
    select
        ue1_0.id,
        ue1_0.activation_token,
        ue1_0.code,
        ue1_0.created_at,
        ue1_0.email,
        ue1_0.full_name,
        ue1_0.password,
        ue1_0.phone,
        ue1_0.provider,
        ue1_0.status,
        ue1_0.updated_at,
        ue1_0.user_image_url 
    from
        users ue1_0 
    where
        ue1_0.email=?
2026-06-08 20:27:09 DEBUG SQL:135 - 
    select
        ue1_0.id,
        ue1_0.activation_token,
        ue1_0.code,
        ue1_0.created_at,
        ue1_0.email,
        ue1_0.full_name,
        ue1_0.password,
        ue1_0.phone,
        ue1_0.provider,
        ue1_0.status,
        ue1_0.updated_at,
        ue1_0.user_image_url 
    from
        users ue1_0 
    where
        ue1_0.email=?
2026-06-08 20:27:09 DEBUG SQL:135 - 
    select
        ue1_0.id,
        ue1_0.activation_token,
        ue1_0.code,
        ue1_0.created_at,
        ue1_0.email,
        ue1_0.full_name,
        ue1_0.password,
        ue1_0.phone,
        ue1_0.provider,
        ue1_0.status,
        ue1_0.updated_at,
        ue1_0.user_image_url 
    from
        users ue1_0 
    where
        ue1_0.email=?
2026-06-08 20:27:09 DEBUG SQL:135 - 
    select
        r1_0.user_id,
        r1_1.id,
        r1_1.name,
        p1_0.role_id,
        p1_1.id,
        p1_1.description,
        p1_1.name 
    from
        users_roles r1_0 
    join
        roles r1_1 
            on r1_1.id=r1_0.role_id 
    left join
        roles_permissions p1_0 
            on r1_1.id=p1_0.role_id 
    left join
        permissions p1_1 
            on p1_1.id=p1_0.permission_id 
    where
        r1_0.user_id=?
2026-06-08 20:27:09 DEBUG SQL:135 - 
    select
        r1_0.user_id,
        r1_1.id,
        r1_1.name,
        p1_0.role_id,
        p1_1.id,
        p1_1.description,
        p1_1.name 
    from
        users_roles r1_0 
    join
        roles r1_1 
            on r1_1.id=r1_0.role_id 
    left join
        roles_permissions p1_0 
            on r1_1.id=p1_0.role_id 
    left join
        permissions p1_1 
            on p1_1.id=p1_0.permission_id 
    where
        r1_0.user_id=?
2026-06-08 20:27:09 DEBUG SQL:135 - 
    select
        r1_0.user_id,
        r1_1.id,
        r1_1.name,
        p1_0.role_id,
        p1_1.id,
        p1_1.description,
        p1_1.name 
    from
        users_roles r1_0 
    join
        roles r1_1 
            on r1_1.id=r1_0.role_id 
    left join
        roles_permissions p1_0 
            on r1_1.id=p1_0.role_id 
    left join
        permissions p1_1 
            on p1_1.id=p1_0.permission_id 
    where
        r1_0.user_id=?
2026-06-08 20:27:09 INFO  JwtAuthenticationFilter:79 - ⬅️ Response: GET /api/auth/account-info - 200
2026-06-08 20:27:09 DEBUG SQL:135 - 
    select
        we1_0.id,
        we1_0.address,
        we1_0.code,
        we1_0.created_at,
        we1_0.name,
        we1_0.status,
        we1_0.updated_at 
    from
        warehouses we1_0 
    where
        we1_0.status=?
2026-06-08 20:27:09 DEBUG SQL:135 - 
    select
        se1_0.id,
        se1_0.code,
        se1_0.created_at,
        se1_0.created_by,
        se1_0.note,
        se1_0.updated_at,
        se1_0.warehouse_id 
    from
        stocktakes se1_0 
    where
        1=1 
    order by
        se1_0.id desc 
    limit
        ?, ?
2026-06-08 20:27:09 INFO  JwtAuthenticationFilter:79 - ⬅️ Response: GET /api/admin/warehouses/dropdown - 200
2026-06-08 20:27:09 DEBUG SQL:135 - 
    select
        we1_0.id,
        we1_0.address,
        we1_0.code,
        we1_0.created_at,
        we1_0.name,
        we1_0.status,
        we1_0.updated_at 
    from
        warehouses we1_0 
    where
        we1_0.id=?
2026-06-08 20:27:09 DEBUG SQL:135 - 
    select
        d1_0.stocktake_id,
        d1_0.id,
        d1_0.actual_qty,
        d1_0.created_at,
        d1_0.difference,
        d1_0.material_id,
        d1_0.system_qty,
        d1_0.updated_at 
    from
        stocktake_details d1_0 
    where
        d1_0.stocktake_id=?
2026-06-08 20:27:09 DEBUG SQL:135 - 
    select
        ue1_0.id,
        ue1_0.activation_token,
        ue1_0.code,
        ue1_0.created_at,
        ue1_0.email,
        ue1_0.full_name,
        ue1_0.password,
        ue1_0.phone,
        ue1_0.provider,
        r1_0.user_id,
        r1_1.id,
        r1_1.name,
        p1_0.role_id,
        p1_1.id,
        p1_1.description,
        p1_1.name,
        ue1_0.status,
        ue1_0.updated_at,
        ue1_0.user_image_url 
    from
        users ue1_0 
    left join
        users_roles r1_0 
            on ue1_0.id=r1_0.user_id 
    left join
        roles r1_1 
            on r1_1.id=r1_0.role_id 
    left join
        roles_permissions p1_0 
            on r1_1.id=p1_0.role_id 
    left join
        permissions p1_1 
            on p1_1.id=p1_0.permission_id 
    where
        ue1_0.id=?
2026-06-08 20:27:09 DEBUG SQL:135 - 
    select
        d1_0.stocktake_id,
        d1_0.id,
        d1_0.actual_qty,
        d1_0.created_at,
        d1_0.difference,
        d1_0.material_id,
        d1_0.system_qty,
        d1_0.updated_at 
    from
        stocktake_details d1_0 
    where
        d1_0.stocktake_id=?
2026-06-08 20:27:09 INFO  JwtAuthenticationFilter:79 - ⬅️ Response: GET /api/admin/stocktakes - 200
2026-06-08 20:27:17 INFO  JwtAuthenticationFilter:37 - ➡️ Request: GET /api/auth/account-info
2026-06-08 20:27:17 DEBUG SQL:135 - 
    select
        ue1_0.id,
        ue1_0.activation_token,
        ue1_0.code,
        ue1_0.created_at,
        ue1_0.email,
        ue1_0.full_name,
        ue1_0.password,
        ue1_0.phone,
        ue1_0.provider,
        ue1_0.status,
        ue1_0.updated_at,
        ue1_0.user_image_url 
    from
        users ue1_0 
    where
        ue1_0.email=?
2026-06-08 20:27:17 DEBUG SQL:135 - 
    select
        r1_0.user_id,
        r1_1.id,
        r1_1.name,
        p1_0.role_id,
        p1_1.id,
        p1_1.description,
        p1_1.name 
    from
        users_roles r1_0 
    join
        roles r1_1 
            on r1_1.id=r1_0.role_id 
    left join
        roles_permissions p1_0 
            on r1_1.id=p1_0.role_id 
    left join
        permissions p1_1 
            on p1_1.id=p1_0.permission_id 
    where
        r1_0.user_id=?
2026-06-08 20:27:17 INFO  JwtAuthenticationFilter:79 - ⬅️ Response: GET /api/auth/account-info - 200
2026-06-08 20:27:17 INFO  JwtAuthenticationFilter:37 - ➡️ Request: GET /api/auth/account-info
2026-06-08 20:27:17 DEBUG SQL:135 - 
    select
        ue1_0.id,
        ue1_0.activation_token,
        ue1_0.code,
        ue1_0.created_at,
        ue1_0.email,
        ue1_0.full_name,
        ue1_0.password,
        ue1_0.phone,
        ue1_0.provider,
        ue1_0.status,
        ue1_0.updated_at,
        ue1_0.user_image_url 
    from
        users ue1_0 
    where
        ue1_0.email=?
2026-06-08 20:27:17 DEBUG SQL:135 - 
    select
        r1_0.user_id,
        r1_1.id,
        r1_1.name,
        p1_0.role_id,
        p1_1.id,
        p1_1.description,
        p1_1.name 
    from
        users_roles r1_0 
    join
        roles r1_1 
            on r1_1.id=r1_0.role_id 
    left join
        roles_permissions p1_0 
            on r1_1.id=p1_0.role_id 
    left join
        permissions p1_1 
            on p1_1.id=p1_0.permission_id 
    where
        r1_0.user_id=?
2026-06-08 20:27:17 INFO  JwtAuthenticationFilter:79 - ⬅️ Response: GET /api/auth/account-info - 200
2026-06-08 20:27:17 INFO  JwtAuthenticationFilter:37 - ➡️ Request: GET /api/auth/account-info
2026-06-08 20:27:17 DEBUG SQL:135 - 
    select
        ue1_0.id,
        ue1_0.activation_token,
        ue1_0.code,
        ue1_0.created_at,
        ue1_0.email,
        ue1_0.full_name,
        ue1_0.password,
        ue1_0.phone,
        ue1_0.provider,
        ue1_0.status,
        ue1_0.updated_at,
        ue1_0.user_image_url 
    from
        users ue1_0 
    where
        ue1_0.email=?
2026-06-08 20:27:17 DEBUG SQL:135 - 
    select
        r1_0.user_id,
        r1_1.id,
        r1_1.name,
        p1_0.role_id,
        p1_1.id,
        p1_1.description,
        p1_1.name 
    from
        users_roles r1_0 
    join
        roles r1_1 
            on r1_1.id=r1_0.role_id 
    left join
        roles_permissions p1_0 
            on r1_1.id=p1_0.role_id 
    left join
        permissions p1_1 
            on p1_1.id=p1_0.permission_id 
    where
        r1_0.user_id=?
2026-06-08 20:27:17 INFO  JwtAuthenticationFilter:79 - ⬅️ Response: GET /api/auth/account-info - 200
2026-06-08 20:27:17 INFO  JwtAuthenticationFilter:37 - ➡️ Request: GET /api/auth/account-info
2026-06-08 20:27:17 DEBUG SQL:135 - 
    select
        ue1_0.id,
        ue1_0.activation_token,
        ue1_0.code,
        ue1_0.created_at,
        ue1_0.email,
        ue1_0.full_name,
        ue1_0.password,
        ue1_0.phone,
        ue1_0.provider,
        ue1_0.status,
        ue1_0.updated_at,
        ue1_0.user_image_url 
    from
        users ue1_0 
    where
        ue1_0.email=?
2026-06-08 20:27:17 DEBUG SQL:135 - 
    select
        r1_0.user_id,
        r1_1.id,
        r1_1.name,
        p1_0.role_id,
        p1_1.id,
        p1_1.description,
        p1_1.name 
    from
        users_roles r1_0 
    join
        roles r1_1 
            on r1_1.id=r1_0.role_id 
    left join
        roles_permissions p1_0 
            on r1_1.id=p1_0.role_id 
    left join
        permissions p1_1 
            on p1_1.id=p1_0.permission_id 
    where
        r1_0.user_id=?
2026-06-08 20:27:17 INFO  JwtAuthenticationFilter:79 - ⬅️ Response: GET /api/auth/account-info - 200
2026-06-08 20:27:17 INFO  JwtAuthenticationFilter:37 - ➡️ Request: GET /api/auth/account-info
2026-06-08 20:27:17 DEBUG SQL:135 - 
    select
        ue1_0.id,
        ue1_0.activation_token,
        ue1_0.code,
        ue1_0.created_at,
        ue1_0.email,
        ue1_0.full_name,
        ue1_0.password,
        ue1_0.phone,
        ue1_0.provider,
        ue1_0.status,
        ue1_0.updated_at,
        ue1_0.user_image_url 
    from
        users ue1_0 
    where
        ue1_0.email=?
2026-06-08 20:27:17 DEBUG SQL:135 - 
    select
        r1_0.user_id,
        r1_1.id,
        r1_1.name,
        p1_0.role_id,
        p1_1.id,
        p1_1.description,
        p1_1.name 
    from
        users_roles r1_0 
    join
        roles r1_1 
            on r1_1.id=r1_0.role_id 
    left join
        roles_permissions p1_0 
            on r1_1.id=p1_0.role_id 
    left join
        permissions p1_1 
            on p1_1.id=p1_0.permission_id 
    where
        r1_0.user_id=?
2026-06-08 20:27:17 INFO  JwtAuthenticationFilter:79 - ⬅️ Response: GET /api/auth/account-info - 200
2026-06-08 20:27:17 INFO  JwtAuthenticationFilter:37 - ➡️ Request: GET /api/admin/stocktakes
2026-06-08 20:27:17 INFO  JwtAuthenticationFilter:37 - ➡️ Request: GET /api/auth/account-info
2026-06-08 20:27:17 INFO  JwtAuthenticationFilter:37 - ➡️ Request: GET /api/admin/warehouses/dropdown
2026-06-08 20:27:17 DEBUG SQL:135 - 
    select
        ue1_0.id,
        ue1_0.activation_token,
        ue1_0.code,
        ue1_0.created_at,
        ue1_0.email,
        ue1_0.full_name,
        ue1_0.password,
        ue1_0.phone,
        ue1_0.provider,
        ue1_0.status,
        ue1_0.updated_at,
        ue1_0.user_image_url 
    from
        users ue1_0 
    where
        ue1_0.email=?
2026-06-08 20:27:17 DEBUG SQL:135 - 
    select
        ue1_0.id,
        ue1_0.activation_token,
        ue1_0.code,
        ue1_0.created_at,
        ue1_0.email,
        ue1_0.full_name,
        ue1_0.password,
        ue1_0.phone,
        ue1_0.provider,
        ue1_0.status,
        ue1_0.updated_at,
        ue1_0.user_image_url 
    from
        users ue1_0 
    where
        ue1_0.email=?
2026-06-08 20:27:17 DEBUG SQL:135 - 
    select
        ue1_0.id,
        ue1_0.activation_token,
        ue1_0.code,
        ue1_0.created_at,
        ue1_0.email,
        ue1_0.full_name,
        ue1_0.password,
        ue1_0.phone,
        ue1_0.provider,
        ue1_0.status,
        ue1_0.updated_at,
        ue1_0.user_image_url 
    from
        users ue1_0 
    where
        ue1_0.email=?
2026-06-08 20:27:17 DEBUG SQL:135 - 
    select
        r1_0.user_id,
        r1_1.id,
        r1_1.name,
        p1_0.role_id,
        p1_1.id,
        p1_1.description,
        p1_1.name 
    from
        users_roles r1_0 
    join
        roles r1_1 
            on r1_1.id=r1_0.role_id 
    left join
        roles_permissions p1_0 
            on r1_1.id=p1_0.role_id 
    left join
        permissions p1_1 
            on p1_1.id=p1_0.permission_id 
    where
        r1_0.user_id=?
2026-06-08 20:27:17 DEBUG SQL:135 - 
    select
        r1_0.user_id,
        r1_1.id,
        r1_1.name,
        p1_0.role_id,
        p1_1.id,
        p1_1.description,
        p1_1.name 
    from
        users_roles r1_0 
    join
        roles r1_1 
            on r1_1.id=r1_0.role_id 
    left join
        roles_permissions p1_0 
            on r1_1.id=p1_0.role_id 
    left join
        permissions p1_1 
            on p1_1.id=p1_0.permission_id 
    where
        r1_0.user_id=?
2026-06-08 20:27:17 DEBUG SQL:135 - 
    select
        r1_0.user_id,
        r1_1.id,
        r1_1.name,
        p1_0.role_id,
        p1_1.id,
        p1_1.description,
        p1_1.name 
    from
        users_roles r1_0 
    join
        roles r1_1 
            on r1_1.id=r1_0.role_id 
    left join
        roles_permissions p1_0 
            on r1_1.id=p1_0.role_id 
    left join
        permissions p1_1 
            on p1_1.id=p1_0.permission_id 
    where
        r1_0.user_id=?
2026-06-08 20:27:17 INFO  JwtAuthenticationFilter:79 - ⬅️ Response: GET /api/auth/account-info - 200
2026-06-08 20:27:17 DEBUG SQL:135 - 
    select
        we1_0.id,
        we1_0.address,
        we1_0.code,
        we1_0.created_at,
        we1_0.name,
        we1_0.status,
        we1_0.updated_at 
    from
        warehouses we1_0 
    where
        we1_0.status=?
2026-06-08 20:27:17 DEBUG SQL:135 - 
    select
        se1_0.id,
        se1_0.code,
        se1_0.created_at,
        se1_0.created_by,
        se1_0.note,
        se1_0.updated_at,
        se1_0.warehouse_id 
    from
        stocktakes se1_0 
    where
        1=1 
    order by
        se1_0.id desc 
    limit
        ?, ?
2026-06-08 20:27:17 DEBUG SQL:135 - 
    select
        we1_0.id,
        we1_0.address,
        we1_0.code,
        we1_0.created_at,
        we1_0.name,
        we1_0.status,
        we1_0.updated_at 
    from
        warehouses we1_0 
    where
        we1_0.id=?
2026-06-08 20:27:17 INFO  JwtAuthenticationFilter:79 - ⬅️ Response: GET /api/admin/warehouses/dropdown - 200
2026-06-08 20:27:17 DEBUG SQL:135 - 
    select
        d1_0.stocktake_id,
        d1_0.id,
        d1_0.actual_qty,
        d1_0.created_at,
        d1_0.difference,
        d1_0.material_id,
        d1_0.system_qty,
        d1_0.updated_at 
    from
        stocktake_details d1_0 
    where
        d1_0.stocktake_id=?
2026-06-08 20:27:17 DEBUG SQL:135 - 
    select
        ue1_0.id,
        ue1_0.activation_token,
        ue1_0.code,
        ue1_0.created_at,
        ue1_0.email,
        ue1_0.full_name,
        ue1_0.password,
        ue1_0.phone,
        ue1_0.provider,
        r1_0.user_id,
        r1_1.id,
        r1_1.name,
        p1_0.role_id,
        p1_1.id,
        p1_1.description,
        p1_1.name,
        ue1_0.status,
        ue1_0.updated_at,
        ue1_0.user_image_url 
    from
        users ue1_0 
    left join
        users_roles r1_0 
            on ue1_0.id=r1_0.user_id 
    left join
        roles r1_1 
            on r1_1.id=r1_0.role_id 
    left join
        roles_permissions p1_0 
            on r1_1.id=p1_0.role_id 
    left join
        permissions p1_1 
            on p1_1.id=p1_0.permission_id 
    where
        ue1_0.id=?
2026-06-08 20:27:17 DEBUG SQL:135 - 
    select
        d1_0.stocktake_id,
        d1_0.id,
        d1_0.actual_qty,
        d1_0.created_at,
        d1_0.difference,
        d1_0.material_id,
        d1_0.system_qty,
        d1_0.updated_at 
    from
        stocktake_details d1_0 
    where
        d1_0.stocktake_id=?
2026-06-08 20:27:17 INFO  JwtAuthenticationFilter:79 - ⬅️ Response: GET /api/admin/stocktakes - 200
2026-06-08 20:27:17 INFO  JwtAuthenticationFilter:37 - ➡️ Request: GET /api/admin/warehouses/dropdown
2026-06-08 20:27:17 DEBUG SQL:135 - 
    select
        ue1_0.id,
        ue1_0.activation_token,
        ue1_0.code,
        ue1_0.created_at,
        ue1_0.email,
        ue1_0.full_name,
        ue1_0.password,
        ue1_0.phone,
        ue1_0.provider,
        ue1_0.status,
        ue1_0.updated_at,
        ue1_0.user_image_url 
    from
        users ue1_0 
    where
        ue1_0.email=?
2026-06-08 20:27:17 DEBUG SQL:135 - 
    select
        r1_0.user_id,
        r1_1.id,
        r1_1.name,
        p1_0.role_id,
        p1_1.id,
        p1_1.description,
        p1_1.name 
    from
        users_roles r1_0 
    join
        roles r1_1 
            on r1_1.id=r1_0.role_id 
    left join
        roles_permissions p1_0 
            on r1_1.id=p1_0.role_id 
    left join
        permissions p1_1 
            on p1_1.id=p1_0.permission_id 
    where
        r1_0.user_id=?
2026-06-08 20:27:17 DEBUG SQL:135 - 
    select
        we1_0.id,
        we1_0.address,
        we1_0.code,
        we1_0.created_at,
        we1_0.name,
        we1_0.status,
        we1_0.updated_at 
    from
        warehouses we1_0 
    where
        we1_0.status=?
2026-06-08 20:27:17 INFO  JwtAuthenticationFilter:79 - ⬅️ Response: GET /api/admin/warehouses/dropdown - 200
2026-06-08 20:27:27 INFO  JwtAuthenticationFilter:37 - ➡️ Request: GET /api/admin/warehouses/dropdown
2026-06-08 20:27:27 DEBUG SQL:135 - 
    select
        ue1_0.id,
        ue1_0.activation_token,
        ue1_0.code,
        ue1_0.created_at,
        ue1_0.email,
        ue1_0.full_name,
        ue1_0.password,
        ue1_0.phone,
        ue1_0.provider,
        ue1_0.status,
        ue1_0.updated_at,
        ue1_0.user_image_url 
    from
        users ue1_0 
    where
        ue1_0.email=?
2026-06-08 20:27:27 DEBUG SQL:135 - 
    select
        r1_0.user_id,
        r1_1.id,
        r1_1.name,
        p1_0.role_id,
        p1_1.id,
        p1_1.description,
        p1_1.name 
    from
        users_roles r1_0 
    join
        roles r1_1 
            on r1_1.id=r1_0.role_id 
    left join
        roles_permissions p1_0 
            on r1_1.id=p1_0.role_id 
    left join
        permissions p1_1 
            on p1_1.id=p1_0.permission_id 
    where
        r1_0.user_id=?
2026-06-08 20:27:27 DEBUG SQL:135 - 
    select
        we1_0.id,
        we1_0.address,
        we1_0.code,
        we1_0.created_at,
        we1_0.name,
        we1_0.status,
        we1_0.updated_at 
    from
        warehouses we1_0 
    where
        we1_0.status=?
2026-06-08 20:27:27 INFO  JwtAuthenticationFilter:79 - ⬅️ Response: GET /api/admin/warehouses/dropdown - 200
2026-06-08 20:27:33 INFO  JwtAuthenticationFilter:37 - ➡️ Request: GET /api/admin/stocktakes/2
2026-06-08 20:27:33 DEBUG SQL:135 - 
    select
        ue1_0.id,
        ue1_0.activation_token,
        ue1_0.code,
        ue1_0.created_at,
        ue1_0.email,
        ue1_0.full_name,
        ue1_0.password,
        ue1_0.phone,
        ue1_0.provider,
        ue1_0.status,
        ue1_0.updated_at,
        ue1_0.user_image_url 
    from
        users ue1_0 
    where
        ue1_0.email=?
2026-06-08 20:27:33 DEBUG SQL:135 - 
    select
        r1_0.user_id,
        r1_1.id,
        r1_1.name,
        p1_0.role_id,
        p1_1.id,
        p1_1.description,
        p1_1.name 
    from
        users_roles r1_0 
    join
        roles r1_1 
            on r1_1.id=r1_0.role_id 
    left join
        roles_permissions p1_0 
            on r1_1.id=p1_0.role_id 
    left join
        permissions p1_1 
            on p1_1.id=p1_0.permission_id 
    where
        r1_0.user_id=?
2026-06-08 20:27:33 DEBUG SQL:135 - 
    select
        se1_0.id,
        se1_0.code,
        se1_0.created_at,
        se1_0.created_by,
        se1_0.note,
        se1_0.updated_at,
        se1_0.warehouse_id 
    from
        stocktakes se1_0 
    where
        se1_0.id=?
2026-06-08 20:27:33 DEBUG SQL:135 - 
    select
        we1_0.id,
        we1_0.address,
        we1_0.code,
        we1_0.created_at,
        we1_0.name,
        we1_0.status,
        we1_0.updated_at 
    from
        warehouses we1_0 
    where
        we1_0.id=?
2026-06-08 20:27:33 DEBUG SQL:135 - 
    select
        d1_0.stocktake_id,
        d1_0.id,
        d1_0.actual_qty,
        d1_0.created_at,
        d1_0.difference,
        d1_0.material_id,
        d1_0.system_qty,
        d1_0.updated_at 
    from
        stocktake_details d1_0 
    where
        d1_0.stocktake_id=?
2026-06-08 20:27:33 DEBUG SQL:135 - 
    select
        ue1_0.id,
        ue1_0.activation_token,
        ue1_0.code,
        ue1_0.created_at,
        ue1_0.email,
        ue1_0.full_name,
        ue1_0.password,
        ue1_0.phone,
        ue1_0.provider,
        r1_0.user_id,
        r1_1.id,
        r1_1.name,
        p1_0.role_id,
        p1_1.id,
        p1_1.description,
        p1_1.name,
        ue1_0.status,
        ue1_0.updated_at,
        ue1_0.user_image_url 
    from
        users ue1_0 
    left join
        users_roles r1_0 
            on ue1_0.id=r1_0.user_id 
    left join
        roles r1_1 
            on r1_1.id=r1_0.role_id 
    left join
        roles_permissions p1_0 
            on r1_1.id=p1_0.role_id 
    left join
        permissions p1_1 
            on p1_1.id=p1_0.permission_id 
    where
        ue1_0.id=?
2026-06-08 20:27:33 DEBUG SQL:135 - 
    select
        me1_0.id,
        me1_0.category_id,
        me1_0.code,
        me1_0.created_at,
        me1_0.low_stock_threshold,
        me1_0.name,
        me1_0.status,
        me1_0.thumbnail,
        me1_0.thumbnail_public_id,
        me1_0.unit,
        me1_0.updated_at 
    from
        materials me1_0 
    where
        me1_0.id=?
2026-06-08 20:27:33 DEBUG SQL:135 - 
    select
        me1_0.id,
        me1_0.category_id,
        me1_0.code,
        me1_0.created_at,
        me1_0.low_stock_threshold,
        me1_0.name,
        me1_0.status,
        me1_0.thumbnail,
        me1_0.thumbnail_public_id,
        me1_0.unit,
        me1_0.updated_at 
    from
        materials me1_0 
    where
        me1_0.id=?
2026-06-08 20:27:33 INFO  JwtAuthenticationFilter:79 - ⬅️ Response: GET /api/admin/stocktakes/2 - 200
2026-06-08 20:27:33 INFO  JwtAuthenticationFilter:37 - ➡️ Request: GET /api/admin/stocktakes/2
2026-06-08 20:27:33 DEBUG SQL:135 - 
    select
        ue1_0.id,
        ue1_0.activation_token,
        ue1_0.code,
        ue1_0.created_at,
        ue1_0.email,
        ue1_0.full_name,
        ue1_0.password,
        ue1_0.phone,
        ue1_0.provider,
        ue1_0.status,
        ue1_0.updated_at,
        ue1_0.user_image_url 
    from
        users ue1_0 
    where
        ue1_0.email=?
2026-06-08 20:27:33 DEBUG SQL:135 - 
    select
        r1_0.user_id,
        r1_1.id,
        r1_1.name,
        p1_0.role_id,
        p1_1.id,
        p1_1.description,
        p1_1.name 
    from
        users_roles r1_0 
    join
        roles r1_1 
            on r1_1.id=r1_0.role_id 
    left join
        roles_permissions p1_0 
            on r1_1.id=p1_0.role_id 
    left join
        permissions p1_1 
            on p1_1.id=p1_0.permission_id 
    where
        r1_0.user_id=?
2026-06-08 20:27:33 DEBUG SQL:135 - 
    select
        se1_0.id,
        se1_0.code,
        se1_0.created_at,
        se1_0.created_by,
        se1_0.note,
        se1_0.updated_at,
        se1_0.warehouse_id 
    from
        stocktakes se1_0 
    where
        se1_0.id=?
2026-06-08 20:27:33 DEBUG SQL:135 - 
    select
        we1_0.id,
        we1_0.address,
        we1_0.code,
        we1_0.created_at,
        we1_0.name,
        we1_0.status,
        we1_0.updated_at 
    from
        warehouses we1_0 
    where
        we1_0.id=?
2026-06-08 20:27:33 DEBUG SQL:135 - 
    select
        d1_0.stocktake_id,
        d1_0.id,
        d1_0.actual_qty,
        d1_0.created_at,
        d1_0.difference,
        d1_0.material_id,
        d1_0.system_qty,
        d1_0.updated_at 
    from
        stocktake_details d1_0 
    where
        d1_0.stocktake_id=?
2026-06-08 20:27:33 DEBUG SQL:135 - 
    select
        ue1_0.id,
        ue1_0.activation_token,
        ue1_0.code,
        ue1_0.created_at,
        ue1_0.email,
        ue1_0.full_name,
        ue1_0.password,
        ue1_0.phone,
        ue1_0.provider,
        r1_0.user_id,
        r1_1.id,
        r1_1.name,
        p1_0.role_id,
        p1_1.id,
        p1_1.description,
        p1_1.name,
        ue1_0.status,
        ue1_0.updated_at,
        ue1_0.user_image_url 
    from
        users ue1_0 
    left join
        users_roles r1_0 
            on ue1_0.id=r1_0.user_id 
    left join
        roles r1_1 
            on r1_1.id=r1_0.role_id 
    left join
        roles_permissions p1_0 
            on r1_1.id=p1_0.role_id 
    left join
        permissions p1_1 
            on p1_1.id=p1_0.permission_id 
    where
        ue1_0.id=?
2026-06-08 20:27:33 DEBUG SQL:135 - 
    select
        me1_0.id,
        me1_0.category_id,
        me1_0.code,
        me1_0.created_at,
        me1_0.low_stock_threshold,
        me1_0.name,
        me1_0.status,
        me1_0.thumbnail,
        me1_0.thumbnail_public_id,
        me1_0.unit,
        me1_0.updated_at 
    from
        materials me1_0 
    where
        me1_0.id=?
2026-06-08 20:27:33 DEBUG SQL:135 - 
    select
        me1_0.id,
        me1_0.category_id,
        me1_0.code,
        me1_0.created_at,
        me1_0.low_stock_threshold,
        me1_0.name,
        me1_0.status,
        me1_0.thumbnail,
        me1_0.thumbnail_public_id,
        me1_0.unit,
        me1_0.updated_at 
    from
        materials me1_0 
    where
        me1_0.id=?
2026-06-08 20:27:33 INFO  JwtAuthenticationFilter:79 - ⬅️ Response: GET /api/admin/stocktakes/2 - 200
2026-06-08 20:27:50 INFO  JwtAuthenticationFilter:37 - ➡️ Request: GET /api/auth/account-info
2026-06-08 20:27:50 DEBUG SQL:135 - 
    select
        ue1_0.id,
        ue1_0.activation_token,
        ue1_0.code,
        ue1_0.created_at,
        ue1_0.email,
        ue1_0.full_name,
        ue1_0.password,
        ue1_0.phone,
        ue1_0.provider,
        ue1_0.status,
        ue1_0.updated_at,
        ue1_0.user_image_url 
    from
        users ue1_0 
    where
        ue1_0.email=?
2026-06-08 20:27:50 DEBUG SQL:135 - 
    select
        r1_0.user_id,
        r1_1.id,
        r1_1.name,
        p1_0.role_id,
        p1_1.id,
        p1_1.description,
        p1_1.name 
    from
        users_roles r1_0 
    join
        roles r1_1 
            on r1_1.id=r1_0.role_id 
    left join
        roles_permissions p1_0 
            on r1_1.id=p1_0.role_id 
    left join
        permissions p1_1 
            on p1_1.id=p1_0.permission_id 
    where
        r1_0.user_id=?
2026-06-08 20:27:50 INFO  JwtAuthenticationFilter:79 - ⬅️ Response: GET /api/auth/account-info - 200
2026-06-08 20:27:51 INFO  JwtAuthenticationFilter:37 - ➡️ Request: GET /api/admin/stocktakes
2026-06-08 20:27:51 INFO  JwtAuthenticationFilter:37 - ➡️ Request: GET /api/auth/account-info
2026-06-08 20:27:51 INFO  JwtAuthenticationFilter:37 - ➡️ Request: GET /api/admin/warehouses/dropdown
2026-06-08 20:27:51 DEBUG SQL:135 - 
    select
        ue1_0.id,
        ue1_0.activation_token,
        ue1_0.code,
        ue1_0.created_at,
        ue1_0.email,
        ue1_0.full_name,
        ue1_0.password,
        ue1_0.phone,
        ue1_0.provider,
        ue1_0.status,
        ue1_0.updated_at,
        ue1_0.user_image_url 
    from
        users ue1_0 
    where
        ue1_0.email=?
2026-06-08 20:27:51 DEBUG SQL:135 - 
    select
        ue1_0.id,
        ue1_0.activation_token,
        ue1_0.code,
        ue1_0.created_at,
        ue1_0.email,
        ue1_0.full_name,
        ue1_0.password,
        ue1_0.phone,
        ue1_0.provider,
        ue1_0.status,
        ue1_0.updated_at,
        ue1_0.user_image_url 
    from
        users ue1_0 
    where
        ue1_0.email=?
2026-06-08 20:27:51 DEBUG SQL:135 - 
    select
        ue1_0.id,
        ue1_0.activation_token,
        ue1_0.code,
        ue1_0.created_at,
        ue1_0.email,
        ue1_0.full_name,
        ue1_0.password,
        ue1_0.phone,
        ue1_0.provider,
        ue1_0.status,
        ue1_0.updated_at,
        ue1_0.user_image_url 
    from
        users ue1_0 
    where
        ue1_0.email=?
2026-06-08 20:27:51 DEBUG SQL:135 - 
    select
        r1_0.user_id,
        r1_1.id,
        r1_1.name,
        p1_0.role_id,
        p1_1.id,
        p1_1.description,
        p1_1.name 
    from
        users_roles r1_0 
    join
        roles r1_1 
            on r1_1.id=r1_0.role_id 
    left join
        roles_permissions p1_0 
            on r1_1.id=p1_0.role_id 
    left join
        permissions p1_1 
            on p1_1.id=p1_0.permission_id 
    where
        r1_0.user_id=?
2026-06-08 20:27:51 DEBUG SQL:135 - 
    select
        r1_0.user_id,
        r1_1.id,
        r1_1.name,
        p1_0.role_id,
        p1_1.id,
        p1_1.description,
        p1_1.name 
    from
        users_roles r1_0 
    join
        roles r1_1 
            on r1_1.id=r1_0.role_id 
    left join
        roles_permissions p1_0 
            on r1_1.id=p1_0.role_id 
    left join
        permissions p1_1 
            on p1_1.id=p1_0.permission_id 
    where
        r1_0.user_id=?
2026-06-08 20:27:51 DEBUG SQL:135 - 
    select
        r1_0.user_id,
        r1_1.id,
        r1_1.name,
        p1_0.role_id,
        p1_1.id,
        p1_1.description,
        p1_1.name 
    from
        users_roles r1_0 
    join
        roles r1_1 
            on r1_1.id=r1_0.role_id 
    left join
        roles_permissions p1_0 
            on r1_1.id=p1_0.role_id 
    left join
        permissions p1_1 
            on p1_1.id=p1_0.permission_id 
    where
        r1_0.user_id=?
2026-06-08 20:27:51 INFO  JwtAuthenticationFilter:79 - ⬅️ Response: GET /api/auth/account-info - 200
2026-06-08 20:27:51 DEBUG SQL:135 - 
    select
        we1_0.id,
        we1_0.address,
        we1_0.code,
        we1_0.created_at,
        we1_0.name,
        we1_0.status,
        we1_0.updated_at 
    from
        warehouses we1_0 
    where
        we1_0.status=?
2026-06-08 20:27:51 DEBUG SQL:135 - 
    select
        se1_0.id,
        se1_0.code,
        se1_0.created_at,
        se1_0.created_by,
        se1_0.note,
        se1_0.updated_at,
        se1_0.warehouse_id 
    from
        stocktakes se1_0 
    where
        1=1 
    order by
        se1_0.id desc 
    limit
        ?, ?
2026-06-08 20:27:51 DEBUG SQL:135 - 
    select
        we1_0.id,
        we1_0.address,
        we1_0.code,
        we1_0.created_at,
        we1_0.name,
        we1_0.status,
        we1_0.updated_at 
    from
        warehouses we1_0 
    where
        we1_0.id=?
2026-06-08 20:27:51 INFO  JwtAuthenticationFilter:79 - ⬅️ Response: GET /api/admin/warehouses/dropdown - 200
2026-06-08 20:27:51 DEBUG SQL:135 - 
    select
        d1_0.stocktake_id,
        d1_0.id,
        d1_0.actual_qty,
        d1_0.created_at,
        d1_0.difference,
        d1_0.material_id,
        d1_0.system_qty,
        d1_0.updated_at 
    from
        stocktake_details d1_0 
    where
        d1_0.stocktake_id=?
2026-06-08 20:27:51 DEBUG SQL:135 - 
    select
        ue1_0.id,
        ue1_0.activation_token,
        ue1_0.code,
        ue1_0.created_at,
        ue1_0.email,
        ue1_0.full_name,
        ue1_0.password,
        ue1_0.phone,
        ue1_0.provider,
        r1_0.user_id,
        r1_1.id,
        r1_1.name,
        p1_0.role_id,
        p1_1.id,
        p1_1.description,
        p1_1.name,
        ue1_0.status,
        ue1_0.updated_at,
        ue1_0.user_image_url 
    from
        users ue1_0 
    left join
        users_roles r1_0 
            on ue1_0.id=r1_0.user_id 
    left join
        roles r1_1 
            on r1_1.id=r1_0.role_id 
    left join
        roles_permissions p1_0 
            on r1_1.id=p1_0.role_id 
    left join
        permissions p1_1 
            on p1_1.id=p1_0.permission_id 
    where
        ue1_0.id=?
2026-06-08 20:27:51 DEBUG SQL:135 - 
    select
        d1_0.stocktake_id,
        d1_0.id,
        d1_0.actual_qty,
        d1_0.created_at,
        d1_0.difference,
        d1_0.material_id,
        d1_0.system_qty,
        d1_0.updated_at 
    from
        stocktake_details d1_0 
    where
        d1_0.stocktake_id=?
2026-06-08 20:27:51 INFO  JwtAuthenticationFilter:79 - ⬅️ Response: GET /api/admin/stocktakes - 200
2026-06-08 20:27:55 INFO  JwtAuthenticationFilter:37 - ➡️ Request: GET /api/admin/stocktakes/1
2026-06-08 20:27:55 DEBUG SQL:135 - 
    select
        ue1_0.id,
        ue1_0.activation_token,
        ue1_0.code,
        ue1_0.created_at,
        ue1_0.email,
        ue1_0.full_name,
        ue1_0.password,
        ue1_0.phone,
        ue1_0.provider,
        ue1_0.status,
        ue1_0.updated_at,
        ue1_0.user_image_url 
    from
        users ue1_0 
    where
        ue1_0.email=?
2026-06-08 20:27:55 DEBUG SQL:135 - 
    select
        r1_0.user_id,
        r1_1.id,
        r1_1.name,
        p1_0.role_id,
        p1_1.id,
        p1_1.description,
        p1_1.name 
    from
        users_roles r1_0 
    join
        roles r1_1 
            on r1_1.id=r1_0.role_id 
    left join
        roles_permissions p1_0 
            on r1_1.id=p1_0.role_id 
    left join
        permissions p1_1 
            on p1_1.id=p1_0.permission_id 
    where
        r1_0.user_id=?
2026-06-08 20:27:55 DEBUG SQL:135 - 
    select
        se1_0.id,
        se1_0.code,
        se1_0.created_at,
        se1_0.created_by,
        se1_0.note,
        se1_0.updated_at,
        se1_0.warehouse_id 
    from
        stocktakes se1_0 
    where
        se1_0.id=?
2026-06-08 20:27:55 DEBUG SQL:135 - 
    select
        we1_0.id,
        we1_0.address,
        we1_0.code,
        we1_0.created_at,
        we1_0.name,
        we1_0.status,
        we1_0.updated_at 
    from
        warehouses we1_0 
    where
        we1_0.id=?
2026-06-08 20:27:55 DEBUG SQL:135 - 
    select
        d1_0.stocktake_id,
        d1_0.id,
        d1_0.actual_qty,
        d1_0.created_at,
        d1_0.difference,
        d1_0.material_id,
        d1_0.system_qty,
        d1_0.updated_at 
    from
        stocktake_details d1_0 
    where
        d1_0.stocktake_id=?
2026-06-08 20:27:55 DEBUG SQL:135 - 
    select
        ue1_0.id,
        ue1_0.activation_token,
        ue1_0.code,
        ue1_0.created_at,
        ue1_0.email,
        ue1_0.full_name,
        ue1_0.password,
        ue1_0.phone,
        ue1_0.provider,
        r1_0.user_id,
        r1_1.id,
        r1_1.name,
        p1_0.role_id,
        p1_1.id,
        p1_1.description,
        p1_1.name,
        ue1_0.status,
        ue1_0.updated_at,
        ue1_0.user_image_url 
    from
        users ue1_0 
    left join
        users_roles r1_0 
            on ue1_0.id=r1_0.user_id 
    left join
        roles r1_1 
            on r1_1.id=r1_0.role_id 
    left join
        roles_permissions p1_0 
            on r1_1.id=p1_0.role_id 
    left join
        permissions p1_1 
            on p1_1.id=p1_0.permission_id 
    where
        ue1_0.id=?
2026-06-08 20:27:55 DEBUG SQL:135 - 
    select
        me1_0.id,
        me1_0.category_id,
        me1_0.code,
        me1_0.created_at,
        me1_0.low_stock_threshold,
        me1_0.name,
        me1_0.status,
        me1_0.thumbnail,
        me1_0.thumbnail_public_id,
        me1_0.unit,
        me1_0.updated_at 
    from
        materials me1_0 
    where
        me1_0.id=?
2026-06-08 20:27:55 INFO  JwtAuthenticationFilter:79 - ⬅️ Response: GET /api/admin/stocktakes/1 - 200
2026-06-08 20:27:55 INFO  JwtAuthenticationFilter:37 - ➡️ Request: GET /api/admin/stocktakes/1
2026-06-08 20:27:55 DEBUG SQL:135 - 
    select
        ue1_0.id,
        ue1_0.activation_token,
        ue1_0.code,
        ue1_0.created_at,
        ue1_0.email,
        ue1_0.full_name,
        ue1_0.password,
        ue1_0.phone,
        ue1_0.provider,
        ue1_0.status,
        ue1_0.updated_at,
        ue1_0.user_image_url 
    from
        users ue1_0 
    where
        ue1_0.email=?
2026-06-08 20:27:55 DEBUG SQL:135 - 
    select
        r1_0.user_id,
        r1_1.id,
        r1_1.name,
        p1_0.role_id,
        p1_1.id,
        p1_1.description,
        p1_1.name 
    from
        users_roles r1_0 
    join
        roles r1_1 
            on r1_1.id=r1_0.role_id 
    left join
        roles_permissions p1_0 
            on r1_1.id=p1_0.role_id 
    left join
        permissions p1_1 
            on p1_1.id=p1_0.permission_id 
    where
        r1_0.user_id=?
2026-06-08 20:27:55 DEBUG SQL:135 - 
    select
        se1_0.id,
        se1_0.code,
        se1_0.created_at,
        se1_0.created_by,
        se1_0.note,
        se1_0.updated_at,
        se1_0.warehouse_id 
    from
        stocktakes se1_0 
    where
        se1_0.id=?
2026-06-08 20:27:55 DEBUG SQL:135 - 
    select
        we1_0.id,
        we1_0.address,
        we1_0.code,
        we1_0.created_at,
        we1_0.name,
        we1_0.status,
        we1_0.updated_at 
    from
        warehouses we1_0 
    where
        we1_0.id=?
2026-06-08 20:27:55 DEBUG SQL:135 - 
    select
        d1_0.stocktake_id,
        d1_0.id,
        d1_0.actual_qty,
        d1_0.created_at,
        d1_0.difference,
        d1_0.material_id,
        d1_0.system_qty,
        d1_0.updated_at 
    from
        stocktake_details d1_0 
    where
        d1_0.stocktake_id=?
2026-06-08 20:27:55 DEBUG SQL:135 - 
    select
        ue1_0.id,
        ue1_0.activation_token,
        ue1_0.code,
        ue1_0.created_at,
        ue1_0.email,
        ue1_0.full_name,
        ue1_0.password,
        ue1_0.phone,
        ue1_0.provider,
        r1_0.user_id,
        r1_1.id,
        r1_1.name,
        p1_0.role_id,
        p1_1.id,
        p1_1.description,
        p1_1.name,
        ue1_0.status,
        ue1_0.updated_at,
        ue1_0.user_image_url 
    from
        users ue1_0 
    left join
        users_roles r1_0 
            on ue1_0.id=r1_0.user_id 
    left join
        roles r1_1 
            on r1_1.id=r1_0.role_id 
    left join
        roles_permissions p1_0 
            on r1_1.id=p1_0.role_id 
    left join
        permissions p1_1 
            on p1_1.id=p1_0.permission_id 
    where
        ue1_0.id=?
2026-06-08 20:27:55 DEBUG SQL:135 - 
    select
        me1_0.id,
        me1_0.category_id,
        me1_0.code,
        me1_0.created_at,
        me1_0.low_stock_threshold,
        me1_0.name,
        me1_0.status,
        me1_0.thumbnail,
        me1_0.thumbnail_public_id,
        me1_0.unit,
        me1_0.updated_at 
    from
        materials me1_0 
    where
        me1_0.id=?
2026-06-08 20:27:55 INFO  JwtAuthenticationFilter:79 - ⬅️ Response: GET /api/admin/stocktakes/1 - 200
2026-06-08 20:28:13 INFO  JwtAuthenticationFilter:37 - ➡️ Request: GET /api/admin/warehouses
2026-06-08 20:28:13 DEBUG SQL:135 - 
    select
        ue1_0.id,
        ue1_0.activation_token,
        ue1_0.code,
        ue1_0.created_at,
        ue1_0.email,
        ue1_0.full_name,
        ue1_0.password,
        ue1_0.phone,
        ue1_0.provider,
        ue1_0.status,
        ue1_0.updated_at,
        ue1_0.user_image_url 
    from
        users ue1_0 
    where
        ue1_0.email=?
2026-06-08 20:28:13 DEBUG SQL:135 - 
    select
        r1_0.user_id,
        r1_1.id,
        r1_1.name,
        p1_0.role_id,
        p1_1.id,
        p1_1.description,
        p1_1.name 
    from
        users_roles r1_0 
    join
        roles r1_1 
            on r1_1.id=r1_0.role_id 
    left join
        roles_permissions p1_0 
            on r1_1.id=p1_0.role_id 
    left join
        permissions p1_1 
            on p1_1.id=p1_0.permission_id 
    where
        r1_0.user_id=?
2026-06-08 20:28:13 DEBUG SQL:135 - 
    select
        we1_0.id,
        we1_0.address,
        we1_0.code,
        we1_0.created_at,
        we1_0.name,
        we1_0.status,
        we1_0.updated_at 
    from
        warehouses we1_0 
    where
        we1_0.status<>? 
    order by
        we1_0.id desc 
    limit
        ?, ?
2026-06-08 20:28:13 DEBUG SQL:135 - 
    select
        mie1_0.warehouse_id,
        count(distinct mie1_0.material_id) 
    from
        material_inventories mie1_0 
    join
        materials m1_0 
            on m1_0.id=mie1_0.material_id 
    where
        mie1_0.warehouse_id in (?) 
        and m1_0.status<>'DELETED' 
        and (
            mie1_0.on_hand>0 
            or mie1_0.reserved>0
        ) 
    group by
        mie1_0.warehouse_id
2026-06-08 20:28:13 INFO  JwtAuthenticationFilter:79 - ⬅️ Response: GET /api/admin/warehouses - 200
2026-06-08 20:28:23 INFO  JwtAuthenticationFilter:37 - ➡️ Request: DELETE /api/admin/warehouses/1
2026-06-08 20:28:23 DEBUG SQL:135 - 
    select
        ue1_0.id,
        ue1_0.activation_token,
        ue1_0.code,
        ue1_0.created_at,
        ue1_0.email,
        ue1_0.full_name,
        ue1_0.password,
        ue1_0.phone,
        ue1_0.provider,
        ue1_0.status,
        ue1_0.updated_at,
        ue1_0.user_image_url 
    from
        users ue1_0 
    where
        ue1_0.email=?
2026-06-08 20:28:23 DEBUG SQL:135 - 
    select
        r1_0.user_id,
        r1_1.id,
        r1_1.name,
        p1_0.role_id,
        p1_1.id,
        p1_1.description,
        p1_1.name 
    from
        users_roles r1_0 
    join
        roles r1_1 
            on r1_1.id=r1_0.role_id 
    left join
        roles_permissions p1_0 
            on r1_1.id=p1_0.role_id 
    left join
        permissions p1_1 
            on p1_1.id=p1_0.permission_id 
    where
        r1_0.user_id=?
2026-06-08 20:28:23 DEBUG SQL:135 - 
    select
        we1_0.id,
        we1_0.address,
        we1_0.code,
        we1_0.created_at,
        we1_0.name,
        we1_0.status,
        we1_0.updated_at 
    from
        warehouses we1_0 
    where
        we1_0.id=?
2026-06-08 20:28:23 DEBUG SQL:135 - 
    select
        mie1_0.id,
        mie1_0.cost_price,
        mie1_0.created_at,
        mie1_0.material_id,
        mie1_0.on_hand,
        mie1_0.reserved,
        mie1_0.updated_at,
        mie1_0.version,
        mie1_0.warehouse_id 
    from
        material_inventories mie1_0 
    where
        mie1_0.warehouse_id=? 
        and (
            mie1_0.on_hand>? 
            or mie1_0.reserved>?
        )
2026-06-08 20:28:23 INFO  JwtAuthenticationFilter:79 - ⬅️ Response: DELETE /api/admin/warehouses/1 - 400
2026-06-08 20:28:23 INFO  JwtAuthenticationFilter:37 - ➡️ Request: GET /api/admin/warehouses
2026-06-08 20:28:23 DEBUG SQL:135 - 
    select
        ue1_0.id,
        ue1_0.activation_token,
        ue1_0.code,
        ue1_0.created_at,
        ue1_0.email,
        ue1_0.full_name,
        ue1_0.password,
        ue1_0.phone,
        ue1_0.provider,
        ue1_0.status,
        ue1_0.updated_at,
        ue1_0.user_image_url 
    from
        users ue1_0 
    where
        ue1_0.email=?
2026-06-08 20:28:23 DEBUG SQL:135 - 
    select
        r1_0.user_id,
        r1_1.id,
        r1_1.name,
        p1_0.role_id,
        p1_1.id,
        p1_1.description,
        p1_1.name 
    from
        users_roles r1_0 
    join
        roles r1_1 
            on r1_1.id=r1_0.role_id 
    left join
        roles_permissions p1_0 
            on r1_1.id=p1_0.role_id 
    left join
        permissions p1_1 
            on p1_1.id=p1_0.permission_id 
    where
        r1_0.user_id=?
2026-06-08 20:28:23 DEBUG SQL:135 - 
    select
        we1_0.id,
        we1_0.address,
        we1_0.code,
        we1_0.created_at,
        we1_0.name,
        we1_0.status,
        we1_0.updated_at 
    from
        warehouses we1_0 
    where
        we1_0.status<>? 
    order by
        we1_0.id desc 
    limit
        ?, ?
2026-06-08 20:28:23 DEBUG SQL:135 - 
    select
        mie1_0.warehouse_id,
        count(distinct mie1_0.material_id) 
    from
        material_inventories mie1_0 
    join
        materials m1_0 
            on m1_0.id=mie1_0.material_id 
    where
        mie1_0.warehouse_id in (?) 
        and m1_0.status<>'DELETED' 
        and (
            mie1_0.on_hand>0 
            or mie1_0.reserved>0
        ) 
    group by
        mie1_0.warehouse_id
2026-06-08 20:28:23 INFO  JwtAuthenticationFilter:79 - ⬅️ Response: GET /api/admin/warehouses - 200
2026-06-08 20:28:36 INFO  JwtAuthenticationFilter:37 - ➡️ Request: GET /api/admin/warehouses/dropdown
2026-06-08 20:28:36 INFO  JwtAuthenticationFilter:37 - ➡️ Request: GET /api/admin/stocktakes
2026-06-08 20:28:36 DEBUG SQL:135 - 
    select
        ue1_0.id,
        ue1_0.activation_token,
        ue1_0.code,
        ue1_0.created_at,
        ue1_0.email,
        ue1_0.full_name,
        ue1_0.password,
        ue1_0.phone,
        ue1_0.provider,
        ue1_0.status,
        ue1_0.updated_at,
        ue1_0.user_image_url 
    from
        users ue1_0 
    where
        ue1_0.email=?
2026-06-08 20:28:36 DEBUG SQL:135 - 
    select
        ue1_0.id,
        ue1_0.activation_token,
        ue1_0.code,
        ue1_0.created_at,
        ue1_0.email,
        ue1_0.full_name,
        ue1_0.password,
        ue1_0.phone,
        ue1_0.provider,
        ue1_0.status,
        ue1_0.updated_at,
        ue1_0.user_image_url 
    from
        users ue1_0 
    where
        ue1_0.email=?
2026-06-08 20:28:36 DEBUG SQL:135 - 
    select
        r1_0.user_id,
        r1_1.id,
        r1_1.name,
        p1_0.role_id,
        p1_1.id,
        p1_1.description,
        p1_1.name 
    from
        users_roles r1_0 
    join
        roles r1_1 
            on r1_1.id=r1_0.role_id 
    left join
        roles_permissions p1_0 
            on r1_1.id=p1_0.role_id 
    left join
        permissions p1_1 
            on p1_1.id=p1_0.permission_id 
    where
        r1_0.user_id=?
2026-06-08 20:28:36 DEBUG SQL:135 - 
    select
        r1_0.user_id,
        r1_1.id,
        r1_1.name,
        p1_0.role_id,
        p1_1.id,
        p1_1.description,
        p1_1.name 
    from
        users_roles r1_0 
    join
        roles r1_1 
            on r1_1.id=r1_0.role_id 
    left join
        roles_permissions p1_0 
            on r1_1.id=p1_0.role_id 
    left join
        permissions p1_1 
            on p1_1.id=p1_0.permission_id 
    where
        r1_0.user_id=?
2026-06-08 20:28:36 DEBUG SQL:135 - 
    select
        we1_0.id,
        we1_0.address,
        we1_0.code,
        we1_0.created_at,
        we1_0.name,
        we1_0.status,
        we1_0.updated_at 
    from
        warehouses we1_0 
    where
        we1_0.status=?
2026-06-08 20:28:36 DEBUG SQL:135 - 
    select
        se1_0.id,
        se1_0.code,
        se1_0.created_at,
        se1_0.created_by,
        se1_0.note,
        se1_0.updated_at,
        se1_0.warehouse_id 
    from
        stocktakes se1_0 
    where
        1=1 
    order by
        se1_0.id desc 
    limit
        ?, ?
2026-06-08 20:28:36 DEBUG SQL:135 - 
    select
        we1_0.id,
        we1_0.address,
        we1_0.code,
        we1_0.created_at,
        we1_0.name,
        we1_0.status,
        we1_0.updated_at 
    from
        warehouses we1_0 
    where
        we1_0.id=?
2026-06-08 20:28:36 INFO  JwtAuthenticationFilter:79 - ⬅️ Response: GET /api/admin/warehouses/dropdown - 200
2026-06-08 20:28:36 DEBUG SQL:135 - 
    select
        d1_0.stocktake_id,
        d1_0.id,
        d1_0.actual_qty,
        d1_0.created_at,
        d1_0.difference,
        d1_0.material_id,
        d1_0.system_qty,
        d1_0.updated_at 
    from
        stocktake_details d1_0 
    where
        d1_0.stocktake_id=?
2026-06-08 20:28:36 DEBUG SQL:135 - 
    select
        ue1_0.id,
        ue1_0.activation_token,
        ue1_0.code,
        ue1_0.created_at,
        ue1_0.email,
        ue1_0.full_name,
        ue1_0.password,
        ue1_0.phone,
        ue1_0.provider,
        r1_0.user_id,
        r1_1.id,
        r1_1.name,
        p1_0.role_id,
        p1_1.id,
        p1_1.description,
        p1_1.name,
        ue1_0.status,
        ue1_0.updated_at,
        ue1_0.user_image_url 
    from
        users ue1_0 
    left join
        users_roles r1_0 
            on ue1_0.id=r1_0.user_id 
    left join
        roles r1_1 
            on r1_1.id=r1_0.role_id 
    left join
        roles_permissions p1_0 
            on r1_1.id=p1_0.role_id 
    left join
        permissions p1_1 
            on p1_1.id=p1_0.permission_id 
    where
        ue1_0.id=?
2026-06-08 20:28:36 DEBUG SQL:135 - 
    select
        d1_0.stocktake_id,
        d1_0.id,
        d1_0.actual_qty,
        d1_0.created_at,
        d1_0.difference,
        d1_0.material_id,
        d1_0.system_qty,
        d1_0.updated_at 
    from
        stocktake_details d1_0 
    where
        d1_0.stocktake_id=?
2026-06-08 20:28:36 INFO  JwtAuthenticationFilter:79 - ⬅️ Response: GET /api/admin/stocktakes - 200
